Istanbul	41.0138	28.9497	15701602	Istanbul	TR
Baghdad	33.3406	44.4009	7216000	Baghdad	IQ
Ankara	39.9199	32.8543	3517182	Ankara	TR
Bursa	40.1956	29.0601	3101833	Bursa Province	TR
İzmir	38.4127	27.1384	2938292	İzmir Province	TR
Gaziantep	37.0594	37.3825	2222415	Gaziantep	TR
Aleppo	36.2012	37.1612	2098210	Aleppo	SY
Al Mawşil al Jadīdah	36.3327	43.1056	2065597	Nineveh	IQ
Beirut	33.8933	35.5016	1916100	Beirut	LB
Bucharest	44.4323	26.1063	1877155	Bucharest	RO
Diyarbakır	37.9136	40.2172	1833684	Diyarbakır Province	TR
Adana	36.9862	35.3253	1816750	Adana	TR
Budapest	47.4984	19.0404	1741041	Budapest	HU
Mosul	36.3350	43.1189	1683000	Nineveh	IQ
Erbil	36.1912	44.0094	1612700	Erbil	IQ
Damascus	33.5102	36.2913	1569394	Damascus Governorate	SY
Kayseri	38.7322	35.4853	1452458	Kayseri	TR
Konya	37.8713	32.4846	1433861	Konya	TR
Tabriz	38.0800	46.2919	1424641	East Azerbaijan	IR
Antalya	36.9081	30.6956	1335002	Antalya	TR
Belgrade	44.8040	20.4651	1273651	Central Serbia	RS
Ra’s Bayrūt	33.9000	35.4833	1251739	Beirut	LB
Karbala	32.6160	44.0249	1218732	Karbala	IQ
Sadr City	33.3889	44.4583	1211849	Baghdad	IQ
Sofia	42.6975	23.3241	1152556	Sofia-Capital	BG
Yerevan	40.1776	44.5126	1144700	Yerevan	AM
Rostov-on-Don	47.2200	39.7077	1130305	Rostov	RU
Tbilisi	41.6914	44.8341	1049498	Tbilisi	GE
Kirkuk	35.4681	44.3922	1031000	Kirkuk	IQ
Odesa	46.4857	30.7438	1010537	Odesa	UA
Pest	47.5000	19.0833	1001748	Budapest	HU
Esenyurt	41.0270	28.6773	983571	Istanbul	TR
Eskişehir	39.7767	30.5206	921630	Eskişehir	TR
Abū Ghurayb	33.3056	44.1848	900000	Baghdad	IQ
Krasnodar	45.0453	38.9818	899541	Krasnodar Krai	RU
Sulaymaniyah	35.5650	45.4329	878146	Sulaymaniyah	IQ
Zarqa	32.0727	36.0880	792665	Zarqa	JO
Çankaya	39.9179	32.8627	792189	Ankara	TR
Küçükçekmece	40.9910	28.7712	792030	Istanbul	TR
Homs	34.7240	36.7256	775404	Homs	SY
Erzurum	39.9086	41.2769	767848	Erzurum	TR
Benghazi	32.1149	20.0686	757490	Banghazi	LY
Malatya	38.3502	38.3167	750491	Malatya	TR
Bağcılar	41.0390	28.8567	740069	Istanbul	TR
Zaporizhzhya	47.8517	35.1171	710052	Zaporizhzhia	UA
Latakia	35.5312	35.7909	709000	Latakia	SY
Sarajevo	43.8486	18.3564	696731	Federation of B&H	BA
Athens	37.9838	23.7278	664046	Attica	GR
Chisinau	47.0090	28.8594	635994	Chișinău Municipality	MD
Kermanshah	34.3142	47.0650	621100	Kermanshah Province	IR
Kryvyy Rih	47.9057	33.3940	603904	Dnipropetrovsk	UA
Makhachkala	42.9778	47.5003	596356	Dagestan	RU
Orūmīyeh	37.5527	45.0761	577307	West Azerbaijan	IR
Bahçelievler	41.0023	28.8598	576799	Istanbul	TR
Umraniye	41.0164	29.1248	573265	Istanbul	TR
Irbid	32.5556	35.8500	569068	Irbid	JO
Pristina	42.6727	21.1669	550000	Pristina	XK
Sevastopol	44.6080	33.5213	547820	Sevastopol City	UA
Mersin	36.8120	34.6389	537842	Mersin	TR
Nilüfer	40.2140	28.9157	536365	Bursa Province	TR
Ar Raqqah	35.9528	39.0079	531952	Raqqa	SY
Van	38.4946	43.3832	525016	Van	TR
Üsküdar	41.0227	29.0137	524452	Istanbul	TR
Esenler	41.0435	28.8762	520235	Istanbul	TR
Buda	47.5000	19.0333	510108	Budapest	HU
Sancaktepe	41.0024	29.2319	489848	Istanbul	TR
Najaf	32.0259	44.3462	482576	Najaf	IQ
Karabağlar	38.3820	27.1320	479338	İzmir Province	TR
Skopje	41.9965	21.4314	474889	Grad Skopje	MK
Mykolayiv	46.9763	31.9930	470011	Mykolaiv	UA
Ḩamāh	35.1318	36.7578	460602	Hama	SY
Ţarţūs	34.8890	35.8866	458327	Tartus	SY
Al Hillah	32.4637	44.4196	455700	Babil	IQ
Batman	37.8874	41.1322	452157	Batman	TR
Muratpaşa	36.8916	30.7650	450000	Antalya	TR
Şanlıurfa	37.1671	38.7939	449549	Şanlıurfa	TR
Elazığ	38.6743	39.2232	443363	Elazığ	TR
Sultangazi	41.1065	28.8685	436935	Istanbul	TR
Stavropol	45.0344	41.9642	433931	Stavropol Kray	RU
Tel Aviv	32.0809	34.7806	432892	Tel Aviv	IL
Maltepe	40.9357	29.1551	427040	Istanbul	TR
Al Ḩasakah	36.5024	40.7477	422445	Al-Hasakah	SY
Tirana	41.3274	19.8187	418495	Tirana	AL
Beylikdüzü	40.9820	28.6399	415290	Istanbul	TR
Antakya	36.2066	36.1572	399045	Hatay	TR
Samsun	41.2798	36.3361	394050	Samsun	TR
Sector 3	44.4234	26.1687	385439	Bucharest	RO
Kahramanmaraş	37.5847	36.9264	384953	Kahramanmaraş	TR
Iaşi	47.1667	27.6000	378954	Iași County	RO
Uşak	38.6735	29.4058	369433	Uşak	TR
Sector 6	44.4358	26.0165	367760	Bucharest	RO
Alanya	36.5438	31.9998	364180	Antalya	TR
Ataşehir	40.9833	29.1167	361615	Istanbul	TR
Sultanbeyli	40.9607	29.2707	358201	Istanbul	TR
Fatih	41.0225	28.9408	356025	Istanbul	TR
Pravyi Bereh	47.1150	37.5852	352088	Donetsk	UA
Tarsus	36.9177	34.8928	350732	Mersin	TR
Al Maḩmūdīyah	33.0622	44.3656	350000	Baghdad	IQ
Sanandaj	35.3150	46.9988	349176	Kurdistan Province	IR
Dihok	36.8661	42.9879	340900	Duhok	IQ
Karşıyaka	38.4577	27.1142	339624	İzmir Province	TR
Simferopol	44.9572	34.1108	336460	Crimea	UA
Konak	38.4000	27.1000	332277	İzmir Province	TR
Ganja	40.6816	46.3613	330663	Gǝncǝ	AZ
Plovdiv	42.1539	24.7500	329489	Plovdiv	BG
Sochi	43.5970	39.7248	327608	Krasnodar Krai	RU
Aksaray	38.3725	34.0254	327575	Aksaray	TR
Varna	43.2191	27.9102	318737	Varna	BG
Constanţa	44.1807	28.6343	317832	Constanța County	RO
Thessaloníki	40.6407	22.9349	317778	Central Macedonia	GR
Al-Kut	32.5128	45.8182	315162	Wasit	IQ
Şişli	41.0605	28.9872	314684	Istanbul	TR
Denizli	37.7742	29.0875	313238	Denizli	TR
Vladikavkaz	43.0410	44.6699	306258	North Ossetia–Alania	RU
Batikent	39.9683	32.7308	300000	Ankara	TR
Grozny	43.3120	45.6889	297137	Chechnya	RU
Adıyaman	37.7644	38.2763	290883	Adıyaman Province	TR
Sector 2	44.4528	26.1332	290507	Bucharest	RO
Sector 4	44.3757	26.1209	287828	Bucharest	RO
Adapazarı	40.7806	30.4033	286787	Sakarya	TR
Cluj-Napoca	46.7667	23.6000	286598	Cluj County	RO
Haifa	32.8130	34.9993	285316	Haifa	IL
Gebze	40.8028	29.4307	281436	Kocaeli	TR
Zeytinburnu	40.9944	28.9042	280896	Istanbul	TR
Merkezefendi	37.8054	29.0424	280341	Denizli	TR
Taganrog	47.2363	38.9053	279056	Rostov	RU
Deir ez-Zor	35.3359	40.1408	271800	Deir ez-Zor	SY
Sector 5	44.3881	26.0714	271575	Bucharest	RO
Çorum	40.5489	34.9533	269595	Çorum	TR
Russeifa	32.0178	36.0464	268237	Zarqa	JO
Sivas	39.7483	37.0161	264022	Sivas	TR
Marāgheh	37.3921	46.2391	262604	East Azerbaijan	IR
Petaẖ Tiqva	32.0871	34.8875	253529	Central District	IL
Braşov	45.6486	25.6061	253200	Brașov County	RO
Afyonkarahisar	38.7567	30.5433	251799	Afyonkarahisar Province	TR
İskenderun	36.5872	36.1735	251682	Hatay	TR
Timişoara	45.7537	21.2257	250849	Timiș County	RO
Kelar	34.6281	45.3185	250000	Sulaymaniyah	IQ
Niš	43.3247	21.9033	250000	Central Serbia	RS
Trabzon	41.0050	39.7269	244083	Trabzon	TR
Manisa	38.6120	27.4265	243971	Manisa	TR
Novorossiysk	44.7319	37.7618	241856	Krasnodar Krai	RU
Nalchik	43.4981	43.6189	239300	Kabardino-Balkariya Republic	RU
Balıkesir	39.6492	27.8861	238151	Balıkesir	TR
Podgorica	42.4412	19.2631	236852	Podgorica	ME
Craiova	44.3167	23.8000	234140	Dolj	RO
Mariupol	47.0951	37.5413	230000	Donetsk	UA
Tripoli	34.4335	35.8441	229398	North Lebanon	LB
Ordu	40.9778	37.8905	229214	Ordu	TR
Netanya	32.3329	34.8592	228204	Central District	IL
Sector 1	44.4924	26.0483	225453	Bucharest	RO
Ramadi	33.4206	43.3078	223500	Anbar	IQ
Shakhty	47.7192	40.2160	221312	Rostov	RU
Galaţi	45.4369	28.0503	217851	Galați County	RO
Novi Sad	45.2517	19.8369	215400	Vojvodina	RS
Bnei Brak	32.0807	34.8338	214444	Tel Aviv	IL
Çiğli	38.4965	27.0703	214065	İzmir Province	TR
Târgu Mureş	46.5425	24.5575	212752	Mureș County	RO
Burgas	42.5065	27.4689	210646	Burgas	BG
Novi Beograd	44.8056	20.4242	209763	Central Serbia	RS
Osmaniye	37.0742	36.2478	202837	Osmaniye	TR
Çorlu	41.1607	27.8009	202578	Tekirdağ	TR
Debrecen	47.5317	21.6244	202402	Hajdú-Bihar	HU
Nicosia	35.1728	33.3540	200452	Nicosia	CY
Armavir	44.9985	41.1147	199548	Krasnodar Krai	RU
Khūy	38.5503	44.9521	198845	West Azerbaijan	IR
Arnavutköy	41.1835	28.7402	198165	Istanbul	TR
İzmit	40.7650	29.9293	196571	Kocaeli	TR
H̱olon	32.0103	34.7792	196282	Tel Aviv	IL
Durrës	41.3235	19.4547	195920	Durrës County	AL
Düzce	40.8389	31.1639	194097	Düzce	TR
Başakşehir	41.1060	28.7910	193750	Istanbul	TR
Būkān	36.5210	46.2089	193501	West Azerbaijan	IR
Al Fallūjah	33.3491	43.7860	190159	Anbar	IQ
Kırıkkale	39.8453	33.5064	186960	Kırıkkale	TR
Batumi	41.6408	41.6306	186949	Adjara	GE
Kütahya	39.4242	29.9833	185008	Kütahya	TR
Bolu	40.7358	31.6061	184682	Bolu	TR
Al Qāmishlī	37.0521	41.2314	184231	Al-Hasakah	SY
Oradea	47.0458	21.9183	183105	Bihor County	RO
Ploieşti	44.9500	26.0167	180540	Prahova	RO
Edirne	41.6772	26.5560	180002	Edirne	TR
Tsentralnyi	47.0983	37.5484	179582	Donetsk	UA
Karaman	37.1811	33.2150	175390	Karaman	TR
Siverek	37.7550	39.3167	175341	Şanlıurfa	TR
Khānaqīn	34.3482	45.3907	175000	Diyala	IQ
Bayjī	34.9291	43.4888	173677	Salah ad Din	IQ
Isparta	37.7644	30.5522	172334	Isparta	TR
Prizren	42.2139	20.7397	171464	Prizren	XK
Ramat Gan	32.0823	34.8107	170822	Tel Aviv	IL
Arad	46.1833	21.3167	169065	Arad County	RO
Piranshahr	36.7010	45.1413	168393	West Azerbaijan	IR
Mahābād	36.7631	45.7222	168393	West Azerbaijan	IR
Pátra	38.2462	21.7351	168034	West Greece	GR
Rutchenkivskyi	47.9760	37.6968	168029	Donetsk	UA
Volgodonsk	47.5114	42.1527	167731	Rostov	RU
Novocherkassk	47.4222	40.0937	166974	Rostov	RU
Saqqez	36.2499	46.2735	165258	Kurdistan Province	IR
Gölbaşı	39.7904	32.8090	165201	Ankara	TR
Nazran	43.2260	44.7732	164131	Ingushetiya Republic	RU
Piraeus	37.9420	23.6462	163688	Attica	GR
Sidon	33.5575	35.3715	163554	South Governorate	LB
Büyükçekmece	41.0207	28.5850	163140	Istanbul	TR
Aydın	37.8450	27.8396	163022	Aydın	TR
Szeged	46.2530	20.1482	160766	Csongrád	HU
Ash Sharqāt	35.5172	43.2281	160000	Salah ad Din	IQ
Sāmarrā’	34.1959	43.8857	158508	Salah ad Din	IQ
Tiraspol	46.8428	29.6284	157000	Transnistria	MD
Ereğli	37.5133	34.0467	156253	Konya	TR
Al Miqdādīyah	33.9786	44.9369	155968	Diyala	IQ
Ar Ramthā	32.5587	36.0082	155693	Irbid	JO
Zemun	44.8458	20.4012	155591	Central Serbia	RS
Brăila	45.2715	27.9743	154686	Brăila County	RO
Viranşehir	37.2235	39.7552	154163	Şanlıurfa	TR
Limassol	34.6841	33.0379	154000	Limassol	CY
Baqubah	33.7540	44.6052	152550	Diyala	IQ
Sumayl	36.8582	42.8482	152512	Duhok	IQ
Simele	36.8583	42.8501	152512	Duhok	IQ
Ṣuwayliḥ	32.0221	35.8439	151016	Balqa	JO
Erzincan	39.7392	39.4901	150714	Erzincan	TR
Kırşehir	39.1458	34.1639	150700	Kırşehir	TR
Malatia-Sebastia	40.1740	44.4457	150500	Yerevan	AM
Kızıltepe	37.1884	40.5772	150174	Mardin	TR
Kerch	45.3567	36.4754	148932	Crimea	UA
Melitopol	46.8473	35.3820	148851	Zaporizhzhia	UA
Xebat	36.2780	43.6707	148047	Erbil	IQ
Kragujevac	44.0167	20.9167	147473	Central Serbia	RS
Lárisa	39.6285	22.4211	146926	Thessaly	GR
Khasnahzān	36.2009	44.1424	146639	Erbil	IQ
Pécs	46.0762	18.2281	145347	Baranya	HU
Çanakkale	40.1555	26.4127	143622	Canakkale	TR
Pyatigorsk	44.0500	43.0504	142865	Stavropol Kray	RU
Tuzla	44.5384	18.6671	142486	Federation of B&H	BA
Maykop	44.6079	40.1024	141970	Adygeya Republic	RU
Tobruk	32.0896	23.9538	141499	Al Butnan	LY
Piteşti	44.8500	24.8667	141275	Arges	RO
Īlām	33.6374	46.4227	140940	Ilam Province	IR
Qeładizê	36.1825	45.1302	140688	Sulaymaniyah	IQ
Shengavit	40.1557	44.4779	140600	Yerevan	AM
Peristéri	38.0154	23.6919	139981	Attica	GR
Al Hindīyah	32.5419	44.2247	139578	Karbala	IQ
Budapest XI. kerület	47.4760	19.0360	139049	Budapest	HU
Nor Nork	40.1966	44.5669	137300	Yerevan	AM
Irákleion	35.3279	25.1434	137154	Crete	GR
Marīvān	35.5183	46.1830	136654	Kurdistan Province	IR
Bacău	46.5672	26.9138	136087	Bacău County	RO
Tyre	33.2733	35.1939	135204	South Governorate	LB
Kutaisi	42.2679	42.6946	135201	Imereti	GE
Mīāndoāb	36.9667	46.1096	134425	West Azerbaijan	IR
Nevinnomyssk	44.6333	41.9444	134345	Stavropol Kray	RU
Sibiu	45.8000	24.1500	134309	Sibiu County	RO
Cizre	37.3302	42.1848	134041	Şırnak	TR
İnegol	40.0781	29.5133	133959	Bursa Province	TR
Kentron	40.1781	44.5130	133000	Yerevan	AM
Kislovodsk	43.9133	42.7208	132771	Stavropol Kray	RU
Silifke	36.3778	33.9344	132665	Mersin	TR
Al Bāb	36.3705	37.5157	130745	Aleppo	SY
Baḥarkah	36.3156	44.0353	130518	Erbil	IQ
Nablus	32.2211	35.2544	130326	West Bank	PS
Zugló	47.5176	19.1055	130000	Budapest	HU
Aley	33.8053	35.6000	130000	Mount Lebanon	LB
Mardin	37.3131	40.7436	129864	Mardin	TR
Tokat	40.3139	36.5544	129702	Tokat Province	TR
Erebuni	40.1331	44.5301	129700	Yerevan	AM
Al Bayḑā’	32.7627	21.7551	129439	Al Jabal al Akhdar	LY
Bat Yam	32.0238	34.7518	129012	Tel Aviv	IL
Bingöl	38.8847	40.4939	128935	Bingöl	TR
Idlib	35.9306	36.6339	128840	Idlib	SY
Sīnah	36.8085	43.0393	128776	Duhok	IQ
Rustavi	41.5627	44.9787	128249	Kvemo Kartli	GE
Yevlakh	40.6183	47.1501	127400	Yevlax City	AZ
Khasavyurt	43.2487	46.5857	126829	Dagestan	RU
Giresun	40.9170	38.3874	125682	Giresun	TR
Kastamonu	41.3781	33.7753	125622	Kastamonu	TR
‘Ajlūn	32.3333	35.7528	125557	Ajloun	JO
Derince	40.7569	29.8147	125485	Kocaeli	TR
Karabük	41.2049	32.6277	125403	Karabük Province	TR
Bălţi	47.7629	27.9285	125000	Bălţi	MD
Ağrı	39.7147	43.0401	124483	Ağrı	TR
Marand	38.4329	45.7749	124191	East Azerbaijan	IR
Budapest III. kerület	47.5416	19.0450	123723	Budapest	HU
Samandağ	36.0801	35.9760	123447	Hatay	TR
Ajapnyak	40.1992	44.4706	122800	Yerevan	AM
Cherkessk	44.2238	42.0462	122395	Karachayevo-Cherkesiya Republic	RU
Tekirdağ	40.9781	27.5110	122287	Tekirdağ	TR
Livoberezhnyi	47.1093	37.6431	122175	Donetsk	UA
Stara Zagora	42.4320	25.6426	121582	Stara Zagora	BG
Ruse	43.8487	25.9534	121168	Ruse	BG
Ţūz Khūrmātū	34.8881	44.6326	120712	Salah ad Din	IQ
Nabatîyé et Tahta	33.3789	35.4839	120000	Nabatieh	LB
Cheremushky	46.4325	30.7115	120000	Odesa	UA
Rize	41.0208	40.5219	119828	Rize Province	TR
Nazilli	37.9163	28.3223	119370	Aydın	TR
Salihli	38.4826	28.1477	119311	Manisa	TR
Arabkir	40.2062	44.5037	119300	Yerevan	AM
Nyíregyháza	47.9554	21.7167	117689	Szabolcs-Szatmár-Bereg	HU
Čačak	43.8914	20.3497	117072	Central Serbia	RS
Vlorë	40.4696	19.4838	115261	Vlorë County	AL
Amasya	40.6533	35.8331	114921	Amasya	TR
Gyumri	40.7931	43.8464	114667	Shirak	AM
Silopi	37.2438	42.4635	114645	Şırnak	TR
Rānyah	36.2551	44.8824	114173	Sulaymaniyah	IQ
Siirt	37.9293	41.9413	114034	Siirt	TR
Budapest XIII. kerület	47.5298	19.0807	113531	Budapest	HU
Satu Mare	47.7993	22.8625	112490	Satu Mare County	RO
Dūmā	33.5718	36.4027	111864	Rif-dimashq	SY
Kilis	36.7161	37.1150	111648	Kilis	TR
Turhal	40.3875	36.0811	110884	Tokat Province	TR
Kfar Saba	32.1750	34.9069	110456	Central District	IL
Bāneh	35.9975	45.8853	110218	Kurdistan Province	IR
Bender	46.8316	29.4767	110175	Bender Municipality	MD
An Nu‘mānīyah	32.5562	45.4129	110000	Wasit	IQ
Kufa	32.0511	44.4402	110000	Najaf	IQ
Bataysk	47.1375	39.7571	109962	Rostov	RU
Kecskemét	46.9062	19.6913	109847	Bács-Kiskun	HU
Arsuz	36.4130	35.8903	109550	Hatay	TR
Baia Mare	47.6573	23.5681	108759	Maramureş	RO
As Salţ	32.0392	35.7272	107874	Balqa	JO
Bandırma	40.3522	27.9767	107631	Balıkesir	TR
Mitrovicë	42.8833	20.8667	107045	Mitrovica	XK
Yevpatoriya	45.2009	33.3665	107040	Crimea	UA
Elista	46.3079	44.2554	106971	Kalmykiya Republic	RU
Berdyansk	46.7558	36.7882	106311	Zaporizhzhia	UA
Mīāneh	37.4210	47.7150	106291	East Azerbaijan	IR
Mingachevir	40.7642	47.0623	106048	Mingacevir City	AZ
'Ākra	36.7336	43.8804	105370	Nineveh	IQ
Nikopol	47.5683	34.3913	105160	Dnipropetrovsk	UA
Buzău	45.1500	26.8333	103481	Buzău County	RO
Turgutlu	38.4953	27.6997	103292	Manisa	TR
Chumakivskyi	47.9567	37.9419	103005	Donetsk	UA
Pārsābād	39.6482	47.9174	102996	Ardabil Province	IR
Piatra Neamţ	46.9167	26.3333	102688	Neamț County	RO
Darnah	32.7670	22.6367	102581	Darnah	LY
Al-Musayab	32.7787	44.2901	101873	Babil	IQ
Zonguldak	41.4514	31.7931	101749	Zonguldak Province	TR
Iğdır	39.9237	44.0450	101700	Iğdır	TR
Székesfehérvár	47.1900	18.4103	101600	Fejér	HU
Kalmiuskyi	47.1105	37.5438	101498	Donetsk	UA
Mustafakemalpaşa	40.0382	28.4087	101412	Bursa Province	TR
Suruç	36.9761	38.4253	101178	Şanlıurfa	TR
Elbasan	41.1114	20.0822	100903	Elbasan County	AL
Újpest	47.5686	19.0846	100694	Budapest	HU
Kallithéa	37.9500	23.7000	100641	Attica	GR
Ahar	38.4774	47.0699	100641	East Azerbaijan	IR
Nāḩiyat al Iskandarīyah	32.8873	44.3462	100600	Babil	IQ
Oleksandrivskyi	47.9679	37.8034	100330	Donetsk	UA
Jaffa	32.0504	34.7522	100000	Tel Aviv	IL
Subotica	46.1000	19.6667	100000	Vojvodina	RS
al-Yarmūk	33.4699	36.3018	99999	Damascus Governorate	SY
Jaramānā	33.4862	36.3461	99999	Rif-dimashq	SY
Manbij	36.5281	37.9549	99497	Aleppo	SY
Novoshakhtinsk	47.7604	39.9333	99478	Rostov	RU
Acharnés	38.0833	23.7333	99346	Attica	GR
Manavgat	36.7867	31.4409	99254	Antalya	TR
Soma	39.1855	27.6094	98714	Manisa	TR
Habboûch	33.4075	35.4818	98433	Nabatieh	LB
Budapest IV. kerület	47.5618	19.0891	98374	Budapest	HU
Dar‘ā	32.6189	36.1021	97969	Daraa	SY
Kâhta	37.7855	38.6237	97875	Adıyaman Province	TR
Herzliya	32.1663	34.8254	97470	Tel Aviv	IL
Hadera	32.4419	34.9039	97335	Haifa	IL
Naxçıvan	39.2089	45.4122	97200	Nakhchivan	AZ
Jounieh	33.9808	35.6178	96315	Mount Lebanon	LB
Ceyhan	37.0247	35.8175	96303	Adana	TR
Shkodër	42.0683	19.5126	95553	Shkodër County	AL
Burdur	37.7203	30.2908	95436	Burdur	TR
Zaxo	37.1487	42.6859	95052	Duhok	IQ
As Salamīyah	35.0113	37.0532	94887	Hama	SY
Leskovac	42.9981	21.9461	94758	Central Serbia	RS
Yuzivskyi	48.0000	37.8001	94228	Donetsk	UA
Gjakovë	42.3803	20.4308	94158	Gjakova	XK
Al-Qāsim	32.2980	44.6828	93546	Babil	IQ
Polatlı	39.5772	32.1413	93262	Ankara	TR
Budapest XVIII. kerület	47.4442	19.1760	93225	Budapest	HU
Râmnicu Vâlcea	45.1000	24.3667	93151	Vâlcea County	RO
Bafra	41.5679	35.9031	92944	Samsun	TR
Muğla	37.2181	28.3665	92328	Muğla	TR
Erciş	39.0259	43.3596	91915	Van	TR
Soran	36.6556	44.5422	91589	Erbil	IQ
Kalamariá	40.5825	22.9503	91518	Central Macedonia	GR
Kars	40.5983	43.0855	91450	Kars Province	TR
Niğde	37.9658	34.6793	91039	Niğde Province	TR
Lüleburgaz	41.4017	27.3575	90899	Kırklareli	TR
Bohodukhivskyi	47.9669	37.8625	90600	Donetsk	UA
Körfez	40.7670	29.7828	90580	Kocaeli	TR
Çankırı	40.5999	33.6153	90564	Çankırı	TR
Eslāmābād-e Gharb	34.1089	46.5299	90559	Kermanshah Province	IR
Pleven	43.4179	24.6167	90209	Pleven	BG
Botoşani	47.7500	26.6667	90010	Botoșani County	RO
Níkaia	37.9667	23.6500	89380	Attica	GR
Kūhdasht	33.5333	47.6100	89091	Lorestan Province	IR
Nusaybin	37.0703	41.2146	88977	Mardin	TR
Ereğli	41.2826	31.4181	88848	Zonguldak Province	TR
Budapest II. kerület	47.5198	19.0222	88729	Budapest	HU
Kozan	37.4552	35.8157	88115	Adana	TR
Qorveh	35.1664	47.8056	87953	Kurdistan Province	IR
Yozgat	39.8200	34.8044	87881	Yozgat	TR
Al-Tabqa	35.8376	38.5483	87880	Raqqa	SY
Yeysk	46.6926	38.2791	87814	Krasnodar Krai	RU
Patnos	39.2249	42.8569	87451	Ağrı	TR
Glyfáda	37.8629	23.7580	87305	Attica	GR
Volos	39.3692	22.9477	86048	Thessaly	GR
Novi Pazar	43.1367	20.5122	85996	Central Serbia	RS
Voznesenskyi	47.9316	37.6297	85399	Donetsk	UA
Al Marj	32.4926	20.8291	85315	Al Marj	LY
Rukban	33.3141	38.7034	85000	Mafraq	JO
Ílion	38.0333	23.7000	84793	Attica	GR
Akhisar	38.9185	27.8401	84659	Manisa	TR
Akçapınar	38.9473	38.9423	84366	Tunceli	TR
Suceava	47.6333	26.2500	84308	Suceava	RO
Çerkezköy	41.2863	27.9994	84234	Tekirdağ	TR
Sliven	42.6861	26.3256	83740	Sliven	BG
Kraljevo	43.7258	20.6894	82846	Central Serbia	RS
Muş	38.7316	41.4848	82536	Muş	TR
Sahand	37.9510	46.1103	82494	East Azerbaijan	IR
Pernik	42.5967	23.0332	82467	Pernik	BG
Nizip	37.0097	37.7942	82308	Gaziantep	TR
Budapest VIII. kerület	47.4892	19.0701	82222	Budapest	HU
Fatsa	41.0289	37.4998	82160	Ordu	TR
Azov	47.1069	39.4149	82133	Rostov	RU
Kaspiysk	42.8817	47.6392	81752	Dagestan	RU
Bartın	41.6358	32.3375	81692	Bartın	TR
Salmās	38.1973	44.7653	81606	West Azerbaijan	IR
Naqadeh	36.9553	45.3880	81598	West Azerbaijan	IR
Reşiţa	45.3008	21.8892	81228	Caraș-Severin County	RO
Yessentuki	44.0483	42.8564	81015	Stavropol Kray	RU
Lecce	40.3548	18.1724	80695	Apulia	IT
Elbistan	38.2059	37.1983	80456	Kahramanmaraş	TR
Bonāb	37.3404	46.0561	80359	East Azerbaijan	IR
Budapest XV. kerület	47.5626	19.1168	80218	Budapest	HU
Hajiawa	36.2358	44.7947	80000	Sulaymaniyah	IQ
Drobeta-Turnu Severin	44.6269	22.6529	79865	Mehedinți County	RO
Zrenjanin	45.3836	20.3819	79773	Vojvodina	RS
Kropotkin	45.4372	40.5704	79599	Krasnodar Krai	RU
Bistriţa	47.1332	24.5001	78877	Bistrița-Năsăud County	RO
Kőbánya	47.4843	19.1391	78414	Budapest	HU
Al Ḩayy	32.1742	46.0434	78272	Wasit	IQ
Budapest XVII. kerület	47.4800	19.2539	78250	Budapest	HU
Ilioúpoli	37.9315	23.7678	78153	Attica	GR
Zahlé	33.8468	35.9020	78145	Bekaa	LB
Vanadzor	40.8074	44.4970	78100	Lori	AM
Hakkâri	37.5744	43.7408	77699	Hakkâri	TR
Ünye	41.1405	37.2885	77585	Ordu	TR
Nazareth	32.7009	35.2972	77445	Northern District	IL
Aş Şuwayrah	32.9256	44.7758	77200	Wasit	IQ
Keratsíni	37.9625	23.6197	77077	Attica	GR
Yalta	44.5022	34.1662	77003	Crimea	UA
Józsefváros	47.4894	19.0729	76957	Budapest	HU
Pančevo	44.8718	20.6417	76654	Vojvodina	RS
Budapest XXI. kerület	47.4222	19.0664	76339	Budapest	HU
Mineralnye Vody	44.2103	43.1353	76280	Stavropol Kray	RU
Midyat	37.4191	41.3391	76268	Mardin	TR
Osijek	45.5507	18.6942	75535	County of Osijek-Baranja	HR
Nevşehir	38.6250	34.7122	75527	Nevşehir Province	TR
Kanaker-Zeytun	40.2200	44.5383	75500	Yerevan	AM
Ra'anana	32.1836	34.8739	75421	Central District	IL
Kruševac	43.5800	21.3339	75256	Central Serbia	RS
Kumanovo	42.1328	21.7158	75051	Kumanovo	MK
Tekstylnyk	47.9459	37.6985	75000	Donetsk	UA
Évosmos	40.6706	22.9083	74686	Central Macedonia	GR
Bismil	37.8451	40.6593	74493	Diyarbakır Province	TR
Bilecik	40.1419	29.9793	74457	Bilecik	TR
Khalándrion	38.0237	23.8007	74192	Attica	GR
Meshgīn Shahr	38.3990	47.6820	74109	Ardabil Province	IR
Al Qā’im	34.3925	40.9894	74100	Anbar	IQ
Prilep	41.3456	21.5537	73814	Prilep	MK
Târgu Jiu	45.0500	23.2833	73545	Gorj County	RO
Belek	36.8631	31.0654	73260	Antalya	TR
Tatvan	38.4922	42.2827	73222	Bitlis	TR
Néa Smýrni	37.9450	23.7142	73076	Attica	GR
Rosh Ha‘Ayin	32.0956	34.9566	72881	Central District	IL
Georgiyevsk	44.1494	43.4702	72649	Stavropol Kray	RU
Shumen	43.2706	26.9229	72342	Shumen	BG
Maroúsi	38.0500	23.8000	72333	Attica	GR
Suva Reka	42.3586	20.8250	72229	Prizren	XK
Larnaca	34.9221	33.6279	72000	Larnaka	CY
Sunzha	43.3206	45.0490	71841	Ingushetiya Republic	RU
Yüksekova	37.5736	44.2872	71729	Hakkâri	TR
Dārayyā	33.4584	36.2326	71596	Rif-dimashq	SY
Agios Dimitrios	37.9333	23.7333	71294	Attica	GR
Yalova	40.6550	29.2769	71289	Yalova	TR
Szolnok	47.1807	20.1984	71285	Jász-Nagykun-Szolnok	HU
Ilidža	43.8315	18.3070	71277	Federation of B&H	BA
Gemlik	40.4309	29.1597	71063	Bursa Province	TR
Zográfos	37.9757	23.7691	71026	Attica	GR
Prymorskyi	47.0710	37.4997	71008	Donetsk	UA
Kadirli	37.3739	36.0961	70248	Osmaniye	TR
Adler	43.4290	39.9239	70200	Krasnodar Krai	RU
Doğubayazıt	39.5469	44.0842	70171	Ağrı	TR
Khāliş	33.8081	44.5334	70046	Diyala	IQ
Ayvalık	39.3193	26.6934	70002	Balıkesir	TR
Aigáleo	37.9833	23.6833	69946	Attica	GR
Izmayil	45.3506	28.8375	69932	Odesa	UA
Dobrich	43.5649	27.8314	69434	Dobrich	BG
Bitola	41.0323	21.3355	69287	Bitola	MK
Hunedoara	45.7500	22.9000	69136	Hunedoara County	RO
Feodosiya	45.0320	35.3815	68562	Crimea	UA
Budapest XVI. kerület	47.5148	19.1703	68484	Budapest	HU
Sheki	41.1919	47.1706	68400	Shaki City	AZ
Söke	37.7482	27.4061	68230	Aydın	TR
Ardeşen	41.1906	40.9793	67965	Rize Province	TR
Budyonnovsk	44.7839	44.1658	67962	Stavropol Kray	RU
Stróvolos	35.1487	33.3338	67904	Nicosia	CY
Roman	46.9212	26.9265	67819	Neamț County	RO
Bârlad	46.2317	27.6691	67818	Vaslui County	RO
Blagoevgrad	42.0146	23.0980	67810	Blagoevgrad	BG
Deva	45.8833	22.9000	67802	Hunedoara County	RO
Şırnak	37.5139	42.4543	67662	Şırnak	TR
Ödemiş	38.2278	27.9696	67153	İzmir Province	TR
Néa Ionía	38.0357	23.7573	67134	Attica	GR
Târgovişte	44.9254	25.4567	66965	Dâmbovița County	RO
Korabelna Storona	44.6095	33.5435	66686	Sevastopol City	UA
Focșani	45.7000	27.1833	66648	Vrancea	RO
I‘zāz	36.5866	37.0463	66138	Aleppo	SY
Kherson	46.6369	32.6146	66000	Kherson	UA
Silvan	38.1371	41.0082	65956	Diyarbakır Province	TR
Jablah	35.3621	35.9276	65915	Latakia	SY
Tatabánya	47.5925	18.3810	65849	Komárom-Esztergom	HU
Tulcea	45.1787	28.8050	65624	Tulcea County	RO
Ioánnina	39.6634	20.8519	65574	Epirus	GR
Nūrābād	34.0734	47.9725	65547	Lorestan Province	IR
Sokhumi	43.0070	40.9893	65439	Abkhazia	GE
Slavyansk-na-Kubani	45.2514	38.1213	65196	Krasnodar Krai	RU
Čair	42.0153	21.4411	64773	Grad Skopje	MK
Ahlat	38.7489	42.4801	64695	Bitlis	TR
Haskovo	41.9342	25.5556	64564	Haskovo	BG
Akşehir	38.3575	31.4164	64446	Konya	TR
Tikhoretsk	45.8531	40.1187	64387	Krasnodar Krai	RU
Tuapse	44.1008	39.0833	64234	Krasnodar Krai	RU
Alba Iulia	46.0667	23.5833	64227	Alba County	RO
Palaió Fáliro	37.9281	23.7010	64021	Attica	GR
As Safīrah	36.0770	37.3725	63708	Aleppo	SY
Yambol	42.4824	26.5001	63656	Yambol	BG
Užice	43.8586	19.8488	63577	Central Serbia	RS
Slatina	44.4333	24.3667	63487	Olt	RO
Korydallós	37.9847	23.6471	63445	Attica	GR
Budapest XX. kerület	47.4367	19.1009	63371	Budapest	HU
Kuşadası	37.8601	27.2571	63177	Aydın	TR
Tetovo	42.0099	20.9714	63176	Tetovo	MK
Hod HaSharon	32.1593	34.8932	63175	Central District	IL
Lushnjë	40.9419	19.7050	63135	Fier County	AL
Vaslui	46.6333	27.7333	63035	Vaslui County	RO
Urla	38.3229	26.7640	62989	İzmir Province	TR
Sorgun	39.8101	35.1860	62862	Yozgat	TR
Buynaksk	42.8180	47.1268	62689	Dagestan	RU
Çubuk	40.2386	33.0322	62602	Ankara	TR
Érd	47.3949	18.9136	62408	Pest County	HU
Berat	40.7058	19.9522	62232	Berat County	AL
Inhulets	47.7301	33.2519	62173	Dnipropetrovsk	UA
Angyalföld	47.5476	19.0797	62006	Budapest	HU
Erzsébetváros	47.5021	19.0722	62000	Budapest	HU
Smederevo	44.6644	20.9276	62000	Central Serbia	RS
Labinsk	44.6360	40.7357	61945	Krasnodar Krai	RU
Tríkala	39.5549	21.7684	61653	Thessaly	GR
Budapest XIX. kerület	47.4529	19.1494	61610	Budapest	HU
Kispest	47.4515	19.1402	61453	Budapest	HU
Výronas	37.9611	23.7530	61308	Attica	GR
Biga	40.2281	27.2422	61066	Canakkale	TR
Valjevo	44.2751	19.8982	61035	Central Serbia	RS
Sal’sk	46.4749	41.5416	61000	Rostov	RU
Fier-Çifçi	40.7167	19.5667	60995	Fier County	AL
Kırıkhan	36.4994	36.3576	60916	Hatay	TR
Prokhladnyy	43.7574	44.0297	60800	Kabardino-Balkariya Republic	RU
Givatayim	32.0722	34.8125	60644	Tel Aviv	IL
Fethiye	36.6404	29.1276	60437	Muğla	TR
Békéscsaba	46.6833	21.1000	59732	Bekes County	HU
Agía Paraskeví	38.0167	23.8333	59704	Attica	GR
Ferizaj	42.3706	21.1553	59504	Ferizaj	XK
Galátsi	38.0167	23.7500	59345	Attica	GR
Mikhaylovsk	45.1310	42.0270	59198	Stavropol Kray	RU
Veliko Tŭrnovo	43.0812	25.6290	59166	Veliko Tarnovo	BG
Chalkída	38.4635	23.6028	59125	Central Greece	GR
Ferencváros	47.4775	19.0908	59056	Budapest	HU
As-Suwayda	32.7090	36.5695	59052	Suwayda	SY
Qiryat Ata	32.8115	35.1132	59030	Haifa	IL
Petroúpolis	38.0419	23.6849	58979	Attica	GR
Avan	40.2144	44.5785	58800	Yerevan	AM
Pestlőrinc	47.4298	19.2159	58722	Budapest	HU
Glogovac	42.6283	20.8939	58579	Pristina	XK
Sérres	41.0850	23.5476	58287	Central Macedonia	GR
Korçë	40.6186	20.7808	58259	Korçë County	AL
Kırklareli	41.7351	27.2252	58223	Kırklareli	TR
Kisela Voda	41.9489	21.5028	58216	Grad Skopje	MK
Nikšić	42.7731	18.9445	58212	Opština Nikšić	ME
Nahariyya	33.0089	35.0981	58096	Northern District	IL
Chornomors’k	46.2991	30.6553	57983	Odesa	UA
Veles	41.7172	21.7720	57873	Veles	MK
Harsīn	34.2721	47.5861	57647	Kermanshah Province	IR
Ālbū Kamāl	34.4523	40.9185	57572	Deir ez-Zor	SY
Krymsk	44.9263	37.9903	57555	Krasnodar Krai	RU
Halabja	35.1778	45.9861	57333	Halabja	IQ
Bergama	39.1207	27.1805	57200	İzmir Province	TR
Anamur	36.0751	32.8369	57128	Mersin	TR
Mafraq	32.3429	36.2080	57118	Mafraq	JO
Kāmyārān	34.7953	46.9368	57077	Kurdistan Province	IR
Reyhanlı	36.2679	36.5675	56995	Hatay	TR
Budapest XII. kerület	47.4919	19.0149	56544	Budapest	HU
Dörtyol	36.8392	36.2302	56513	Hatay	TR
Fier	40.7251	19.5582	56297	Fier County	AL
Vranje	42.5514	21.9003	56199	Central Serbia	RS
Gölcük	40.7150	29.8182	56189	Kocaeli	TR
Rhodes	36.4356	28.2220	56128	South Aegean	GR
Umm el Faḥm	32.5176	35.1540	56109	Haifa	IL
Bolvadin	38.7111	31.0486	55870	Afyonkarahisar Province	TR
Zile	40.3031	35.8864	55680	Tokat Province	TR
At Tall	33.6103	36.3107	55561	Rif-dimashq	SY
Eminönü	41.0175	28.9710	55548	Istanbul	TR
Rîbniţa	47.7682	29.0100	55455	Transnistria	MD
Bozüyük	39.9078	30.0367	55365	Bilecik	TR
Pazardzhik	42.1993	24.3332	55220	Pazardzhik	BG
Šabac	44.7467	19.6900	55114	Central Serbia	RS
Derbendîxan	35.1121	45.6866	54896	Sulaymaniyah	IQ
Asenovgrad	42.0167	24.8667	54778	Plovdiv	BG
Giurgiu	43.8866	25.9627	54551	Giurgiu County	RO
Al Mayādīn	35.0198	40.4515	54534	Deir ez-Zor	SY
Belorechensk	44.7700	39.8725	54526	Krasnodar Krai	RU
Javānrūd	34.8067	46.4913	54354	Kermanshah Province	IR
Kalamata	37.0391	22.1126	54100	Peloponnese	GR
Kavála	40.9396	24.4069	54027	East Macedonia and Thrace	GR
Timashyovsk	45.6169	38.9453	53940	Krasnodar Krai	RU
Chaniá	35.5112	24.0292	53910	Crete	GR
Eger	47.9027	20.3733	53876	Heves County	HU
Anapa	44.8950	37.3162	53600	Krasnodar Krai	RU
Menemen	38.6075	27.0694	53489	İzmir Province	TR
Kelenföld	47.4661	19.0310	53332	Budapest	HU
Kateríni	40.2696	22.5061	53293	Central Macedonia	GR
Silivri	41.0739	28.2464	53167	Istanbul	TR
Ar Rastan	34.9267	36.7324	53152	Homs	SY
Mediaş	46.1667	24.3500	53040	Sibiu County	RO
Bitlis	38.4012	42.1078	53023	Bitlis	TR
Alexandroupoli	40.8499	25.8764	52979	East Macedonia and Thrace	GR
Enerhodar	47.4905	34.6620	52887	Zaporizhzhia	UA
Adilcevaz	38.7991	42.7316	52781	Bitlis	TR
Muadamiyat al-Sham	33.4647	36.2017	52738	Rif-dimashq	SY
Ergani	38.2690	39.7545	52684	Diyarbakır Province	TR
Zalău	47.2000	23.0500	52359	Sălaj County	RO
Erbaa	40.6689	36.5675	52185	Tokat Province	TR
Tavşanlı	39.5424	29.4987	52182	Kütahya	TR
Davtashen	40.2164	44.4809	52100	Yerevan	AM
Lamía	38.8995	22.4335	52006	Central Greece	GR
Gjilan	42.4605	21.4699	51912	Gjilan	XK
Orhangazi	40.4892	29.3089	51792	Bursa Province	TR
Takāb	36.4009	47.1133	51541	West Azerbaijan	IR
Acre	32.9281	35.0765	51420	Northern District	IL
Kangāvar	34.5043	47.9653	51352	Kermanshah Province	IR
Kabbasin	36.4327	37.5686	51230	Aleppo	SY
Krujë	41.5092	19.7928	51191	Durrës County	AL
Seydişehir	37.4193	31.8453	51089	Konya	TR
Tadmur	34.5624	38.2840	51015	Homs	SY
Gostivar	41.7963	20.9080	50974	Gostivar	MK
Az̧ Z̧ulayl	32.1208	36.2801	50931	Zarqa	JO
Babīlā	33.4710	36.3308	50880	Rif-dimashq	SY
Gelendzhik	44.5801	38.0665	50715	Krasnodar Krai	RU
Oshnavīyeh	37.0397	45.0983	50661	West Azerbaijan	IR
Merzifon	40.8733	35.4631	50658	Amasya	TR
Kizlyar	43.8469	46.7098	50564	Dagestan	RU
Abovyan	40.2717	44.6334	50556	Kotayk	AM
Kavaklı	41.0926	28.3317	50502	Istanbul	TR
Deçan	42.5402	20.2879	50500	Gjakova	XK
Budapest XXII. kerület	47.4270	19.0402	50499	Budapest	HU
Çarşamba	41.1989	36.7219	50459	Samsun	TR
Torbalı	38.1820	27.3350	50303	İzmir Province	TR
Dunaújváros	46.9648	18.9397	50084	Fejér	HU
Sfântu Gheorghe	45.8667	25.7833	50080	Covasna County	RO
Bījār	35.8668	47.6051	50014	Kurdistan Province	IR
Al-Hamdaniya	36.2709	43.3776	50000	Nineveh	IQ
Shelādiz	37.0326	43.7762	50000	Duhok	IQ
Aarsâl	34.1794	36.4208	50000	Baalbek-Hermel Governorate	LB
Ghazieh	33.5175	35.3689	50000	South Governorate	LB
‘Ayn al ‘Arab	36.8909	38.3535	50000	Aleppo	SY
Merter Keresteciler	41.0129	28.8859	50000	Istanbul	TR
Güngören Merter	41.0071	28.8880	50000	Istanbul	TR
Bosse	47.9552	37.8003	50000	Donetsk	UA
Niksar	40.5917	36.9517	49865	Tokat Province	TR
Zaječar	43.9036	22.2641	49800	Central Serbia	RS
Keskin	39.6731	33.6136	49679	Kırıkkale	TR
Irákleio	38.0528	23.7652	49642	Attica	GR
Vratsa	43.2105	23.5631	49569	Vratsa	BG
Karapınar	37.7160	33.5506	49509	Konya	TR
Hrazdan	40.5169	44.7559	49500	Kotayk	AM
Mut	36.6439	33.4389	49397	Mersin	TR
An Nabk	34.0240	36.7285	49372	Rif-dimashq	SY
Trstenik	43.6169	21.0025	49043	Central Serbia	RS
Khān Shaykhūn	35.4421	36.6510	48975	Idlib	SY
Pejë	42.6591	20.2883	48962	Pec	XK
El‘ad	32.0498	34.9538	48763	Central District	IL
‘Afrīn	36.5119	36.8695	48693	Aleppo	SY
Sombor	45.7742	19.1122	48454	Vojvodina	RS
Shtip	41.7458	22.1958	48279	Shtip	MK
Xánthi	41.1349	24.8880	48221	East Macedonia and Thrace	GR
Fylí	38.1024	23.6690	48157	Attica	GR
Alaşehir	38.3508	28.5172	48147	Manisa	TR
Gabrovo	42.8742	25.3182	48133	Gabrovo	BG
Bayburt	40.2563	40.2229	48036	Bayburt Province	TR
Vagharshapat	40.1656	44.2946	47989	Armavir	AM
Kazanlak	42.6167	25.4000	47918	Stara Zagora	BG
Bilhorod-Dnistrovskyi	46.1948	30.3483	47727	Odesa	UA
Kurganinsk	44.8845	40.5889	47681	Krasnodar Krai	RU
Suluova	40.8313	35.6479	47572	Amasya	TR
Montana	43.4128	23.2217	47445	Montana	BG
Şebin Karahisar	40.2883	38.4236	47360	Giresun	TR
Kifisiá	38.0744	23.8111	47332	Attica	GR
Ramat HaSharon	32.1461	34.8394	47245	Tel Aviv	IL
Tire	38.0888	27.7351	47220	İzmir Province	TR
Nawá	32.8865	36.0391	47066	Daraa	SY
Kulu	39.0951	33.0799	47037	Konya	TR
Vitina	42.3214	21.3583	46959	Gjilan	XK
Agrínio	38.6214	21.4078	46899	West Greece	GR
Kyustendil	42.2831	22.6922	46856	Kyustendil	BG
Al Jubayhah	32.0107	35.8980	46834	Amman	JO
Maku	39.2899	44.4603	46581	West Azerbaijan	IR
Erdemli	36.6050	34.3084	46570	Mersin	TR
Sardasht	36.1552	45.4788	46412	West Azerbaijan	IR
Staryy Malgobek	43.5444	44.5959	46334	Ingushetiya Republic	RU
Karmi’el	32.9095	35.2977	46252	Northern District	IL
Pogradec	40.9025	20.6525	46070	Korçë County	AL
Stavroúpoli	40.6694	22.9381	46008	Central Macedonia	GR
Dehlorān	32.6941	47.2679	46002	Ilam Province	IR
Çumra	37.5732	32.7745	45657	Konya	TR
Kafranbel	35.6138	36.5645	45652	Idlib	SY
Chaïdári	38.0114	23.6660	45642	Attica	GR
Komotiní	41.1176	25.4059	45631	East Macedonia and Thrace	GR
Sarpol-e Z̄ahāb	34.4611	45.8626	45481	Kermanshah Province	IR
Kireçocağı	37.0500	35.2333	45476	Adana	TR
Centar Župa	41.4785	20.5594	45412	Centar Zhupa	MK
Kanevskaya	46.0953	38.9769	45334	Krasnodar Krai	RU
Akçaabat	41.0212	39.5715	45105	Trabzon	TR
Sarāb	37.9408	47.5367	45031	East Azerbaijan	IR
Slavonski Brod	45.1616	18.0163	45005	Brod-Posavina	HR
Paşcani	47.2469	26.7229	45000	Iași County	RO
Koysinceq	36.0829	44.6287	44987	Erbil	IQ
Marhanets	47.6309	34.6245	44980	Dnipropetrovsk	UA
Sykiés	40.6494	22.9508	44955	Central Macedonia	GR
Afula	32.6091	35.2892	44930	Northern District	IL
Āz̄arshahr	37.7590	45.9783	44887	East Azerbaijan	IR
Aliağa	38.7998	26.9720	44883	İzmir Province	TR
Pardés H̱anna Karkur	32.4741	34.9778	44840	Haifa	IL
Dráma	41.1528	24.1473	44823	East Macedonia and Thrace	GR
Tiberias	32.7940	35.5315	44779	Northern District	IL
Al ‘Azīzīyah	32.9094	45.0636	44751	Wasit	IQ
Keşan	40.8552	26.6327	44644	Edirne	TR
Lukavac	44.5425	18.5262	44520	Federation of B&H	BA
Véroia	40.5244	22.2024	44464	Central Macedonia	GR
Beyşehir	37.6773	31.7246	44460	Konya	TR
Dêrelûk Devera Nihêliya	37.0560	43.6519	44448	Duhok	IQ
Nova Kakhovka	46.7597	33.3559	44427	Kherson	UA
Birecik	37.0258	37.9784	44284	Şanlıurfa	TR
Sonqor	34.7819	47.5994	44256	Kermanshah Province	IR
Karacabey	40.2132	28.3612	44256	Bursa Province	TR
Petroşani	45.4167	23.3667	44187	Hunedoara County	RO
Ţūlkarm	32.3116	35.0269	44169	West Bank	PS
Krasnyy Sulin	47.8925	40.0718	44133	Rostov	RU
Şereflikoçhisar	38.9393	33.5386	44101	Ankara	TR
Ust’-Labinsk	45.2144	39.6884	44088	Krasnodar Krai	RU
Kardzhali	41.6450	25.3658	44071	Kardzhali	BG
Hódmezővásárhely	46.4167	20.3333	44009	Csongrád	HU
Eṭ Ṭaiyiba	32.2662	35.0089	43957	Central District	IL
Qiryat Bialik	32.8275	35.0858	43955	Haifa	IL
Bulancak	40.9380	38.2315	43635	Giresun	TR
Pashkovskiy	45.0237	39.1044	43634	Krasnodar Krai	RU
Naẕerat ‘Illit	32.7082	35.3247	43556	Northern District	IL
Malgobek	43.5112	44.5905	43400	Ingushetiya Republic	RU
Turda	46.5667	23.7833	43319	Cluj County	RO
Medgidia	44.2500	28.2833	43315	Constanța County	RO
Qiryat Motsqin	32.8371	35.0776	43303	Haifa	IL
Lugoj	45.6886	21.9031	43243	Timiș County	RO
Qalqīlyah	32.1897	34.9706	43212	West Bank	PS
Milas	37.3164	27.7839	43193	Muğla	TR
Sandıklı	38.4647	30.2695	42981	Afyonkarahisar Province	TR
Jamjamāl	35.5336	44.8343	42593	Sulaymaniyah	IQ
Famagusta	35.1249	33.9413	42526	Ammochostos	CY
Göyçay	40.6506	47.7422	42500	Göyçay	AZ
Tikrīt	34.6158	43.6786	42477	Salah ad Din	IQ
‘Irbīn	33.5372	36.3663	42474	Rif-dimashq	SY
Poldasht	39.3480	45.0710	42170	West Azerbaijan	IR
Shefar‘am	32.8058	35.1690	42137	Northern District	IL
Izberbash	42.5671	47.8755	42121	Dagestan	RU
Budapest VI. kerület	47.5037	19.0658	42120	Budapest	HU
Balad	34.0149	44.1457	42088	Salah ad Din	IQ
Ohrid	41.1170	20.8017	42033	Ohrid	MK
Kikinda	45.8297	20.4653	41935	Vojvodina	RS
Gori	41.9853	44.1129	41933	Shida Kartli	GE
Besni	37.6928	37.8611	41892	Adıyaman Province	TR
Požarevac	44.6213	21.1878	41736	Central Serbia	RS
Dzhankoy	45.7131	34.3927	41731	Crimea	UA
Álimos	37.9103	23.7236	41720	Attica	GR
Korenovsk	45.4672	39.4492	41665	Krasnodar Krai	RU
Barda	40.3758	47.1262	41600	Barda	AZ
Câmpina	45.1262	25.7350	41554	Prahova	RO
Slobozia	44.5647	27.3633	41550	Ialomița County	RO
Urus-Martan	43.1305	45.5379	41480	Chechnya	RU
Shāhīn Dezh	36.6793	46.5669	41442	West Azerbaijan	IR
Zelenokumsk	44.4104	43.8801	41306	Stavropol Kray	RU
Shamkhir	40.8297	46.0178	41300	Şǝmkir	AZ
Aghjabadi	40.0502	47.4594	41200	Ağcabǝdi	AZ
Poti	42.1427	41.6738	41175	Samegrelo and Zemo Svaneti	GE
Tecuci	45.8497	27.4344	41154	Galați County	RO
Al Quşayr	34.5078	36.5803	41062	Homs	SY
Gjorče Petro	42.0078	21.3531	41000	Grad Skopje	MK
Mozdok	43.7398	44.6516	40823	North Ossetia–Alania	RU
Edremit	39.5961	27.0244	40777	Balıkesir	TR
Gönen	40.1049	27.6540	40763	Balıkesir	TR
Pirot	43.1531	22.5861	40678	Central Serbia	RS
Sighetu Marmaţiei	47.9320	23.8860	40653	Maramureş	RO
Yabrūd	33.9692	36.6573	40502	Rif-dimashq	SY
Apsheronsk	44.4599	39.7300	40451	Krasnodar Krai	RU
Alexandria	43.9833	25.3333	40390	Teleorman County	RO
Zugdidi	42.5084	41.8680	40067	Samegrelo and Zemo Svaneti	GE
Corfu	39.6244	19.9202	40047	Ionian Islands	GR
Káto Lakatámeia	35.1176	33.3254	40000	Nicosia	CY
Istok	42.7808	20.4875	40000	Pec	XK
Kiryat Ono	32.0612	34.8562	39986	Tel Aviv	IL
Qiryat Yam	32.8497	35.0697	39897	Haifa	IL
Svetlograd	45.3274	42.8562	39727	Stavropol Kray	RU
Çatalca	41.1407	28.4597	39678	Istanbul	TR
Mangalia	43.8162	28.5766	39619	Constanța County	RO
Afşin	38.2477	36.9140	39613	Kahramanmaraş	TR
Cimin	39.7095	39.7002	39591	Erzincan	TR
Karasu Mahallesi	41.0710	30.7854	39508	Sakarya	TR
Bor	44.0749	22.0959	39387	Central Serbia	RS
Bodrum	37.0383	27.4292	39317	Muğla	TR
Jisr ash Shughūr	35.8142	36.3198	39311	Idlib	SY
Cegléd	47.1727	19.7995	39287	Pest County	HU
Podilsk	47.7499	29.5307	39220	Odesa	UA
Gümüşhane	40.4600	39.4718	39214	Gümüşhane Province	TR
Yalvaç	38.2956	31.1778	39145	Isparta	TR
Sremska Mitrovica	44.9764	19.6122	39084	Vojvodina	RS
Bāniyās	35.1819	35.9487	39066	Tartus	SY
Izobil’nyy	45.3665	41.7091	39022	Stavropol Kray	RU
Brčko	44.8716	18.8163	38968	Brčko	BA
Políchni	40.6667	22.9488	38887	Central Macedonia	GR
Aksay	47.2633	39.8690	38871	Rostov	RU
Kavadarci	41.4334	22.0122	38799	Kavadarci	MK
Beypazarı	40.1675	31.9211	38769	Ankara	TR
Leningradskaya	46.3214	39.3855	38712	Krasnodar Krai	RU
Pīrmām	36.3852	44.1970	38686	Erbil	IQ
Pivdennoukrainsk	47.8288	31.1751	38560	Mykolaiv	UA
Rákospalota	47.5645	19.1221	38530	Budapest	HU
Râmnicu Sărat	45.3833	27.0500	38526	Buzău County	RO
Tallbīsah	34.8407	36.7309	38491	Homs	SY
Sinjār	36.3209	41.8766	38294	Nineveh	IQ
Burhaniye	39.5004	26.9727	38083	Balıkesir	TR
Dej	47.1500	23.8667	38033	Cluj County	RO
Dimitrovgrad	42.0500	25.6000	38015	Haskovo	BG
Vakfıkebir	41.0458	39.2764	37728	Trabzon	TR
Baja	46.1830	18.9531	37714	Bács-Kiskun	HU
Aghdam	39.9910	46.9274	37700	Ağdam	AZ
Bijeljina	44.7587	19.2144	37692	Srpska	BA
Sungurlu	40.1675	34.3739	37526	Çorum	TR
Baksan	43.6837	43.5351	37519	Kabardino-Balkariya Republic	RU
Pokrov	47.6536	34.1149	37493	Dnipropetrovsk	UA
Struga	41.1779	20.6789	37387	Struga	MK
Ḩarastā	33.5587	36.3651	37348	Rif-dimashq	SY
Lagkadás	40.7500	23.0667	37022	Central Macedonia	GR
Beşikdüzü	41.0520	39.2329	36987	Trabzon	TR
Serik	36.9175	31.1046	36925	Antalya	TR
Talas	38.6908	35.5538	36890	Kayseri	TR
Újlipótváros	47.5161	19.0528	36888	Budapest	HU
Pylaía	40.5992	22.9861	36843	Central Macedonia	GR
Or Yehuda	32.0292	34.8579	36813	Tel Aviv	IL
Nové Zámky	47.9854	18.1620	36781	Nitra Region	SK
Temryuk	45.2689	37.3975	36546	Krasnodar Krai	RU
Odorheiu Secuiesc	46.3000	25.3000	36532	Harghita County	RO
Kozáni	40.2993	21.7898	36481	West Macedonia	GR
Uzunköprü	41.2691	26.6860	36470	Edirne	TR
Osmancık	40.9782	34.8047	36443	Çorum	TR
Novokubansk	45.1133	41.0365	36401	Krasnodar Krai	RU
Vršac	45.1167	21.3036	36300	Vojvodina	RS
Újpalota	47.5373	19.1441	36259	Pest County	HU
Kestel	40.1983	29.2124	36185	Bursa Province	TR
Butel	42.0308	21.4467	36154	Grad Skopje	MK
Al Qunayţirah	33.1260	35.8246	36143	Quneitra	SY
Kukës	42.0769	20.4219	36125	Kukës County	AL
Safed	32.9646	35.4960	36094	Northern District	IL
Pesterzsébet	47.4333	19.1167	36045	Budapest	HU
Blagodarnyy	45.0978	43.4364	35995	Stavropol Kray	RU
Kakhovka	46.8160	33.4786	35983	Kherson	UA
Paphos	34.7768	32.4245	35961	Pafos	CY
Görükle	40.2311	28.8402	35882	Bursa Province	TR
Develi	38.3906	35.4922	35868	Kayseri	TR
Saddat al Hindīyah	32.7156	44.2786	35720	Babil	IQ
Beslan	43.1928	44.5327	35604	North Ossetia–Alania	RU
Jagodina	43.9771	21.2612	35589	Central Serbia	RS
‘Afak	32.0643	45.2474	35536	Al-Qadisiyah	IQ
Şaḩneh	34.4813	47.6908	35508	Kermanshah Province	IR
Reghin-Sat	46.7833	24.7167	35490	Mureș County	RO
Hınıs	39.3577	41.6925	35472	Erzurum	TR
Dinar	38.0650	30.1656	35359	Afyonkarahisar Province	TR
Yerköy	39.6381	34.4672	35294	Yozgat	TR
Hendek	40.7994	30.7481	35257	Sakarya	TR
Safranbolu	41.2508	32.6942	35242	Karabük Province	TR
Tunceli	39.0992	39.5435	35161	Tunceli	TR
Akçakoca	41.0894	31.1236	35151	Düzce	TR
Vác	47.7759	19.1361	35108	Pest County	HU
Goryachevodskiy	44.0236	43.0922	35075	Stavropol Kray	RU
Shtime	42.4331	21.0397	35000	Ferizaj	XK
Podujeva	42.9106	21.1931	35000	Pristina	XK
Dragash	42.0265	20.6533	35000	Prizren	XK
Gul’kevichi	45.3538	40.6947	34953	Krasnodar Krai	RU
Simav	39.0882	28.9777	34909	Kütahya	TR
Sinop	42.0268	35.1625	34834	Sinop	TR
Vidin	43.9916	22.8824	34797	Vidin	BG
Targovishte	43.2512	26.5722	34793	Targovishte	BG
Dupnitsa	42.2648	23.1172	34764	Kyustendil	BG
Janīn	32.4594	35.3009	34730	West Bank	PS
Tādif	36.3481	37.5309	34670	Aleppo	SY
Abinsk	44.8706	38.1576	34668	Krasnodar Krai	RU
Dinskaya	45.2167	39.2259	34573	Krasnodar Krai	RU
Sighișoara	46.2214	24.7928	34537	Mureș County	RO
Karabulak	43.3051	44.8995	34511	Ingushetiya Republic	RU
Arshyntseve	45.3011	36.4269	34500	Crimea	UA
Cahul	45.9046	28.1952	34492	Cahul	MD
Miercurea-Ciuc	46.3500	25.8000	34484	Harghita County	RO
Ungheni	47.2102	27.8001	34422	Ungheni	MD
Hādīshahr	38.8479	45.6623	34346	East Azerbaijan	IR
Kochani	41.9164	22.4128	34258	Kochani	MK
Göksun	38.0210	36.4973	34243	Kahramanmaraş	TR
Saraqib	35.8645	36.8059	34231	Idlib	SY
Çay	38.5917	31.0286	34215	Afyonkarahisar Province	TR
Szekszárd	46.3472	18.7119	34174	Tolna County	HU
Ágioi Anárgyroi	38.0301	23.7238	34168	Attica	GR
Argyroúpoli	37.9059	23.7504	34097	Attica	GR
Középső-Ferencváros	47.4731	19.0797	34036	Budapest	HU
Dīvāndarreh	35.9139	47.0239	34007	Kurdistan Province	IR
Ust’-Dzheguta	44.0834	41.9763	34001	Karachayevo-Cherkesiya Republic	RU
Óbuda	47.5500	19.0333	33836	Budapest	HU
Strumica	41.4376	22.6429	33825	Strumica	MK
Caracal	44.1167	24.3500	33761	Olt	RO
Marmaris	36.8550	28.2742	33731	Muğla	TR
Áno Liósia	38.0833	23.7000	33565	Attica	GR
Voznesensk	47.5622	31.3360	33442	Mykolaiv	UA
Yablonovskiy	44.9890	38.9432	33431	Adygeya Republic	RU
Kizilyurt	43.2028	46.8659	33411	Dagestan	RU
Nartkala	43.5544	43.8550	33390	Kabardino-Balkariya Republic	RU
Çeşme	38.3261	26.3057	33259	İzmir Province	TR
Trebinje	42.7120	18.3436	33178	Srpska	BA
Năvodari	44.3167	28.6000	33106	Constanța County	RO
Primorsko-Akhtarsk	46.0485	38.1790	33102	Krasnodar Krai	RU
Gyöngyös	47.7826	19.9280	32938	Heves County	HU
Kapan	39.2076	46.4068	32900	Syunik	AM
Feteşti	44.3833	27.8333	32866	Ialomița County	RO
Gorna Oryahovitsa	43.1278	25.7017	32792	Veliko Tarnovo	BG
Kardítsa	39.3648	21.9219	32789	Thessaly	GR
Şarkîkaraağaç	38.0794	31.3664	32771	Isparta	TR
Gudermes	43.3508	46.1009	32769	Chechnya	RU
Pivdenne	46.6247	31.1018	32677	Odesa	UA
Shaqlāwah	36.4042	44.3256	32599	Erbil	IQ
Al Abyār	32.1900	20.5965	32563	Al Marj	LY
Rethymno	35.3655	24.4823	32468	Crete	GR
Bor	37.8906	34.5589	32435	Niğde Province	TR
Thívai	38.3250	23.3189	32410	Central Greece	GR
Gödöllő	47.5966	19.3551	32374	Pest County	HU
Jayrūd	33.8071	36.7386	32352	Rif-dimashq	SY
Komárno	47.7636	18.1226	32287	Nitra Region	SK
Gyula	46.6500	21.2833	32269	Bekes County	HU
Maşyāf	35.0653	36.3406	32262	Hama	SY
Ruma	45.0081	19.8222	32229	Vojvodina	RS
Ts’khinvali	42.2276	43.9686	32180	Shida Kartli	GE
Curtea de Argeş	45.1342	24.6741	32178	Arges	RO
Kumru	40.8744	37.2639	32174	Ordu	TR
Zaqatala	41.6316	46.6448	32171	Zaqatala District	AZ
Ḩarir	36.5511	44.3526	32171	Erbil	IQ
Ma‘arratmişrīn	36.0115	36.6718	32163	Idlib	SY
Etlik	39.9821	32.8246	32156	Ankara	TR
Kurtalan	37.9253	41.6849	32114	Siirt	TR
Akçakale	36.7111	38.9475	32114	Şanlıurfa	TR
Yeşilli	37.3381	40.8174	32072	Mardin	TR
Hajdúböszörmény	47.6667	21.5167	31957	Hajdú-Bihar	HU
Of	40.9406	40.2592	31951	Trabzon	TR
İmamoğlu	37.2651	35.6572	31916	Adana	TR
Hīt	33.6366	42.8277	31901	Anbar	IQ
Néa Ionía	39.3790	22.9275	31884	Thessaly	GR
Al Qaryatayn	34.2296	37.2407	31748	Homs	SY
Kiskunfélegyháza	46.7121	19.8446	31720	Bács-Kiskun	HU
Sakhnīn	32.8651	35.2977	31702	Northern District	IL
Salqīn	36.1386	36.4524	31608	Idlib	SY
Ceylanpınar	36.8472	40.0500	31488	Şanlıurfa	TR
Bulanık	39.0866	42.2716	31430	Muş	TR
Orosháza	46.5667	20.6667	31373	Bekes County	HU
Eyvān	33.8272	46.3097	31299	Ilam Province	IR
Ţafas	32.7371	36.0665	31249	Daraa	SY
Al Maḩāwīl	32.6614	44.4085	31200	Babil	IQ
Ortaköy	38.7373	34.0387	31144	Aksaray	TR
Pavlovskaya	46.1390	39.7862	31133	Krasnodar Krai	RU
Kičevo	41.5127	20.9587	31123	Kichevo	MK
Kula	38.5473	28.6498	31100	Manisa	TR
Kuçovë	40.8003	19.9167	31077	Berat County	AL
Mimarsinan	41.0149	28.5608	31002	Istanbul	TR
Ḩadīthah	34.1366	42.3773	30925	Anbar	IQ
Baalbek	34.0058	36.2181	30916	Baalbek-Hermel Governorate	LB
Cholargós	38.0000	23.8000	30840	Attica	GR
Dorohoi	47.9500	26.4000	30776	Botoșani County	RO
Karasu	41.1044	30.6966	30746	Sakarya	TR
Vrilissia	38.0338	23.8296	30741	Attica	GR
Petrich	41.3985	23.2070	30722	Blagoevgrad	BG
Şūrān	35.2919	36.7485	30716	Hama	SY
Făgăraș	45.8500	24.9667	30714	Brașov County	RO
Yany Kapu	45.9555	33.7926	30700	Crimea	UA
Smolyan	41.5744	24.7120	30689	Smolyan	BG
Vushtrri	42.8231	20.9675	30651	Mitrovica	XK
Karamürsel	40.6913	29.6165	30525	Kocaeli	TR
Şaḩnāyā	33.4253	36.2255	30519	Rif-dimashq	SY
Lupeni	45.3603	23.2383	30488	Hunedoara County	RO
Starominskaya	46.5309	39.0516	30461	Krasnodar Krai	RU
İncirli	39.9843	32.8432	30440	Ankara	TR
Kemalpaşa	38.4262	27.4173	30411	İzmir Province	TR
Görele	41.0308	39.0031	30381	Giresun	TR
Binnish	35.9566	36.7138	30354	Idlib	SY
Karlovo	42.6333	24.8000	30340	Plovdiv	BG
Beykonak	36.3257	30.3030	30339	Antalya	TR
Voluntari	44.4900	26.1734	30323	Ilfov	RO
Jāsim	32.9913	36.0609	30283	Daraa	SY
Asprópyrgos	38.0613	23.5897	30251	Attica	GR
Dunakeszi	47.6364	19.1386	30246	Pest County	HU
Kórinthos	37.9401	22.9513	30176	Peloponnese	GR
Svishtov	43.6187	25.3503	30157	Veliko Tarnovo	BG
Kifrī	34.6896	44.9606	30143	Diyala	IQ
Ptolemaḯda	40.5147	21.6786	30045	West Macedonia	GR
Chalkidóna	40.7318	22.5999	30030	Central Macedonia	GR
Kavajë	41.1856	19.5569	30012	Tirana	AL
Chmistâr	33.9647	36.0175	30000	Baalbek-Hermel Governorate	LB
Lazarevskoye	43.9089	39.3314	30000	Krasnodar Krai	RU
Burj Islām	35.6740	35.8026	30000	Latakia	SY
Shūrash	35.5156	44.8427	29960	Sulaymaniyah	IQ
Bāqa el Gharbīya	32.4206	35.0427	29950	Haifa	IL
Gérakas	38.0228	23.8576	29939	Attica	GR
Săcele	45.6167	25.7110	29918	Brașov County	RO
Araklı	40.9385	40.0584	29917	Trabzon	TR
Kushchyovskaya	46.5599	39.6321	29915	Krasnodar Krai	RU
Metamórfosi	38.0658	23.7636	29891	Attica	GR
Bostanlı	38.4592	27.0973	29842	İzmir Province	TR
Mandalī	33.7481	45.5550	29785	Diyala	IQ
Tallkalakh	34.6684	36.2600	29754	Homs	SY
Sardrūd	38.0261	46.1476	29739	East Azerbaijan	IR
Karakoçan	38.9518	40.0271	29735	Elazığ	TR
Armavir	40.1555	44.0388	29700	Armavir	AM
Ajab Shīr	37.4776	45.8943	29675	East Azerbaijan	IR
Nardò	40.1795	18.0317	29668	Apulia	IT
Alushta	44.6773	34.4097	29586	Crimea	UA
Fălticeni	47.4500	26.3000	29576	Suceava	RO
Tokmak	47.2555	35.7084	29573	Zaporizhzhia	UA
Az Zabadānī	33.7249	36.1005	29549	Rif-dimashq	SY
Kozluk	38.1912	41.4778	29502	Batman	TR
Silistra	44.1171	27.2606	29498	Silistra	BG
Bačka Palanka	45.2497	19.3966	29449	Vojvodina	RS
Gürpınar	40.9926	28.6143	29411	Istanbul	TR
Dā‘il	32.7535	36.1308	29408	Daraa	SY
Kiskunhalas	46.4340	19.4848	29354	Bács-Kiskun	HU
Şemikler	38.4750	27.0959	29321	İzmir Province	TR
Yehud-Monosson	32.0284	34.8796	29312	Tel Aviv	IL
Zernograd	46.8486	40.3116	29268	Rostov	RU
Ţayyibat al Imām	35.2659	36.7122	29259	Hama	SY
Hajīn	34.6951	40.8314	29237	Deir ez-Zor	SY
Bucak	37.4592	30.5950	29234	Burdur	TR
Shahhat	32.8043	21.8661	29206	Al Jabal al Akhdar	LY
Kamaterón	38.0559	23.7051	29179	Attica	GR
Huşi	46.6736	28.0594	29129	Vaslui County	RO
Selçuk	37.9514	27.3685	29101	İzmir Province	TR
Inkhil	33.0181	36.1283	29076	Daraa	SY
Ipatovo	45.7180	42.9061	29073	Stavropol Kray	RU
Mioveni	44.9590	24.9420	29062	Arges	RO
Alsórákos	47.5279	19.1229	29023	Budapest	HU
Krasnoarmeyskaya	45.3655	38.2119	29009	Krasnodar Krai	RU
Razgrad	43.5333	26.5185	28931	Razgrad	BG
Dayr Ḩāfir	36.1569	37.7078	28905	Aleppo	SY
Oba	36.5501	32.0596	28864	Antalya	TR
Ataşehir	38.4885	27.0613	28864	İzmir Province	TR
Yakuplu	40.9889	28.6758	28811	Istanbul	TR
Esztergom	47.7928	18.7415	28785	Komárom-Esztergom	HU
Turnu Măgurele	43.7469	24.8685	28783	Teleorman County	RO
Inozemtsevo	44.0926	43.0911	28779	Stavropol Kray	RU
Yenişehir	40.2644	29.6531	28656	Bursa Province	TR
Târnăveni	46.3319	24.2966	28634	Mureș County	RO
Giv'at Shmuel	32.0782	34.8486	28628	Tel Aviv	IL
Kaman	39.3575	33.7239	28605	Kırşehir	TR
Foça	38.6703	26.7566	28594	İzmir Province	TR
Gerede	40.8008	32.1969	28582	Bolu	TR
Sandanski	41.5667	23.2833	28510	Blagoevgrad	BG
Kochubeyevskoye	44.6442	41.8453	28491	Stavropol Kray	RU
Bozyazı	36.1082	32.9611	28456	Mersin	TR
Terme	41.2092	36.9739	28397	Samsun	TR
Voúla	37.8422	23.7765	28364	Attica	GR
Aiud	46.3101	23.7213	28341	Alba County	RO
Mytilene	39.1077	26.5553	28322	North Aegean	GR
Saky	45.1342	33.6000	28322	Crimea	UA
Vinkovci	45.2883	18.8047	28111	Vukovar-Srijem	HR
Lipkovo	42.1570	21.5856	28102	Lipkovo	MK
Argun	43.2929	45.8669	28100	Chechnya	RU
Goryachiy Klyuch	44.6339	39.1358	28078	Krasnodar Krai	RU
Gölbaşı	37.7836	37.6367	28078	Adıyaman Province	TR
Aleksandrovskoye	44.7142	43.0008	28006	Stavropol Kray	RU
Batifa	37.1745	43.0123	28000	Duhok	IQ
Lovech	43.1323	24.7176	27910	Lovech	BG
Szentes	46.6583	20.2608	27898	Csongrád	HU
Tirat Karmel	32.7602	34.9687	27822	Haifa	IL
Giannitsá	40.7919	22.4075	27817	Central Macedonia	GR
Şāfītā	34.8210	36.1177	27815	Tartus	SY
Boyabat	41.4689	34.7667	27717	Sinop	TR
Neftekumsk	44.7558	44.9925	27716	Stavropol Kray	RU
Prokuplje	43.2342	21.5881	27673	Central Serbia	RS
Novoaleksandrovsk	45.4975	41.2253	27610	Stavropol Kray	RU
Caransebeş	45.4167	22.2167	27521	Caraș-Severin County	RO
Bakhchysaray	44.7552	33.8578	27448	Crimea	UA
Jászberény	47.5000	19.9167	27439	Jász-Nagykun-Szolnok	HU
Malekān	37.1426	46.1035	27431	East Azerbaijan	IR
Malkara	40.8910	26.9020	27427	Tekirdağ	TR
Ilgın	38.2792	31.9139	27423	Konya	TR
Roșiorii de Vede	44.1167	24.9833	27416	Teleorman County	RO
Sebeş	45.9565	23.5710	27246	Alba County	RO
Doboj	44.7318	18.0870	27235	Srpska	BA
Baynjiwayn	35.6205	45.9491	27116	Sulaymaniyah	IQ
Elefthério - Kordelió	40.6639	22.8969	27067	Central Macedonia	GR
Hıdırbey	36.2080	36.1279	27057	Hatay	TR
Jarash	32.2808	35.8993	27046	Jerash	JO
Alaca	40.1683	34.8425	27019	Çorum	TR
Asparuhovo	43.1807	27.8882	27000	Varna	BG
‘Anah	34.3686	41.9819	27000	Anbar	IQ
Smederevska Palanka	44.3655	20.9589	27000	Central Serbia	RS
Borşa	47.6553	24.6633	26966	Maramureş	RO
Komló	46.1928	18.2649	26924	Baranya	HU
Dubrovnik	42.6412	18.1091	26922	Dubrovnik-Neretva	HR
Bulqizë	41.4917	20.2219	26826	Dibër County	AL
‘Āmūdā	37.1042	40.9300	26821	Al-Hasakah	SY
Budafok	47.4239	19.0363	26782	Budapest	HU
Qarah Ẕīā’ od Dīn	38.8915	45.0255	26767	West Azerbaijan	IR
Samokov	42.3385	23.5581	26765	Sofia	BG
Babaeski	41.4281	27.0966	26724	Kırklareli	TR
Kyrenia	35.3363	33.3173	26701	Keryneia	CY
Stantsiya Novyy Afon	43.0806	40.8383	26636	Abkhazia	GE
Akyurt	40.1351	33.0861	26572	Ankara	TR
Kulp	38.4975	41.0067	26569	Diyarbakır Province	TR
Trípoli	37.5096	22.3788	26561	Peloponnese	GR
Eṭ Ṭīra	32.2341	34.9502	26552	Central District	IL
Agía Varvára	37.9894	23.6601	26550	Attica	GR
Câmpia Turzii	46.5500	23.8833	26457	Cluj County	RO
Marneuli	41.4876	44.7985	26400	Kvemo Kartli	GE
Kaisarianí	37.9634	23.7652	26370	Attica	GR
Ad Dujayl	33.8467	44.2344	26362	Salah ad Din	IQ
Poldokhtar	33.1525	47.7101	26352	Lorestan Province	IR
Erzin	36.9535	36.1984	26316	Hatay	TR
Al Mālikīyah	37.1770	42.1401	26311	Al-Hasakah	SY
Durleşti	47.0216	28.7630	26308	Chișinău Municipality	MD
Budapest V. kerület	47.4996	19.0511	26284	Budapest	HU
Çan	40.0333	27.0524	26201	Canakkale	TR
Altınşehir	37.7412	38.2290	26153	Adıyaman Province	TR
Malazgirt	39.1465	42.5354	26108	Muş	TR
Didim	37.3850	27.2564	26000	Aydın	TR
Shaykh Miskīn	32.8267	36.1605	25920	Daraa	SY
Tamra	32.8530	35.1987	25917	Northern District	IL
Vrbas	45.5714	19.6408	25907	Vojvodina	RS
Óhegy	47.4780	19.1479	25842	Budapest	HU
Artvin	41.1816	41.8217	25841	Artvin	TR
Güroymak	38.5758	42.0156	25826	Bitlis	TR
Neapoli	40.6532	22.9416	25822	Central Macedonia	GR
Suşehri	40.1600	38.0841	25820	Sivas	TR
Bečej	45.6163	20.0333	25774	Vojvodina	RS
Pāveh	35.0434	46.3565	25771	Kermanshah Province	IR
Néa Filadélfeia	38.0349	23.7381	25734	Attica	GR
Aş Şanamayn	33.0719	36.1832	25702	Daraa	SY
Migdal Ha‘Emeq	32.6779	35.2416	25675	Northern District	IL
Al-'Alam	34.7090	43.6951	25662	Salah ad Din	IQ
Tall Rif‘at	36.4723	37.0947	25658	Aleppo	SY
Yehud	32.0332	34.8909	25600	Central District	IL
Batabo	36.1345	36.7398	25560	Aleppo	SY
Ekazhevo	43.2122	44.8231	25549	Ingushetiya Republic	RU
Nubl	36.3787	36.9929	25546	Aleppo	SY
Subaykhān	34.8531	40.5999	25514	Deir ez-Zor	SY
Moskháton	37.9479	23.6788	25441	Attica	GR
Zelino	41.9803	21.0642	25422	Zhelino	MK
Elmadağ	39.9208	33.2308	25394	Ankara	TR
Pérama	37.9678	23.5721	25389	Attica	GR
Showţ	39.2192	44.7700	25381	West Azerbaijan	IR
Saraj	42.0000	21.3278	25379	Grad Skopje	MK
Salamína	37.9643	23.4965	25370	Attica	GR
Újszeged	46.2475	20.1657	25300		HU
Petrila	45.4500	23.4167	25234	Hunedoara County	RO
Sapanca	40.6914	30.2674	25224	Sakarya	TR
Mostovskoy	44.4115	40.7928	25188	Krasnodar Krai	RU
Gelibolu	40.4084	26.6717	25178	Canakkale	TR
Kağızman	40.1567	43.1342	25157	Kars Province	TR
Vezirköprü	41.1436	35.4547	25155	Samsun	TR
Makó	46.2167	20.4833	25135	Csongrád	HU
Fuzuli	39.6009	47.1453	25100	Fuzuli District	AZ
Ganei Tikva	32.0597	34.8732	25093	Central District	IL
Budaörs	47.4618	18.9584	25089	Pest County	HU
Akyazı	40.6850	30.6222	25068	Sakarya	TR
Yahyalı	38.1023	35.3570	25019	Kayseri	TR
Daliyat al Karmel	32.6938	35.0469	25000	Haifa	IL
Knjazevac	43.5663	22.2570	25000	Central Serbia	RS
Shali	43.1481	45.9019	25000	Chechnya	RU
Jarābulus	36.8175	38.0111	24997	Aleppo	SY
Radovis	41.6383	22.4647	24984	Radovish	MK
Rákoskeresztúr	47.4732	19.2618	24971	Pest County	HU
Darreh Shahr	33.1445	47.3799	24961	Ilam Province	IR
Zărnești	45.5609	25.3179	24926	Brașov County	RO
Orhei	47.3850	28.8254	24918	Orhei	MD
Elefsína	38.0414	23.5430	24910	Attica	GR
En Nâqoûra	33.1181	35.1397	24910	South Governorate	LB
‘Ara-‘Ar‘ara	32.4956	35.0926	24904	Haifa	IL
Szigetszentmiklós	47.3438	19.0434	24874	Pest County	HU
Susurluk	39.9136	28.1578	24816	Balıkesir	TR
Kfar Yona	32.3152	34.9357	24778	Central District	IL
Cugir	45.8365	23.3700	24734	Alba County	RO
Naphegy	47.4884	19.0254	24728	Pest County	HU
Budapest I. kerület	47.4971	19.0396	24728	Budapest	HU
Oleshky	46.6255	32.7243	24639	Kherson	UA
Zheleznovodsk	44.1432	43.0048	24632	Stavropol Kray	RU
Al Qubbah	32.7568	22.2411	24631	Darnah	LY
Sevlievo	43.0230	25.1036	24582	Gabrovo	BG
Devrek	41.2192	31.9558	24559	Zonguldak Province	TR
Çayeli	41.0861	40.7221	24556	Rize Province	TR
Pasinler	39.9798	41.6700	24553	Erzurum	TR
Ravānsar	34.7153	46.6533	24527	Kermanshah Province	IR
Gürsu	40.2188	29.1949	24510	Bursa Province	TR
Inđija	45.0482	20.0816	24450	Vojvodina	RS
Tbilisskaya	45.3645	40.1968	24446	Krasnodar Krai	RU
Armyansk	46.1092	33.6921	24442	Crimea	UA
Novopavlovsk	43.9594	43.6316	24408	Stavropol Kray	RU
Aranđelovac	44.3069	20.5600	24309	Central Serbia	RS
Mahmutlar	36.4946	32.0909	24227	Antalya	TR
Nesher	32.7662	35.0442	24148	Haifa	IL
Mórfou	35.1987	32.9934	24070	Nicosia	CY
Tosya	41.0155	34.0401	24013	Kastamonu	TR
Gornji Milanovac	44.0260	20.4615	23982	Central Serbia	RS
Moineşti	46.4752	26.4891	23981	Bacău County	RO
Chios	38.3687	26.1372	23953	North Aegean	GR
Khashuri	41.9973	43.5990	23949	Shida Kartli	GE
Ābdānān	32.9926	47.4198	23946	Ilam Province	IR
Kazan	40.2317	32.6839	23889	Ankara	TR
Kelkit	40.1268	39.4342	23870	Gümüşhane Province	TR
Pazarcık	37.4868	37.2996	23850	Kahramanmaraş	TR
Kafr Qāsim	32.1141	34.9762	23823	Central District	IL
Rădăuți	47.8500	25.9167	23822	Suceava	RO
Emet	39.3430	29.2585	23812	Kütahya	TR
Şarkışla	39.3519	36.4098	23800	Sivas	TR
Yoqne‘am ‘Illit	32.6466	35.0920	23796	Northern District	IL
Fetești-Gară	44.4196	27.8254	23789	Ialomița County	RO
Al Ḩirāk	32.7495	36.3058	23784	Daraa	SY
Hajdúszoboszló	47.4500	21.4000	23781	Hajdú-Bihar	HU
Troitskaya	43.3066	44.9840	23745	Ingushetiya Republic	RU
Gherla	47.0333	23.9167	23741	Cluj County	RO
Ferizli	40.9408	30.4858	23740	Sakarya	TR
Comăneşti	46.4213	26.4365	23729	Bacău County	RO
Sarıkamış	40.3277	42.5870	23665	Kars Province	TR
Nova Zagora	42.4833	26.0167	23625	Sliven	BG
Szentendre	47.6694	19.0756	23606	Pest County	HU
Semikarakorsk	47.5168	40.8083	23583	Rostov	RU
Lazarevac	44.3853	20.2557	23551	Central Serbia	RS
Ağdaş	40.6470	47.4738	23528	Ağdaş	AZ
Al Kiswah	33.3581	36.2419	23526	Rif-dimashq	SY
Tallkayf	36.4912	43.1211	23524	Nineveh	IQ
Nagykőrös	47.0342	19.7786	23517	Pest County	HU
Oltu	40.5395	41.9872	23504	Erzurum	TR
Copertino	40.2682	18.0543	23489	Apulia	IT
Mégara	37.9947	23.3432	23456	Attica	GR
Gjirokastër	40.0758	20.1389	23437	Gjirokastër County	AL
Ḩalfāyā	35.2601	36.6058	23403	Hama	SY
Lermontov	44.1072	42.9780	23369	Stavropol Kray	RU
Librazhd	41.1794	20.3150	23312	Elbasan County	AL
Dubăsari	47.2656	29.1667	23254	Transnistria	MD
Káto Polemídia	34.6972	32.9932	23231	Limassol	CY
Tata	47.6529	18.3184	23217	Komárom-Esztergom	HU
Zikhron Ya‘aqov	32.5688	34.9543	23206	Haifa	IL
Mudanya	40.3752	28.8838	23161	Bursa Province	TR
Masis	40.0660	44.4367	23136	Ararat	AM
Rákosszentmihály	47.5246	19.1550	23098	Budapest	HU
Tearce	42.0759	21.0518	23096	Tearce	MK
Yakınca	38.3053	38.2383	23063	Malatya	TR
Akdağmadeni	39.6603	35.8836	23048	Yozgat	TR
Siófok	46.9041	18.0580	23028	Somogy County	HU
‘Aqrah	36.7604	43.8943	23000	Nineveh	IQ
Sremčica	44.6765	20.3923	23000	Central Serbia	RS
Otradnaya	44.3932	41.5193	22985	Krasnodar Krai	RU
Kovancılar	38.7188	39.8627	22976	Elazığ	TR
Il’skiy	44.8422	38.5669	22970	Krasnodar Krai	RU
İdil	37.3348	41.8894	22960	Şırnak	TR
Maghār	32.8889	35.4083	22957	Northern District	IL
Ṟuwandiz	36.6114	44.5219	22943	Erbil	IQ
Aradíppou	34.9478	33.5881	22934	Larnaka	CY
Ardahan	41.1087	42.7022	22927	Ardahan	TR
Kilkís	40.9930	22.8743	22914	Central Macedonia	GR
Dhafní	37.9500	23.7344	22913	Attica	GR
Comrat	46.2949	28.6571	22911	Gagauzia	MD
Severskaya	44.8539	38.6792	22849	Krasnodar Krai	RU
Dokuchayevsk	47.7522	37.6776	22835	Donetsk	UA
Artashat	39.9548	44.5487	22800	Ararat	AM
Törökszentmiklós	47.1833	20.4167	22770	Jász-Nagykun-Szolnok	HU
Kafr Kannā	32.7466	35.3424	22751	Northern District	IL
Melíssia	38.0500	23.8333	22741	Attica	GR
Ceadîr-Lunga	46.0617	28.8308	22700	Gagauzia	MD
Patos Fshat	40.6428	19.6508	22679	Fier County	AL
Erdek	40.3996	27.7935	22678	Balıkesir	TR
Novotitarovskaya	45.2376	38.9806	22630	Krasnodar Krai	RU
Olteniţa	44.0833	26.6333	22624	Călărași County	RO
Sarandë	39.8753	20.0048	22613	Vlorë County	AL
Zekeriya	41.1981	29.0303	22558	Istanbul	TR
Qiryat Shmona	33.2120	35.5704	22512	Northern District	IL
Genç	38.7477	40.5534	22493	Bingöl	TR
Kadima Zoran	32.2778	34.9194	22490	Central District	IL
Kafr Takhārīm	36.1168	36.5152	22436	Idlib	SY
Pýrgos	37.6751	21.4410	22399	West Greece	GR
Karcag	47.3167	20.9333	22370	Jász-Nagykun-Szolnok	HU
Ar Ruţbah	33.0372	40.2859	22370	Anbar	IQ
Motru	44.8033	22.9719	22319	Gorj County	RO
Bryukhovetskaya	45.7996	38.9967	22309	Krasnodar Krai	RU
Vukovar	45.3516	19.0023	22255	Vukovar-Srijem	HR
El Hermel	34.3942	36.3847	22250	Baalbek-Hermel Governorate	LB
İznik	40.4286	29.7211	22230	Bursa Province	TR
Árgos	37.6333	22.7333	22209	Peloponnese	GR
Shabestar	38.1804	45.7028	22181	East Azerbaijan	IR
Charentsavan	40.4029	44.6445	22071	Kotayk	AM
Gediz	38.9939	29.3913	22058	Kütahya	TR
Orahovac	42.3994	20.6547	22049	Gjakova	XK
Ad Dānā	36.2125	36.7700	21987	Idlib	SY
Khosrowshahr	37.9497	46.0528	21972	East Azerbaijan	IR
Menderes	38.2496	27.1343	21965	İzmir Province	TR
Gyál	47.3845	19.2214	21937	Pest County	HU
Artémida	37.9673	23.9968	21924	Attica	GR
Árta	39.1601	20.9856	21895	Epirus	GR
Kafr Zaytā	35.3743	36.6033	21845	Hama	SY
maalot Tarshīhā	33.0167	35.2667	21836	Northern District	IL
Kafr Lāhā	34.8947	36.4958	21819	Homs	SY
Kırkağaç	39.1064	27.6693	21789	Manisa	TR
Tāzah Khūrmātū	35.3024	44.3264	21788	Kirkuk	IQ
Küçükçiğli	38.5080	27.0554	21784	İzmir Province	TR
Çaycuma	41.4264	32.0756	21773	Zonguldak Province	TR
Bostānābād	37.8463	46.8354	21734	East Azerbaijan	IR
Monor	47.3513	19.4473	21720	Pest County	HU
Tepecik	41.0293	28.5498	21699	Istanbul	TR
Căuşeni	46.6374	29.4109	21690	Căuşeni	MD
Khadyzhensk	44.4258	39.5362	21685	Krasnodar Krai	RU
Aglantziá	35.1542	33.3964	21543	Nicosia	CY
Bozova	37.3625	38.5267	21502	Şanlıurfa	TR
Havza	40.9706	35.6622	21500	Samsun	TR
Livadeiá	38.4362	22.8767	21492	Central Greece	GR
Ad Darbāsīyah	37.0728	40.6520	21481	Al-Hasakah	SY
Cikcilli	36.5540	32.0296	21449	Antalya	TR
Demirci	39.0461	28.6589	21378	Manisa	TR
Habhab	33.7841	44.5066	21373	Diyala	IQ
Péfki	38.0602	23.7926	21352	Attica	GR
Çine	37.6127	28.0591	21327	Aydın	TR
Várpalota	47.1994	18.1395	21299	Veszprém	HU
Békés	46.7667	21.1333	21198	Bekes County	HU
Terek	43.4833	44.1378	21180	Kabardino-Balkariya Republic	RU
Hacılar	38.6463	35.4494	21167	Kayseri	TR
Volnovakha	47.6008	37.4936	21166	Donetsk	UA
Judeida Makr	32.9282	35.1570	21163	Northern District	IL
Troyan	42.8943	24.7159	21162	Lovech	BG
Zelenchukskaya	43.8550	41.5902	21117	Karachayevo-Cherkesiya Republic	RU
Aytos	42.7032	27.2546	20986	Burgas	BG
Çermik	38.1354	39.4450	20975	Diyarbakır Province	TR
Dugulubgey	43.6625	43.5369	20965	Kabardino-Balkariya Republic	RU
Botevgrad	42.9080	23.7927	20909	Sofia	BG
Kurchaloy	43.2049	46.0878	20903	Chechnya	RU
Alaplı	41.1814	31.3851	20890	Zonguldak Province	TR
Oraiókastro	40.7308	22.9172	20852	Central Macedonia	GR
Kriva Palanka	42.2020	22.3339	20820	Kriva Palanka	MK
Gazakh	41.0925	45.3656	20800	Qazax	AZ
Šuto Orizare	42.0400	21.4250	20800	Grad Skopje	MK
Dargeçit	37.5462	41.7165	20793	Mardin	TR
Byblos	34.1211	35.6481	20784	Mount Lebanon	LB
Carei	47.6833	22.4667	20775	Satu Mare County	RO
Orăştie	45.8333	23.2000	20763	Hunedoara County	RO
Dombóvár	46.3766	18.1370	20748	Tolna County	HU
Çubuklu	41.1042	29.0833	20698	Istanbul	TR
Buftea	44.5614	25.9489	20691	Ilfov	RO
Gevgelija	41.1429	22.5011	20664	Gevgelija	MK
Qārah	34.1556	36.7428	20656	Rif-dimashq	SY
Paks	46.6221	18.8557	20638	Tolna County	HU
Samtredia	42.1537	42.3352	20633	Imereti	GE
Drăgăşani	44.6500	24.2667	20630	Vâlcea County	RO
Balş	44.3500	24.1000	20626	Olt	RO
Evka-Üç	38.4707	27.2509	20600	İzmir Province	TR
Moreni	44.9830	25.6441	20596	Dâmbovița County	RO
Ćuprija	43.9275	21.3700	20585	Central Serbia	RS
Hashtrūd	37.4779	47.0508	20572	East Azerbaijan	IR
Ariel	32.1065	35.1845	20540	Judea and Samaria Area	IL
Codlea	45.7000	25.4500	20534	Brașov County	RO
Gotse Delchev	41.5667	23.7333	20522	Blagoevgrad	BG
Égkomi	35.1627	33.8832	20502	Ammochostos	CY
Târgu Neamţ	47.2000	26.3667	20473	Neamț County	RO
Karaçoban	39.3436	42.0992	20467	Erzurum	TR
Korkuteli	37.0650	30.1957	20465	Antalya	TR
Aígio	38.2486	22.0819	20422	West Greece	GR
Tartar	40.3420	46.9316	20400	Tartar District	AZ
Darende	38.5458	37.5058	20388	Malatya	TR
Budapest XXIII. kerület	47.3979	19.1149	20387	Budapest	HU
Kaynaşlı	40.7692	31.3221	20379	Düzce	TR
Blaj	46.1751	23.9158	20371	Alba County	RO
Senta	45.9275	20.0772	20302	Vojvodina	RS
Velingrad	42.0275	23.9916	20286	Pazardzhik	BG
Oroszlány	47.4867	18.3122	20271	Komárom-Esztergom	HU
Karachayevsk	43.7723	41.9137	20264	Karachayevo-Cherkesiya Republic	RU
Protaras	35.0125	34.0583	20230	Ammochostos	CY
Hatvan	47.6667	19.6833	20228	Heves County	HU
Geyve	40.5075	30.2925	20199	Sakarya	TR
Kafr Mandā	32.8109	35.2607	20188	Northern District	IL
Zestaponi	42.1075	43.0329	20183	Imereti	GE
Belen	36.4887	36.1949	20113	Hatay	TR
Hadim	36.9878	32.4567	20110	Konya	TR
Tyrnyauz	43.3828	42.9183	20104	Kabardino-Balkariya Republic	RU
Rrashbull	41.3228	19.5103	20099	Durrës County	AL
Târgu Secuiesc	46.0000	26.1333	20067	Covasna County	RO
Emirdağ	39.0197	31.1500	20063	Afyonkarahisar Province	TR
Corabia	43.7751	24.5015	20047	Olt	RO
Sürmene	40.9059	40.1279	20039	Trabzon	TR
Judita	32.4079	35.7080	20000	Irbid	JO
Bsharri	34.2508	36.0106	20000	North Lebanon	LB
Khosta	43.5148	39.8683	20000	Krasnodar Krai	RU
Dagomys	43.6697	39.6686	20000	Krasnodar Krai	RU
Yessentukskaya	44.0258	42.8749	19956	Stavropol Kray	RU
Khalīfān	36.6087	44.4048	19891	Erbil	IQ
Náousa	40.6294	22.0681	19887	Central Macedonia	GR
Telavi	41.9196	45.4700	19875	Kakheti	GE
Mátyásföld	47.5095	19.2113	19869	Budapest	HU
Băicoi	45.0333	25.8500	19869	Prahova	RO
Llazicë	42.5553	20.7633	19863	Prizren	XK
İskilip	40.7353	34.4739	19829	Çorum	TR
Goygol	40.5858	46.3189	19800	Goygol Rayon	AZ
Hayrabolu	41.2131	27.1069	19793	Tekirdağ	TR
Şile	41.1789	29.6108	19778	Istanbul	TR
Gheorgheni	46.7229	25.6005	19777	Harghita County	RO
Vulcan	45.3833	23.2667	19772	Hunedoara County	RO
Yomra	40.9533	39.8555	19770	Trabzon	TR
Câmpulung Moldovenesc	47.5333	25.5667	19765	Suceava	RO
Lágymányos	47.4724	19.0581	19741	Pest County	HU
Ortaca	36.8391	28.7646	19741	Muğla	TR
‘Anat al Qadīmah	34.4693	41.9422	19719	Anbar	IQ
‘Alī al Gharbī	32.4619	46.6879	19711	Maysan	IQ
Karnobat	42.6500	26.9833	19709	Burgas	BG
Alagir	43.0425	44.2202	19665	North Ossetia–Alania	RU
Sevan	40.5480	44.9531	19652	Gegharkunik	AM
Kotel’nikovo	47.6301	43.1416	19622	Volgograd Oblast	RU
Băileşti	44.0167	23.3500	19599	Dolj	RO
Seferihisar	38.1975	26.8388	19596	İzmir Province	TR
Galatina	40.1742	18.1703	19569	Apulia	IT
Kiliya	45.4445	29.2640	19540	Odesa	UA
Herceg Novi	42.4531	18.5375	19536	Herceg Novi	ME
Negotino	41.4846	22.0906	19515	Negotino	MK
Loznica	44.5312	19.2427	19515	Central Serbia	RS
Henichesk	46.1682	34.8086	19501	Kherson	UA
Ijevan	40.8804	45.1478	19500	Tavush	AM
Proletarsk	46.7024	41.7249	19493	Rostov	RU
Pljevlja	43.3567	19.3584	19489	Pljevlja	ME
Akhtyrskiy	44.8546	38.3031	19468	Krasnodar Krai	RU
Shusha	39.7601	46.7499	19400	Shusha	AZ
Panagyurishte	42.4952	24.1902	19389	Pazardzhik	BG
Casarano	40.0113	18.1624	19359	Apulia	IT
Novopokrovskaya	45.9576	40.6981	19342	Krasnodar Krai	RU
Vecsés	47.4070	19.2865	19327	Pest County	HU
Orlovskiy	46.8744	42.0522	19325	Rostov	RU
Yelizavetinskaya	45.0462	38.7949	19306	Krasnodar Krai	RU
Dalaman	36.7659	28.8028	19292	Muğla	TR
Taşova	40.7597	36.3225	19253	Amasya	TR
Kos	36.8929	27.2877	19244	South Aegean	GR
Strășeni	47.1422	28.6077	19225	Strășeni	MD
Nesterovskaya	43.2386	45.0503	19186	Ingushetiya Republic	RU
Mezőtúr	47.0000	20.6333	19168	Jász-Nagykun-Szolnok	HU
Koropí	37.8989	23.8718	19164	Attica	GR
Qabāţīyah	32.4104	35.2809	19127	West Bank	PS
Nallıhan	40.1859	31.3518	19106	Ankara	TR
Balatçık	38.5163	27.0475	19082	İzmir Province	TR
Yatağan	37.3402	28.1428	19020	Muğla	TR
Kafr Qari‘	32.5053	35.0521	19018	Haifa	IL
Leposaviq	43.1039	20.8028	19000	Mitrovica	XK
Filiaşi	44.5500	23.5167	18995	Dolj	RO
Şemdinli	37.3051	44.5742	18978	Hakkâri	TR
Or Akiva	32.5064	34.9209	18972	Haifa	IL
Sarayköy	37.9245	28.9252	18937	Denizli	TR
Harmanli	41.9323	25.9017	18931	Haskovo	BG
Al Fuḩayş	32.0047	35.7809	18916	Balqa	JO
Yāfā	32.6892	35.2783	18905	Northern District	IL
Gavar	40.3540	45.1239	18900	Gegharkunik	AM
Konstantinovsk	47.5811	41.0934	18876	Rostov	RU
Komárom	47.7432	18.1191	18805	Komárom-Esztergom	HU
Staroshcherbinovskaya	46.6303	38.6638	18785	Krasnodar Krai	RU
Gürgentepe	40.7899	37.6007	18771	Ordu	TR
Vyselki	45.5806	39.6574	18746	Krasnodar Krai	RU
Mátészalka	47.9553	22.3235	18718	Szabolcs-Szatmár-Bereg	HU
Mohács	45.9902	18.6862	18711	Baranya	HU
Lezhë	41.7836	19.6436	18695	Lezhë County	AL
Varto	39.1737	41.4540	18691	Muş	TR
Peshtera	42.0337	24.2999	18676	Pazardzhik	BG
Édessa	40.8026	22.0475	18669	Central Macedonia	GR
Balaklava	44.5112	33.5994	18649	Sevastopol City	UA
Calafat	43.9907	22.9333	18643	Dolj	RO
Néa Erythraía	38.0927	23.8222	18604	Attica	GR
Lom	43.8317	23.2379	18593	Montana	BG
Csongrád	46.7133	20.1424	18580	Csongrád	HU
İncirliova	37.8522	27.7236	18572	Aydın	TR
Zākīyah	33.3341	36.1588	18553	Rif-dimashq	SY
Reni	45.4542	28.2773	18530	Odesa	UA
Csepel-Csillagtelep	47.4092	19.0594	18527	Budapest	HU
Qaţanā	33.4376	36.0789	18511	Rif-dimashq	SY
Balta	47.9360	29.6223	18511	Odesa	UA
Cernavodă	44.3396	28.0327	18502	Constanța County	RO
Qaşr-e Shīrīn	34.5156	45.5791	18473	Kermanshah Province	IR
Oskū	37.9150	46.1226	18459	East Azerbaijan	IR
Narlıca	36.2353	36.2146	18445	Hatay	TR
Nezlobnaya	44.1181	43.4028	18412	Stavropol Kray	RU
Buhuşi	46.7167	26.7000	18395	Bacău County	RO
Aydūn	32.5053	35.8581	18376	Irbid	JO
Gazipaşa	36.2694	32.3179	18371	Antalya	TR
Avtury	43.1634	46.0015	18370	Chechnya	RU
Peraía	40.4987	22.9262	18326	Central Macedonia	GR
Apatin	45.6726	18.9780	18320	Vojvodina	RS
Ardon	43.1789	44.2946	18313	North Ossetia–Alania	RU
Kalocsa	46.5298	18.9728	18242	Bács-Kiskun	HU
Kharabali	47.4077	47.2539	18223	Astrakhan Oblast	RU
Kurakhove	47.9847	37.2807	18220	Donetsk	UA
Studeničani	41.9221	21.5348	18219	Studenichani	MK
Vinica	41.8812	22.5107	18218	Vinica	MK
Afipskiy	44.9001	38.8426	18209	Krasnodar Krai	RU
Diyadin	39.5406	43.6713	18172	Ağrı	TR
Szarvas	46.8667	20.5500	18170	Bekes County	HU
Artik	40.6192	43.9721	18145	Shirak	AM
Qiryat Tiv‘on	32.7122	35.1251	18130	Haifa	IL
Veresegyház	47.6459	19.2954	18122	Pest County	HU
Néa Mákri	38.0873	23.9764	18114	Attica	GR
Polohy	47.4787	36.2546	18111	Zaporizhzhia	UA
Debar	41.5229	20.5220	18074	Debar	MK
Hajdúnánás	47.8500	21.4333	18032	Hajdú-Bihar	HU
Futog	45.2387	19.7142	18018	Vojvodina	RS
Balmazújváros	47.6167	21.3500	18012	Hajdú-Bihar	HU
Budva	42.2872	18.8392	18000	Budva	ME
Chegem	43.5672	43.5853	18000	Kabardino-Balkariya Republic	RU
Amvrosiyivka	47.7906	38.4785	17998	Donetsk	UA
Belaya Glina	46.0812	40.8735	17997	Krasnodar Krai	RU
Yegorlykskaya	46.5659	40.6571	17978	Rostov	RU
Kızılcahamam	40.4697	32.6506	17975	Ankara	TR
Konaklı	36.5925	31.8954	17966	Antalya	TR
Breaza	45.1833	25.6667	17949	Prahova	RO
Skadovsk	46.1131	32.9098	17915	Kherson	UA
Visoko	43.9889	18.1781	17890	Federation of B&H	BA
Fushë-Krujë	41.4783	19.7178	17877	Durrës County	AL
Chortiátis	40.6095	23.1001	17862	Central Macedonia	GR
Rozdilna	46.8548	30.0709	17858	Odesa	UA
Tarabya	41.1336	29.0464	17852	Istanbul	TR
Kurayyimah	32.2764	35.5994	17837	Irbid	JO
Seyah Cheshmeh	39.0651	44.3842	17804	West Azerbaijan	IR
Çerkeş	40.8116	32.8936	17802	Çankırı	TR
Dniprorudne	47.3899	35.0007	17736	Zaporizhzhia	UA
Bar	42.0937	19.0984	17727	Bar	ME
Mezőkövesd	47.8167	20.5833	17701	Borsod-Abaúj-Zemplén	HU
Flórina	40.7820	21.4098	17686	West Macedonia	GR
Zimovniki	47.1462	42.4704	17678	Rostov	RU
Enem	44.9264	38.9058	17665	Adygeya Republic	RU
Svobody	44.0256	43.0503	17661	Stavropol Kray	RU
Yumurtalık	36.7686	35.7894	17654	Adana	TR
Goražde	43.6679	18.9756	17650	Federation of B&H	BA
‘Anjarah	32.3067	35.7544	17634	Ajloun	JO
Negotin	44.2264	22.5308	17612	Central Serbia	RS
Ashtarak	40.2976	44.3615	17600	Aragatsotn	AM
Ararat	39.8549	44.6947	17598	Ararat	AM
Goris	39.5111	46.3417	17592	Syunik	AM
Maharda	35.2479	36.5725	17578	Hama	SY
Százhalombatta	47.3295	18.9388	17566	Pest County	HU
Salonta	46.8000	21.6500	17561	Bihor County	RO
Kobuleti	41.8328	41.7782	17538	Adjara	GE
Dursunbey	39.5860	28.6257	17532	Balıkesir	TR
Hopa	41.3905	41.4197	17519	Artvin	TR
Negotino	41.8779	20.8839	17518	Vrapchishte	MK
Denizciler	36.6411	36.2142	17495	Hatay	TR
Kholmskiy	44.8469	38.3850	17494	Krasnodar Krai	RU
Taşköprü	41.5098	34.2141	17491	Kastamonu	TR
Akhaltsikhe	41.6395	42.9860	17445	Samtskhe-Javakheti	GE
Panórama	40.5878	23.0315	17444	Central Macedonia	GR
Delcevo	41.9672	22.7694	17415	Delchevo	MK
Kantyshevo	43.2282	44.6332	17363	Ingushetiya Republic	RU
Germasógeia	34.7207	33.0845	17325	Limassol	CY
Kemer	36.5978	30.5606	17300	Antalya	TR
Tiszaújváros	47.9333	21.0833	17295	Borsod-Abaúj-Zemplén	HU
Préveza	38.9562	20.7505	17283	Epirus	GR
Suvorovskaya	44.1901	42.6595	17261	Stavropol Kray	RU
Tekkeköy	41.2117	36.4600	17226	Samsun	TR
Nehram	39.1160	45.4617	17200	Nakhchivan	AZ
Yirkā	32.9543	35.2120	17171	Northern District	IL
Serinhisar	37.5810	29.2664	17169	Denizli	TR
Luduş	46.4833	24.1000	17165	Mureș County	RO
Balāţah	32.2121	35.2856	17146	West Bank	PS
Tirebolu	41.0069	38.8139	17124	Giresun	TR
Banaz	38.7371	29.7519	17080	Uşak	TR
Horasan	40.0388	42.1637	17067	Erzurum	TR
Parvomay	42.1000	25.2167	17000	Plovdiv	BG
Kudepsta	43.4955	39.8929	17000	Krasnodar Krai	RU
Zvečan	42.9075	20.8403	17000	Mitrovica	XK
Hilvan	37.5869	38.9550	16990	Şanlıurfa	TR
Ermenek	36.6404	32.8918	16986	Karaman	TR
Dunaharaszti	47.3545	19.0982	16973	Pest County	HU
Svilengrad	41.7684	26.1977	16959	Haskovo	BG
Medvedovskaya	45.4515	39.0249	16941	Krasnodar Krai	RU
Gemerek	39.1834	36.0719	16916	Sivas	TR
Hînceşti	46.8309	28.5900	16900	Hînceşti	MD
Qalansuwa	32.2849	34.9811	16898	Central District	IL
Eğirdir	37.8746	30.8504	16891	Isparta	TR
Đakovo	45.3083	18.4106	16875	County of Osijek-Baranja	HR
Bayındır	38.2174	27.6474	16850	İzmir Province	TR
Obrenovac	44.6549	20.2002	16821	Central Serbia	RS
Bet She’an	32.4966	35.4965	16800	Northern District	IL
Achkhoy-Martan	43.1922	45.2835	16779	Chechnya	RU
Fót	47.6177	19.1887	16770	Pest County	HU
Urziceni	44.7167	26.6333	16770	Ialomița County	RO
Amaliáda	37.7984	21.3507	16763	West Greece	GR
Floreşti	47.8917	28.2934	16759	Floreşti	MD
Serinyol	36.3614	36.2136	16753	Hatay	TR
Baia Sprie	47.6619	23.6922	16746	Maramureş	RO
Korgan	40.8247	37.3467	16733	Ordu	TR
Vári	37.8332	23.8031	16717	Attica	GR
Ellinikó	37.8901	23.7441	16715	Attica	GR
Ürgüp	38.6296	34.9120	16642	Nevşehir Province	TR
Sudak	44.8492	34.9747	16597	Crimea	UA
Dabas	47.1859	19.3109	16590	Pest County	HU
Elmalı	36.7358	29.9178	16587	Antalya	TR
Peqin	41.0461	19.7511	16580	Elbasan County	AL
Īlkhchī	37.9373	45.9790	16574	East Azerbaijan	IR
Popovo	43.3500	26.2333	16571	Targovishte	BG
Resen	41.0900	21.0088	16539	Resen	MK
Mucur	39.0615	34.3829	16522	Kırşehir	TR
Turgutreis	37.0167	27.2667	16490	Muğla	TR
Bilohirsk	45.0568	34.6039	16428	Crimea	UA
Ilinden	41.9930	21.5808	16406	Ilinden	MK
Bocşa	45.3733	21.7092	16349	Caraș-Severin County	RO
Abony	47.1899	20.0048	16342	Pest County	HU
Lice	38.4582	40.6389	16336	Diyarbakır Province	TR
Brvenica	41.9671	20.9809	16267	Brvenica	MK
Kandıra	41.0700	30.1526	16264	Kocaeli	TR
Sparta	37.0745	22.4301	16239	Peloponnese	GR
Orestiáda	41.5031	26.5297	16221	East Macedonia and Thrace	GR
Stara Pazova	44.9850	20.1608	16217	Vojvodina	RS
Arhavi	41.3512	41.3046	16217	Artvin	TR
Surkhakhi	43.1875	44.9019	16215	Ingushetiya Republic	RU
Pantelimon	44.4500	26.2000	16206	Ilfov	RO
Krasnogvardeyskoye	45.8449	41.5174	16169	Stavropol Kray	RU
Al Yāmūn	32.4856	35.2301	16164	West Bank	PS
Bačka Topola	45.8152	19.6318	16154	Vojvodina	RS
Kosovo Polje	42.6639	21.0961	16154	Pristina	XK
Arsin	40.9527	39.9267	16148	Trabzon	TR
Al Quţayfah	33.7385	36.6007	16118	Rif-dimashq	SY
Vatra Dornei	47.3500	25.3667	16054	Suceava	RO
Patos	40.6833	19.6194	16000	Fier County	AL
Sarigerme	36.7155	28.7044	16000	Muğla	TR
Trudivskyi	47.9470	37.5581	16000	Donetsk	UA
Püspökladány	47.3167	21.1167	15990	Hajdú-Bihar	HU
Brad	46.1333	22.7833	15988	Hunedoara County	RO
Tsotsin-Yurt	43.2421	46.0001	15970	Chechnya	RU
Codru	46.9765	28.8190	15934	Chișinău Municipality	MD
Baskil	38.5687	38.8163	15922	Elazığ	TR
Senirkent	38.1044	30.5486	15919	Isparta	TR
Csepel-Királyerdő	47.4025	19.0918	15917	Budapest	HU
Dilijan	40.7404	44.8634	15914	Tavush	AM
Göd	47.6832	19.1342	15874	Pest County	HU
Binyamina-Giv‘at ‘Ada	32.5230	34.9449	15847	Haifa	IL
Binyamina-Giv'at Ada	32.5182	34.9540	15847	Haifa	IL
Arzgir	45.3741	44.2198	15838	Stavropol Kray	RU
Apostolove	47.6598	33.7195	15828	Dnipropetrovsk	UA
Rakovski	42.2882	24.9678	15782	Plovdiv	BG
Gračanica	44.7031	18.3101	15758	Federation of B&H	BA
Ujar	40.5190	47.6542	15741	Ucar	AZ
Persianovka	47.5273	39.4193	15730	Rostov	RU
Gura Humorului	47.5500	25.9000	15728	Suceava	RO
Şimleu Silvaniei	47.2333	22.8000	15721	Sălaj County	RO
İstinye	41.1101	29.0509	15721	Istanbul	TR
Osmaneli	40.3572	30.0142	15708	Bilecik	TR
Divnoye	45.9097	43.3494	15700	Stavropol Kray	RU
Semender	42.9856	47.4039	15691	Dagestan	RU
Ezine	39.7856	26.3408	15677	Canakkale	TR
Gradačac	44.8785	18.4276	15659	Federation of B&H	BA
Ar Rayna	32.7222	35.3156	15621	Northern District	IL
Govlar	40.9460	45.7317	15600	Tovuz District	AZ
Beylagan	39.7756	47.6186	15599	Beyləqan	AZ
Ţūbās	32.3209	35.3699	15591	West Bank	PS
Çat	39.6064	40.9684	15556	Erzurum	TR
Mizil	45.0167	26.4500	15532	Prahova	RO
Çağlayancerit	37.7452	37.2862	15530	Kahramanmaraş	TR
Nova Pazova	44.9437	20.2193	15488	Vojvodina	RS
Bilicenii Vechi	47.6558	28.0473	15479	Sîngerei	MD
Donskoye	45.4535	41.9724	15469	Stavropol Kray	RU
Aşkale	39.9208	40.6950	15462	Erzurum	TR
Majd el Kurūm	32.9209	35.2544	15455	Northern District	IL
Ilovays’k	47.9250	38.2024	15447	Donetsk	UA
Kestel	36.5086	32.0828	15445	Antalya	TR
Efkarpía	40.6880	22.9535	15416	Central Macedonia	GR
Agios Ioannis Rentis	37.9649	23.6651	15411	Attica	GR
Bijelo Polje	43.0383	19.7476	15400	Bijelo Polje	ME
Kamenjane	41.9457	20.9289	15376	Bogovinje	MK
Slobozia	46.7293	29.7045	15356	Transnistria	MD
Vişeu de Sus	47.7079	24.4295	15349	Maramureş	RO
Tsimlyansk	47.6480	42.0934	15341	Rostov	RU
Ocna Mureş	46.3833	23.8500	15316	Alba County	RO
Solhan	38.9652	41.0544	15303	Bingöl	TR
Hizan	38.2250	42.4183	15302	Bitlis	TR
Kadınhanı	38.2397	32.2114	15301	Konya	TR
Bagayevskaya	47.3205	40.3847	15300	Rostov	RU
Sashalom	47.5153	19.1706	15288	Budapest	HU
Popeşti-Leordeni	44.3833	26.1667	15279	Ilfov	RO
Râşnov	45.5833	25.4500	15253	Brașov County	RO
Yeşilova	38.1557	36.2576	15242	Adana	TR
Bigadiç	39.3925	28.1311	15242	Balıkesir	TR
Zimnicea	43.6564	25.3645	15228	Teleorman County	RO
Akhisar	40.1183	29.4662	15198	Bursa Province	TR
Gyomaendrőd	46.9333	20.8333	15194	Bekes County	HU
Taşucu	36.3214	33.8817	15184	Mersin	TR
Adjud	46.0991	27.1814	15178	Vrancea	RO
Giaginskaya	44.8621	40.0720	15169	Adygeya Republic	RU
Bogovinje	41.9224	20.9153	15166	Bogovinje	MK
Cetinje	42.3906	18.9142	15137	Cetinje	ME
Uchkeken	43.9451	42.5165	15118	Karachayevo-Cherkesiya Republic	RU
Chirpan	42.2000	25.3333	15109	Stara Zagora	BG
Kiskőrös	46.6214	19.2853	15091	Bács-Kiskun	HU
Kocaali	41.0534	30.8528	15076	Sakarya	TR
Espiye	40.9470	38.7030	15058	Giresun	TR
Vilnyansk	47.9477	35.4403	15044	Zaporizhzhia	UA
Bolhrad	45.6779	28.6181	15044	Odesa	UA
Cisnădie	45.7167	24.1500	15042	Sibiu County	RO
Găeşti	44.7167	25.3167	15037	Dâmbovița County	RO
Berkovitsa	43.2374	23.1251	15027	Montana	BG
Pérgamos	35.0417	33.7083	15000	Larnaka	CY
Begova	37.2375	43.1628	15000	Duhok	IQ
Barţalah	36.3537	43.3813	15000	Nineveh	IQ
AlZwya	35.2608	43.4067	15000	Salah ad Din	IQ
Sânpetru	45.7108	25.6368	15000	Brașov County	RO
Senaki	42.2708	42.0633	14991	Samegrelo and Zemo Svaneti	GE
Távros	37.9706	23.6904	14972	Attica	GR
Pucioasa	45.0781	25.4323	14971	Dâmbovița County	RO
Novyi Buh	47.6906	32.5121	14969	Mykolaiv	UA
Yeniköy	41.1217	29.0699	14963	Istanbul	TR
Jisr ez Zarqā	32.5368	34.9127	14930	Haifa	IL
Pomáz	47.6423	19.0278	14917	Pest County	HU
Ialoveni	46.9436	28.7815	14915	Ialoveni	MD
Arrianá	41.0813	25.6949	14905	East Macedonia and Thrace	GR
Ladozhskaya	45.3090	39.9380	14904	Krasnodar Krai	RU
Zubin Potok	42.9144	20.6897	14900	Mitrovica	XK
Rákoscsaba	47.4879	19.2981	14898	Budapest	HU
Pamukova	40.5081	30.1673	14885	Sakarya	TR
Újhegy	47.4672	19.1664	14857	Budapest	HU
Maale Iron	32.5538	35.1841	14833	Northern District	IL
Demirci	39.8000	29.0167	14824	Bursa Province	TR
Buldan	38.0450	28.8306	14811	Denizli	TR
Pallíni	38.0051	23.8830	14808	Attica	GR
Belokany	41.7263	46.4048	14800	Balakan District	AZ
Doğanşehir	38.0857	37.8712	14794	Malatya	TR
Bachi-Yurt	43.2242	46.1942	14788	Chechnya	RU
Akçadağ	38.3390	37.9702	14788	Malatya	TR
Iksāl	32.6816	35.3237	14784	Northern District	IL
Shahbā	32.8524	36.6285	14784	Suwayda	SY
Çayıralan	39.3028	35.6439	14734	Yozgat	TR
Gümüşhacıköy	40.8731	35.2147	14734	Amasya	TR
Peshkopi	41.6850	20.4286	14710	Dibër County	AL
Şiran	40.1906	39.1175	14692	Gümüşhane Province	TR
Mór	47.3779	18.2035	14690	Fejér	HU
Chaltyr	47.2848	39.4823	14689	Rostov	RU
Kuleshovka	47.0785	39.5553	14668	Rostov	RU
Radnevo	42.3000	25.9333	14667	Stara Zagora	BG
Néa Alikarnassós	35.3389	25.1597	14624	Crete	GR
Aţ Ţurrah	32.6398	35.9894	14619	Irbid	JO
Foča	43.5065	18.7785	14615	Srpska	BA
Berettyóújfalu	47.2236	21.5366	14614	Hajdú-Bihar	HU
Krylovskaya	46.3211	39.9701	14605	Krasnodar Krai	RU
Sîngerei	47.6369	28.1407	14600	Sîngerei	MD
Paianía	37.9553	23.8544	14595	Attica	GR
Aleksinac	43.5417	21.7078	14593	Central Serbia	RS
Náfplio	37.5686	22.8069	14582	Peloponnese	GR
Tonya	40.8840	39.2849	14544	Trabzon	TR
Başkale	38.0453	44.0172	14516	Van	TR
Gadabay	40.5705	45.8123	14500	Gadabay District	AZ
Radomir	42.5457	22.9655	14494	Pernik	BG
Keratéa	37.8058	23.9774	14483	Attica	GR
Squinzano	40.4351	18.0409	14482	Apulia	IT
Orikhiv	47.5761	35.7833	14479	Zaporizhzhia	UA
Kalývia Thorikoú	37.8389	23.9250	14424	Attica	GR
Demre	36.2444	29.9850	14420	Antalya	TR
Varenikovskaya	45.1208	37.6417	14409	Krasnodar Krai	RU
Çaykara	40.7427	40.2317	14398	Trabzon	TR
Maglie	40.1207	18.2980	14397	Apulia	IT
Zavidovići	44.4458	18.1497	14380	Federation of B&H	BA
Fălești	47.5767	27.7126	14377	Fălești	MD
Thérmi	40.5471	23.0197	14373	Central Macedonia	GR
Artsyz	45.9853	29.4329	14355	Odesa	UA
Yeşilhisar	38.3523	35.0887	14354	Kayseri	TR
Vulcăneşti	45.6849	28.4061	14352	Gagauzia	MD
Matveyev Kurgan	47.5667	38.8689	14342	Rostov	RU
Budakeszi	47.5108	18.9272	14330	Pest County	HU
Mūrak	35.3762	36.6897	14307	Hama	SY
Leova	46.4819	28.2530	14301	Leova	MD
Meneméni	40.6583	22.8971	14297	Central Macedonia	GR
Dărmăneşti	46.3667	26.4833	14290	Bacău County	RO
Pilisvörösvár	47.6139	18.9089	14274	Pest County	HU
Cërrik	41.0317	19.9758	14269	Elbasan County	AL
Kovin	44.7475	20.9761	14250	Vojvodina	RS
Río	38.2956	21.7850	14219	West Greece	GR
Bátonyterenye	47.9696	19.8408	14214	Nógrád	HU
Sremska Kamenica	45.2233	19.8426	14205	Vojvodina	RS
Bonyhád	46.2992	18.5302	14184	Tolna County	HU
Gyömrő	47.4273	19.4013	14155	Pest County	HU
Ihtiman	42.4382	23.8161	14154	Sofia	BG
Galatone	40.1467	18.0694	14153	Apulia	IT
Vuhledar	47.7797	37.2500	14144	Donetsk	UA
Trepuzzi	40.4053	18.0763	14141	Apulia	IT
Shijak	41.3456	19.5672	14138	Durrës County	AL
Gönen	37.9564	30.5114	14137	Isparta	TR
Dikili	39.0710	26.8902	14125	İzmir Province	TR
Abū Sinān	32.9589	35.1715	14099	Northern District	IL
Kābūl	32.8686	35.2117	14095	Northern District	IL
Akhty	41.4595	47.7325	14080	Dagestan	RU
Vicovu de Sus	47.9333	25.6833	14077	Suceava	RO
Călăraşi	47.2555	28.3095	14066	Călăraşi	MD
Yunak	38.8142	31.7322	14050	Konya	TR
Lagan’	45.3918	47.3645	14045	Kalmykiya Republic	RU
Avrig	45.7167	24.3833	14032	Sibiu County	RO
Çivril	38.3014	29.7386	14002	Denizli	TR
Soroksár	47.4051	19.1244	13985	Budapest	HU
Anapskaya	44.8967	37.3860	13965	Krasnodar Krai	RU
Papágou	37.9864	23.7935	13962	Attica	GR
Kanākir	33.2666	36.0962	13950	Rif-dimashq	SY
Hekimhan	38.8162	37.9288	13946	Malatya	TR
Ozurgeti	41.9234	42.0052	13935	Guria	GE
Şefaatlı	39.5043	34.7563	13922	Yozgat	TR
Petrovaradin	45.2467	19.8794	13917	Vojvodina	RS
Leninkent	42.9689	47.3520	13912	Dagestan	RU
Nork-Marash	40.1742	44.5408	13900	Yerevan	AM
Izra‘	32.8671	36.2507	13882	Daraa	SY
Marghita	47.3500	22.3333	13871	Bihor County	RO
Babayurt	43.5998	46.7781	13857	Dagestan	RU
Velykodolynske	46.3464	30.5790	13856	Odesa	UA
Berovo	41.7018	22.8572	13847	Berovo	MK
Şuhut	38.5311	30.5458	13842	Afyonkarahisar Province	TR
Simeria	45.8500	23.0167	13827	Hunedoara County	RO
Even Yehuda	32.2716	34.8856	13826	Central District	IL
Tryavna	42.8667	25.5000	13818	Gabrovo	BG
Drapetsóna	37.9499	23.6231	13815	Attica	GR
Mavişehir	38.4699	27.0773	13805	İzmir Province	TR
Çengelköy	41.0506	29.0551	13801	Istanbul	TR
Altınoluk	39.5794	26.7372	13800	Balıkesir	TR
Târgu Frumos	47.2000	27.0000	13797	Iași County	RO
Cihanbeyli	38.6607	32.9244	13782	Konya	TR
Sirius	43.4050	39.9596	13768	Krasnodar Krai	RU
Yeşilyurt	38.2960	38.2453	13766	Malatya	TR
Provadia	43.1833	27.4333	13755	Varna	BG
Pomorie	42.5633	27.6299	13714	Burgas	BG
Tricase	39.9302	18.3542	13702	Apulia	IT
Julfa	38.9540	45.6296	13700	Nakhchivan	AZ
Alexándreia	40.6267	22.4442	13665	Central Macedonia	GR
Ochakiv	46.6147	31.5450	13663	Mykolaiv	UA
Jindayris	36.3950	36.6889	13661	Aleppo	SY
Živinice	44.4493	18.6498	13641	Federation of B&H	BA
Dăbuleni	43.8000	24.0833	13641	Dolj	RO
Harran	36.8600	39.0314	13640	Şanlıurfa	TR
Tiszavasvári	47.9667	21.3500	13631	Szabolcs-Szatmár-Bereg	HU
Krasnokumskoye	44.1781	43.5019	13630	Stavropol Kray	RU
Donskoy	47.4140	40.2574	13627	Rostov	RU
Rákoshegy	47.4626	19.2389	13614	Budapest	HU
Spitak	40.8313	44.2702	13574	Lori	AM
Nova Odesa	47.3127	31.7697	13547	Mykolaiv	UA
Hola Prystan	46.5297	32.5241	13544	Kherson	UA
Újfehértó	47.8000	21.6833	13542	Szabolcs-Szatmár-Bereg	HU
Taraclia	45.9032	28.6663	13512	Taraclia	MD
Makrakómi	38.9415	22.1153	13500	Central Greece	GR
Özdere	38.0161	27.1281	13500	İzmir Province	TR
Ya‘bad	32.4457	35.1682	13477	West Bank	PS
Altunizade	41.0178	29.0479	13459	Istanbul	TR
Negreşti-Oaş	47.8667	23.4333	13456	Satu Mare County	RO
Hulyaypole	47.6668	36.2558	13446	Zaporizhzhia	UA
Yıldızlı	41.0012	39.6073	13443	Trabzon	TR
Péfka	40.6581	22.9938	13435	Central Macedonia	GR
Nyírbátor	47.8333	22.1333	13434	Szabolcs-Szatmár-Bereg	HU
Sárbogárd	46.8869	18.6204	13424	Fejér	HU
Náfpaktos	38.3917	21.8275	13415	West Greece	GR
Congaz	46.1074	28.5930	13406	Gagauzia	MD
Sukth	41.3806	19.5378	13395	Durrës County	AL
Kastoria	40.5217	21.2634	13387	West Macedonia	GR
Kalininskaya	45.4847	38.6636	13363	Krasnodar Krai	RU
Havanna-lakótelep	47.4403	19.1669	13357	Budapest	HU
Nesebar	42.6592	27.7360	13347	Burgas	BG
Petrovskaya	45.4314	37.9550	13340	Krasnodar Krai	RU
‘Ein Māhil	32.7233	35.3530	13335	Northern District	IL
Nagykáta	47.4151	19.7441	13322	Pest County	HU
Hanımçiftliği	38.3785	38.3348	13322	Malatya	TR
I‘billīn	32.8223	35.1927	13305	Northern District	IL
Sveti Nikole	41.8696	21.9527	13292	Sveti Nikole	MK
Novi Pazar	43.3500	27.2000	13276	Shumen	BG
Moldova Nouă	44.7375	21.6669	13263	Caraș-Severin County	RO
Bileća	42.8764	18.4297	13257	Srpska	BA
Ovidiu	44.2580	28.5608	13257	Constanța County	RO
Comarnic	45.2500	25.6333	13254	Prahova	RO
Goyty	43.1642	45.6228	13250	Chechnya	RU
Furaydis	32.5973	34.9527	13247	Haifa	IL
Monteroni di Lecce	40.3193	18.0916	13246	Apulia	IT
Yeghvard	40.3229	44.4842	13238	Kotayk	AM
Karabudakhkent	42.7092	47.5630	13207	Dagestan	RU
Pécel	47.4896	19.3416	13193	Pest County	HU
Sisian	39.5219	46.0270	13176	Syunik	AM
Tel Mond	32.2532	34.9182	13144	Central District	IL
Divriği	39.3710	38.1137	13139	Sivas	TR
Mazıdağı	37.4780	40.4815	13138	Mardin	TR
Eynesil	41.0644	39.1427	13133	Giresun	TR
Târgu Ocna	46.2790	26.6130	13127	Bacău County	RO
Bahçe	37.1972	36.5766	13117	Adana	TR
Naḥf	32.9331	35.3175	13113	Northern District	IL
Starovelichkovskaya	45.4288	38.7326	13111	Krasnodar Krai	RU
Szigethalom	47.3223	19.0026	13092	Pest County	HU
Altınekin	38.3078	32.8686	13090	Konya	TR
Lymanka	46.3856	30.6774	13085	Odesa	UA
Maçka	40.8107	39.6046	13078	Trabzon	TR
Solnechnodol’sk	45.3179	41.5407	13068	Stavropol Kray	RU
Ágios Athanásios	40.7160	22.7284	13026	Central Macedonia	GR
Dicle	38.3657	40.0645	13017	Diyarbakır Province	TR
Cherven Bryag	43.2788	24.0825	13000	Pleven	BG
Balchik	43.4217	28.1585	13000	Dobrich	BG
Rāwah	34.4823	41.9190	13000	Anbar	IQ
Çey	37.2621	44.0409	13000	Hakkâri	TR
Ilgaz	40.9251	33.6259	12963	Çankırı	TR
Çelikhan	38.0256	38.2366	12961	Adıyaman Province	TR
Azor	32.0243	34.8063	12957	Tel Aviv	IL
Saruhanlı	38.7345	27.5681	12947	Manisa	TR
Sūf	32.3137	35.8371	12942	Jerash	JO
Mehrabān	38.0813	47.1317	12937	East Azerbaijan	IR
Kalecik	40.0972	33.4083	12932	Ankara	TR
Altpınar	39.2042	32.7478	12925	Ankara	TR
Ilıca	39.9465	41.0952	12922	Erzurum	TR
Staroderevyankovskaya	46.1276	38.9674	12918	Krasnodar Krai	RU
İspir	40.4798	40.9937	12906	Erzurum	TR
Ágios Dométios	35.1735	33.3404	12904	Nicosia	CY
Rîşcani	47.9483	27.5667	12893	Rîşcani	MD
Hajdúhadház	47.6833	21.6667	12892	Hajdú-Bihar	HU
Sânnicolau Mare	46.0833	20.6333	12888	Timiș County	RO
Gölmarmara	38.7139	27.9142	12857	Manisa	TR
Laç	41.6356	19.7131	12854	Lezhë County	AL
Krymskyi	45.0542	35.3737	12850	Crimea	UA
Şalākhid	32.8715	36.5728	12842	Suwayda	SY
Ştefăneşti	44.8651	24.9496	12837	Arges	RO
Avanos	38.7150	34.8467	12833	Nevşehir Province	TR
Vasyurinskaya	45.1181	39.4240	12830	Krasnodar Krai	RU
Avsallar	36.6245	31.7694	12829	Antalya	TR
Nurdağı	37.1682	36.7362	12827	Gaziantep	TR
Bünyan	38.8463	35.8603	12821	Kayseri	TR
Pecica	46.1667	21.0667	12804	Arad County	RO
Арачиново	42.0268	21.5628	12800	Arachinovo	MK
Zara	39.8978	37.7583	12797	Sivas	TR
Oyskhara	43.2640	46.2480	12795	Chechnya	RU
Sarıgöl	38.2395	28.6966	12794	Manisa	TR
Chitila	44.5081	25.9822	12788	Ilfov	RO
Mesolóngi	38.3714	21.4315	12785	West Greece	GR
Călan	45.7333	22.9833	12782	Hunedoara County	RO
Antonivka	46.6767	32.7306	12777	Kherson	UA
Ţăndărei	44.6413	27.6563	12761	Ialomița County	RO
Gölhisar	37.1459	29.5088	12721	Burdur	TR
Ialysós	36.4135	28.1552	12717	South Aegean	GR
Evka-Beş	38.5170	27.0530	12717	İzmir Province	TR
Gürün	38.7223	37.2710	12715	Sivas	TR
Sântana	46.3500	21.5000	12706	Arad County	RO
Probishtip	42.0031	22.1786	12702	Probishtip	MK
Nartan	43.5108	43.6994	12694	Kabardino-Balkariya Republic	RU
Bāsmenj	37.9958	46.4748	12692	East Azerbaijan	IR
Zelenodolsk	47.5550	33.6591	12692	Dnipropetrovsk	UA
Librazhd-Qendër	41.1969	20.3356	12691	Elbasan County	AL
Rómaifürdő	47.5771	19.0651	12681	Pest County	HU
Rekhasim	32.7496	35.1006	12668	Haifa	IL
Kisújszállás	47.2167	20.7667	12661	Jász-Nagykun-Szolnok	HU
Dorog	47.7210	18.7364	12658	Komárom-Esztergom	HU
Atabey	37.9508	30.6386	12658	Isparta	TR
Vardenis	40.1827	45.7316	12651	Gegharkunik	AM
Kistarcsa	47.5476	19.2625	12645	Pest County	HU
Poiana Mare	43.9167	23.0667	12633	Dolj	RO
Tovuz	40.9925	45.6284	12626	Tovuz District	AZ
Aţ Ţayyibah	32.5430	35.7176	12615	Irbid	JO
Topliţa	46.9243	25.3519	12609	Harghita County	RO
Gázi	35.3253	25.0669	12606	Crete	GR
Tūkrah	32.5341	20.5791	12593	Al Marj	LY
Hvardiyske	45.1169	34.0219	12589	Crimea	UA
Pokrovskoye	47.4144	38.8988	12576	Rostov	RU
Surčin	44.7931	20.2803	12575	Central Serbia	RS
Vasylivka	47.4422	35.2821	12567	Zaporizhzhia	UA
Primorskyi	45.1120	35.4786	12560	Crimea	UA
Cegrane	41.8389	20.9758	12523	Gostivar	MK
Deir el Asad	32.9362	35.2638	12514	Northern District	IL
Uluborlu	38.0782	30.4502	12514	Isparta	TR
‘Isfiyā	32.7184	35.0651	12503	Haifa	IL
Razlog	41.8863	23.4671	12486	Blagoevgrad	BG
Çamlıdere	40.4896	32.4750	12484	Ankara	TR
Bilyayivka	46.4843	30.2089	12477	Odesa	UA
Cimişlia	46.5263	28.7649	12464	Cimişlia	MD
Scorniceşti	44.5667	24.5500	12456	Olt	RO
Bosilovo	41.4406	22.7279	12447	Bosilovo	MK
Kafr Shams	33.1181	36.1063	12435	Daraa	SY
Beryslav	46.8385	33.4266	12417	Kherson	UA
Derinkuyu	38.3751	34.7342	12408	Nevşehir Province	TR
Kakanj	44.1331	18.1229	12406	Federation of B&H	BA
Sarābleh	33.7677	46.5658	12393	Ilam Province	IR
Gülnar	36.3415	33.3992	12385	Mersin	TR
Vasilevo	41.4742	22.6451	12382	Vasilevo	MK
Xhafzotaj	41.3444	19.5475	12381	Durrës County	AL
Gardabani	41.4597	45.0899	12364	Kvemo Kartli	GE
Ierápetra	35.0119	25.7423	12355	Crete	GR
Starotitarovskaya	45.2194	37.1548	12351	Krasnodar Krai	RU
Dáli	35.0229	33.4220	12350	Nicosia	CY
Orşova	44.7230	22.3962	12350	Mehedinți County	RO
Pınarbaşı	38.7229	36.3931	12333	Kayseri	TR
Oraviţa	45.0325	21.6894	12332	Caraș-Severin County	RO
Kálymnos	36.9503	26.9839	12324	South Aegean	GR
Kaspi	41.9278	44.4235	12319	Shida Kartli	GE
Acarlar	37.8244	27.7467	12297	Aydın	TR
Delice	39.9537	34.0259	12286	Kırıkkale	TR
Giánnouli	39.6672	22.3960	12277	Thessaly	GR
Kamenolomni	47.6678	40.2048	12262	Rostov	RU
Maslak	41.1083	29.0183	12260	Istanbul	TR
Rovinari	44.9167	23.1833	12259	Gorj County	RO
Varsak	36.9897	30.7159	12258	Antalya	TR
Koshksarāy	38.4584	45.5671	12250	East Azerbaijan	IR
Tercan	39.7771	40.3778	12235	Erzincan	TR
Zajas	41.6072	20.9383	12218	Kichevo	MK
Mar’yanskaya	45.1034	38.6400	12215	Krasnodar Krai	RU
Adygeysk	44.8852	39.1906	12208	Adygeya Republic	RU
Aghstafa	41.1189	45.4539	12200	Ağstafa	AZ
Kafr Buhum	35.0596	36.6990	12194	Hama	SY
Üllő	47.3877	19.3553	12185	Pest County	HU
Bashtanka	47.4053	32.4344	12180	Mykolaiv	UA
Kostinbrod	42.8167	23.2167	12175	Sofia	BG
Rafína	38.0181	24.0060	12168	Attica	GR
Alaverdi	41.0977	44.6732	12152	Lori	AM
Mayskiy	47.6960	40.1026	12136	Rostov	RU
Anatolí	39.6353	20.8658	12119	Epirus	GR
Kamyanka-Dniprovska	47.4963	34.4103	12117	Zaporizhzhia	UA
Jatt	32.3980	35.0380	12100	Haifa	IL
Cide	41.8921	33.0044	12095	Kastamonu	TR
Stamboliyski	42.1333	24.5333	12070	Plovdiv	BG
Bāgh-e Ma‘rūf	38.0427	46.1069	12068	East Azerbaijan	IR
József Attila-lakótelep	47.4641	19.1168	12066	Budapest	HU
Vedi	39.9129	44.7208	12060	Ararat	AM
Drăgăneşti-Olt	44.1667	24.5333	12056	Olt	RO
Lipótváros	47.5024	19.0493	12050	Budapest	HU
Novominskaya	46.3163	38.9586	12049	Krasnodar Krai	RU
Nagytétény	47.3953	18.9857	12045	Pest County	HU
Snihurivka	47.0765	32.8197	12045	Mykolaiv	UA
Vălenii de Munte	45.1833	26.0333	12044	Prahova	RO
Kurskaya	44.0431	44.4550	12036	Stavropol Kray	RU
Martuni	40.1403	45.3023	12034	Gegharkunik	AM
Jilava	44.3333	26.0781	12023	Ilfov	RO
Tolna	46.4268	18.7825	12011	Tolna County	HU
Beit Jann	32.9648	35.3770	12001	Northern District	IL
Qabbāsīn	36.3077	38.1560	12000	Aleppo	SY
Novyi Melitopol	46.8500	35.3280	12000	Zaporizhzhia	UA
Digora	43.1567	44.1563	11999	North Ossetia–Alania	RU
Qax	41.4183	46.9204	11992	Qax	AZ
Stepanavan	41.0100	44.3853	11982	Lori	AM
Arkavaz	33.3828	46.5983	11977	Ilam Province	IR
Sarıhamzalı	36.9775	35.2253	11977	Adana	TR
Mezdra	43.1448	23.7142	11975	Vratsa	BG
Holboca	47.1500	27.7000	11971	Iași County	RO
Kurşunlu	40.8410	33.2603	11956	Çankırı	TR
Tepelenë	40.2958	20.0192	11955	Gjirokastër County	AL
Kiskunmajsa	46.4903	19.7400	11955	Bács-Kiskun	HU
Umurlu	37.8500	27.9627	11953	Aydın	TR
Kumburgaz	41.0300	28.4539	11949	Istanbul	TR
Mykhaylivka	47.2686	35.2221	11949	Zaporizhzhia	UA
Chiatura	42.2981	43.2989	11943	Imereti	GE
Göle	40.7875	42.6060	11943	Ardahan	TR
Sinaia	45.3500	25.5500	11918	Prahova	RO
Ad Duraykīsh	34.8951	36.1430	11918	Tartus	SY
Narimanov	46.6931	47.8507	11905	Astrakhan Oblast	RU
Haymana	39.4321	32.4973	11896	Ankara	TR
Mamqān	37.8430	45.9757	11892	East Azerbaijan	IR
Kangal	39.2335	37.3911	11888	Sivas	TR
Gevaş	38.2921	43.1019	11879	Van	TR
Diavatá	40.6874	22.8580	11876	Central Macedonia	GR
Tiszaföldvár	46.9833	20.2500	11873	Jász-Nagykun-Szolnok	HU
Qabala	40.9814	47.8458	11867	Qabala District	AZ
Albertirsa	47.2431	19.6169	11864	Pest County	HU
Sagopshi	43.4851	44.5906	11848	Ingushetiya Republic	RU
Albertfalva	47.4440	19.0372	11845	Pest County	HU
Uspenskoye	44.8318	41.3865	11843	Krasnodar Krai	RU
Taşkent	36.9243	32.4913	11838	Konya	TR
Paralímni	35.0395	33.9818	11836	Ammochostos	CY
Boyalık	41.2634	28.6314	11835	Istanbul	TR
Mehrān	33.1222	46.1646	11831	Ilam Province	IR
Tomeşti	47.1167	27.6833	11828	Iași County	RO
Byureghavan	40.3133	44.5969	11819	Kotayk	AM
Novo Selo	41.4154	22.8834	11818	Novo Selo	MK
Videle	44.2781	25.5244	11813	Teleorman County	RO
İscehisar	38.8619	30.7503	11809	Afyonkarahisar Province	TR
Perşembe	41.0656	37.7714	11808	Ordu	TR
Gagra	43.2786	40.2712	11807	Abkhazia	GE
Storeşti	47.5500	26.8667	11806	Botoșani County	RO
Kayakent	42.3874	47.9030	11805	Dagestan	RU
Kalmiuskyi	47.9989	37.8120	11800	Donetsk	UA
Urlaţi	44.9833	26.2333	11798	Prahova	RO
Istvánmező	47.5047	19.0955	11794	Budapest	HU
Ayancık	41.9447	34.5861	11779	Sinop	TR
Nizhneye Kazanishche	42.7637	47.1603	11765	Dagestan	RU
Pacsirtatelep	47.4219	19.1220	11756	Budapest	HU
Tomarza	38.4472	35.7992	11753	Kayseri	TR
Tiszakécske	46.9326	20.1035	11745	Bács-Kiskun	HU
Gūgān	37.7831	45.9040	11742	East Azerbaijan	IR
Országút	47.5113	19.0269	11740	Budapest	HU
Nisporeni	47.0802	28.1710	11718	Nisporeni	MD
Kiraz	38.2306	28.2044	11718	İzmir Province	TR
Tosmur	36.5320	32.0529	11712	Antalya	TR
Platnirovskaya	45.3953	39.3842	11710	Krasnodar Krai	RU
İmrahor	41.2169	28.7440	11706	Istanbul	TR
Bolintin Vale	44.4489	25.7578	11700	Giurgiu County	RO
Kavkazskaya	45.4439	40.6670	11680	Krasnodar Krai	RU
Törökbálint	47.4293	18.9136	11658	Pest County	HU
Kondovo	42.0115	21.3143	11656	Grad Skopje	MK
Matca	45.8500	27.5333	11642	Galați County	RO
Durağan	41.4158	35.0544	11626	Sinop	TR
Odžak	45.0246	18.3211	11621	Federation of B&H	BA
Akseki	37.0486	31.7900	11616	Antalya	TR
Obiliq	42.6869	21.0703	11612	Pristina	XK
Strehaia	44.6167	23.2000	11607	Mehedinți County	RO
Sakib	32.2843	35.8091	11586	Jerash	JO
Tavas	37.5735	29.0706	11584	Denizli	TR
Shalushka	43.5325	43.5661	11577	Kabardino-Balkariya Republic	RU
Ovidiopol	46.2472	30.4375	11572	Odesa	UA
Loutráki	37.9783	22.9778	11564	Peloponnese	GR
Taviano	39.9822	18.0815	11560	Apulia	IT
Gramsh	40.8697	20.1844	11556	Elbasan County	AL
Sunzha	43.0586	44.8228	11548	North Ossetia–Alania	RU
Zakynthos	37.7802	20.8956	11541	Ionian Islands	GR
Kostyantynivka	46.8178	35.4242	11540	Zaporizhzhia	UA
Dolneni	41.4246	21.4546	11534	Dolneni	MK
Oğuzeli	36.9657	37.5134	11527	Gaziantep	TR
Hüyük	37.9539	31.5964	11502	Konya	TR
Oţelu Roşu	45.5333	22.3667	11482	Caraș-Severin County	RO
Yenifakılı	39.2114	35.0004	11470	Yozgat	TR
Nogir	43.0816	44.6365	11469	North Ossetia–Alania	RU
Levski	43.3667	25.1333	11467	Pleven	BG
Sovata	46.5833	25.0667	11465	Mureș County	RO
Wekerletelep	47.4556	19.1261	11461	Budapest	HU
Boldeşti-Scăeni	45.0333	26.0333	11460	Prahova	RO
Kal'mius'ke	47.6639	38.0775	11422	Donetsk	UA
Ágios Nikólaos	35.1911	25.7152	11421	Crete	GR
Praskoveya	44.7444	44.2031	11420	Stavropol Kray	RU
Sason	38.3277	41.4138	11403	Batman	TR
Isaszeg	47.5301	19.4020	11402	Pest County	HU
Levokumskoye	44.8219	44.6606	11377	Stavropol Kray	RU
Ahmetli	38.5196	27.9386	11377	Manisa	TR
Surbo	40.3938	18.1346	11363	Apulia	IT
Ust’-Donetskiy	47.6438	40.8718	11357	Rostov	RU
Ermoúpolis	37.4447	24.9429	11351	South Aegean	GR
Nehoiu	45.4167	26.3000	11350	Buzău County	RO
Baykan	38.1575	41.7733	11346	Siirt	TR
Peschanokopskoye	46.1945	41.0815	11340	Rostov	RU
Belceşti	47.3000	27.0833	11335	Iași County	RO
Kozloduy	43.7769	23.7300	11331	Vratsa	BG
Mándra	38.0667	23.5000	11327	Attica	GR
Heves	47.6000	20.2833	11311	Heves County	HU
Mezőberény	46.8167	21.0333	11306	Bekes County	HU
Khanskaya	44.6770	39.9616	11297	Adygeya Republic	RU
Hârlău	47.4333	26.9000	11295	Iași County	RO
Pechea	45.6333	27.8000	11287	Galați County	RO
Palu	38.6913	39.9198	11271	Elazığ	TR
Gerze	41.8036	35.2011	11260	Sinop	TR
Etiler	41.0843	29.0359	11258	Istanbul	TR
Borjomi	41.8469	43.3971	11248	Samtskhe-Javakheti	GE
Ash Shajarah	32.6439	35.9417	11243	Irbid	JO
Yalıkavak	37.1053	27.2972	11227	Muğla	TR
Germencik	37.8706	27.6028	11217	Aydın	TR
Ianca	45.1333	27.4500	11209	Brăila County	RO
Kavarna	43.4360	28.3395	11205	Dobrich	BG
Anastasiyevskaya	45.2158	37.8926	11204	Krasnodar Krai	RU
Nubarashen	40.0907	44.5519	11200	Yerevan	AM
Jibou	47.2590	23.2565	11183	Sălaj County	RO
Majdal Shams	33.2703	35.7716	11180	Quneitra	SY
Pınarhisar	41.6271	27.5148	11180	Kırklareli	TR
Saraykent	39.6936	35.5111	11175	Yozgat	TR
Gördes	38.9328	28.2894	11168	Manisa	TR
Prymorsk	46.7341	36.3460	11157	Zaporizhzhia	UA
Karapınar	37.7609	38.2572	11154	Adıyaman Province	TR
Archaía Olympía	37.6479	21.6271	11153	West Greece	GR
Pavlikeni	43.2428	25.3219	11151	Veliko Tarnovo	BG
Rákoscsaba-Újtelep	47.5012	19.2859	11148	Pest County	HU
Mesker-Yurt	43.2515	45.9072	11147	Chechnya	RU
Kurman	45.5027	34.3013	11134	Crimea	UA
Araban	37.4267	37.6890	11128	Gaziantep	TR
Pilis	47.2890	19.5485	11102	Pest County	HU
Samukh	40.7649	46.4087	11100	Samux	AZ
Keçiborlu	37.9425	30.3022	11083	Isparta	TR
Tselina	46.5342	41.0316	11075	Rostov	RU
Berane	42.8433	19.8728	11073	Berane	ME
Bicske	47.4842	18.6440	11072	Fejér	HU
Yakymivka	46.7011	35.1633	11069	Zaporizhzhia	UA
Kać	45.3041	19.9430	11067	Vojvodina	RS
Soldato-Aleksandrovskoye	44.2659	43.7531	11059	Stavropol Kray	RU
Wardāmah	32.7966	21.7910	11058	Al Jabal al Akhdar	LY
Hani	38.4074	40.3858	11055	Diyarbakır Province	TR
Novoazovs'k	47.1139	38.0860	11051	Donetsk	UA
Havran	39.5583	27.0983	11050	Balıkesir	TR
Bitez	37.0444	27.3933	11048	Muğla	TR
Kursavka	44.4615	42.5041	11043	Stavropol Kray	RU
Lipova	46.0909	21.6963	11041	Arad County	RO
Topoloveni	44.8167	25.0833	11039	Arges	RO
Chornomorske	45.5066	32.6978	11039	Crimea	UA
Lajosmizse	47.0213	19.5617	11034	Bács-Kiskun	HU
Etropole	42.8328	23.9964	11031	Sofia	BG
Vize	41.5763	27.7673	11027	Kırklareli	TR
Kamëz	41.3817	19.7603	11026	Tirana	AL
Dolhasca	47.4333	26.6000	11025	Suceava	RO
Ymittos	37.9534	23.7490	11000	Attica	GR
Salfīt	32.0837	35.1808	11000	West Bank	PS
Ripanj	44.6386	20.5214	11000	Central Serbia	RS
Eşme	38.3998	28.9690	11000	Uşak	TR
Covasna	45.8500	26.1833	10979	Covasna County	RO
Matino	40.0308	18.1363	10966	Apulia	IT
Sarafand	33.4495	35.2995	10965	South Governorate	LB
Pınarbaşı	36.7034	34.3627	10964	Mersin	TR
Bozkır	37.1896	32.2474	10958	Konya	TR
Lieşti	45.6167	27.5167	10956	Galați County	RO
Marmara Ereğlisi	40.9691	27.9550	10956	Tekirdağ	TR
Chegem Vtoroy	43.5958	43.5994	10951	Kabardino-Balkariya Republic	RU
Acıpayam	37.4239	29.3494	10924	Denizli	TR
Starokorsunskaya	45.0573	39.3161	10915	Krasnodar Krai	RU
Diliskelesi	40.7757	29.5268	10910	Kocaeli	TR
Beclean	47.1833	24.1833	10909	Bistrița-Năsăud County	RO
Sındırgı	39.2413	28.1784	10907	Balıkesir	TR
Murfatlar	44.1833	28.4167	10906	Constanța County	RO
Breaza de Sus	45.1988	25.6558	10903	Prahova	RO
Islamey	43.6756	43.4550	10899	Kabardino-Balkariya Republic	RU
Tiszafüred	47.6167	20.7667	10872	Jász-Nagykun-Szolnok	HU
Haţeg	45.6167	22.9500	10865	Hunedoara County	RO
Jimbolia	45.7914	20.7172	10860	Timiș County	RO
Hajdúsámson	47.6000	21.7667	10854	Hajdú-Bihar	HU
Batroûn	34.2553	35.6581	10852	North Lebanon	LB
Samashki	43.2893	45.2979	10848	Chechnya	RU
Tatarbunary	45.8386	29.6112	10836	Odesa	UA
Ulcinj	41.9294	19.2244	10828	Ulcinj	ME
Avdotyine	47.9155	37.8503	10818	Donetsk	UA
Basarabeasca	46.3335	28.9616	10809	Basarabeasca	MD
Ordubad	38.9096	46.0227	10800	Nakhchivan	AZ
Taurisano	39.9575	18.2150	10799	Apulia	IT
Týrnavos	39.7378	22.2892	10796	Thessaly	GR
Nagykálló	47.8749	21.8408	10796	Szabolcs-Szatmár-Bereg	HU
Kazanskaya	45.4106	40.4361	10794	Krasnodar Krai	RU
Teteven	42.9167	24.2667	10790	Lovech	BG
Dofteana	46.3167	26.5167	10785	Bacău County	RO
Néa Michanióna	40.4637	22.8617	10784	Central Macedonia	GR
Mayrtup	43.2035	46.1322	10778	Chechnya	RU
Párga	39.2857	20.4004	10762	Epirus	GR
Kınık	39.0872	27.3833	10753	İzmir Province	TR
Csillaghegy	47.5866	19.0571	10748	Budapest	HU
İkizce	41.0583	37.0803	10743	Ordu	TR
Beiuş	46.6667	22.3500	10721	Bihor County	RO
Thumanë	41.5475	19.6778	10719	Durrës County	AL
Budatétény	47.4090	19.0210	10715	Budapest	HU
Gorodoviki	46.1353	41.9656	10706	Kalmykiya Republic	RU
Mykonos	37.4453	25.3287	10704	South Aegean	GR
Jahri	39.3484	45.4156	10700	Nakhchivan	AZ
Psebay	44.1234	40.8107	10700	Krasnodar Krai	RU
Sarkad	46.7500	21.3833	10698	Bekes County	HU
Cumayeri	40.8739	30.9509	10695	Düzce	TR
Újpéteritelep	47.4068	19.1905	10685	Budapest	HU
Bela Crkva	44.8975	21.4172	10675	Vojvodina	RS
Néo Psychikó	38.0062	23.7837	10671	Attica	GR
Yuzhno-Sukhokumsk	44.6603	45.6475	10665	Dagestan	RU
Costeşti	44.6667	24.8833	10654	Arges	RO
Novotroyitske	46.3509	34.3325	10647	Kherson	UA
Samarskoye	46.9361	39.6825	10638	Rostov	RU
Bahçelievler	39.9248	32.8250	10638	Ankara	TR
Kenzhe	43.4986	43.5541	10636	Kabardino-Balkariya Republic	RU
Staromyshastovskaya	45.3433	39.0761	10625	Krasnodar Krai	RU
Ayutinskiy	47.7823	40.1476	10623	Rostov	RU
Şakhrah	32.3709	35.8427	10616	Ajloun	JO
Zardob	40.2184	47.7121	10612	Zardab	AZ
Dračevo	41.9367	21.5217	10605	Grad Skopje	MK
Dashkasan	40.5239	46.0819	10600	Daşkǝsǝn	AZ
Campi Salentina	40.3975	18.0214	10596	Apulia	IT
Shcholkine	45.4299	35.8225	10593	Crimea	UA
Al’burikent	42.9739	47.4711	10591	Dagestan	RU
Çekerek	40.0731	35.4947	10585	Yozgat	TR
Pestújhely	47.5398	19.1336	10571	Budapest	HU
Grevená	40.0845	21.4274	10563	West Macedonia	GR
Selimpaşa	41.0553	28.3678	10563	Istanbul	TR
Zayukovo	43.6161	43.3339	10559	Kabardino-Balkariya Republic	RU
Tarki	42.9442	47.4953	10554	Dagestan	RU
Sivrihisar	39.4504	31.5341	10535	Eskişehir	TR
Çamaş	40.9020	37.5279	10535	Ordu	TR
Limín Mesoyaías	37.8911	24.0031	10526	Attica	GR
Pozantı	37.4278	34.8717	10517	Adana	TR
Herīs	38.2482	47.1168	10515	East Azerbaijan	IR
Agnita	45.9667	24.6167	10505	Sibiu County	RO
Side	36.7667	31.3889	10505	Antalya	TR
Aksu	40.0896	38.0347	10500	Sivas	TR
Deleni	47.4667	26.8833	10484	Iași County	RO
Mikhaylovskoye	43.0997	44.6316	10479	North Ossetia–Alania	RU
Staronizhestebliyevskaya	45.3832	38.4430	10478	Krasnodar Krai	RU
Mospyne	47.8901	38.0638	10471	Donetsk	UA
Al Musayfirah	32.6326	36.3398	10466	Daraa	SY
Csepel-Belváros	47.4303	19.0684	10461	Budapest	HU
Nor Hachn	40.3030	44.5831	10460	Kotayk	AM
Vladimirescu	46.1663	21.4010	10451	Arad County	RO
Bumbeşti-Jiu	45.1667	23.4000	10445	Gorj County	RO
Ayntap	40.0966	44.4646	10433	Ararat	AM
Karacaören	37.4779	37.6823	10428	Gaziantep	TR
Dnestrovsc	46.6240	29.9060	10426	Transnistria	MD
Elhovo	42.1667	26.5667	10424	Yambol	BG
Călineşti	44.8167	25.0500	10419	Arges	RO
Ichki	45.3427	34.9246	10410	Crimea	UA
Yāmchī	38.5234	45.6377	10392	East Azerbaijan	IR
Seini	47.7500	23.2833	10382	Maramureş	RO
Fársala	39.2947	22.3847	10380	Thessaly	GR
Năsăud	47.2833	24.4000	10380	Bistrița-Năsăud County	RO
Valea Călugărească	44.9667	26.1500	10378	Prahova	RO
Nūkān	34.3609	47.1715	10377	Kermanshah Province	IR
Novomikhaylovskiy	44.2626	38.8585	10370	Krasnodar Krai	RU
Deir Ḥannā	32.8620	35.3636	10339	Northern District	IL
Otopeni	44.5500	26.0667	10332	Ilfov	RO
Savaştepe	39.3832	27.6561	10324	Balıkesir	TR
Magdolnanegyed	47.4930	19.0832	10320	Budapest	HU
Haspra	44.4363	34.1125	10310	Crimea	UA
Yakakent	38.5079	27.0734	10307	İzmir Province	TR
Néa Artáki	38.5203	23.6330	10302	Central Greece	GR
Măcin	45.2437	28.1356	10295	Tulcea County	RO
Kratovo	42.0791	22.1817	10288	Kratovo	MK
Byala Slatina	43.4667	23.9333	10282	Vratsa	BG
Bucov	44.9667	26.0833	10279	Prahova	RO
Aleksandriyskaya	44.2272	43.3453	10279	Stavropol Kray	RU
Dvubratskiy	45.2389	39.8050	10272	Krasnodar Krai	RU
Assinovskaya	43.2417	45.1819	10270	Chechnya	RU
Aleşd	47.0581	22.3995	10264	Bihor County	RO
Cormaia	47.3667	24.6833	10254	Bistrița-Năsăud County	RO
Şalpazarı	40.9383	39.1901	10254	Trabzon	TR
Gubacsipuszta	47.4312	19.1412	10250	Budapest	HU
Victoria	45.7297	24.7028	10247	Brașov County	RO
Alleroy	43.2171	46.2821	10247	Chechnya	RU
Biyuk-Onlar	45.2887	34.1352	10244	Crimea	UA
Valea lui Mihai	47.5167	22.1500	10240	Bihor County	RO
Akbez	36.8555	36.5179	10228	Hatay	TR
Veternik	45.2545	19.7588	10226	Vojvodina	RS
Néon Karlovásion	37.7921	26.7049	10220	North Aegean	GR
Lysogorskaya	44.1064	43.2756	10219	Stavropol Kray	RU
Săbăoani	47.0114	26.8654	10218	Neamț County	RO
Vrnjačka Banja	43.6272	20.8963	10207	Central Serbia	RS
Akkuş	40.7931	37.0164	10206	Ordu	TR
Komyshova Bukhta	44.5844	33.4410	10205	Sevastopol City	UA
Inkerman	44.6139	33.6098	10204	Sevastopol City	UA
Krivyanskaya	47.3969	40.1668	10203	Rostov	RU
Kanjiža	46.0667	20.0500	10200	Vojvodina	RS
Sarayönü	38.2620	32.4046	10198	Konya	TR
Staryye Atagi	43.1203	45.7406	10183	Chechnya	RU
Siklós	45.8550	18.2975	10180	Baranya	HU
Kvareli	41.9549	45.8172	10177	Kakheti	GE
Filipeştii de Pădure	45.0000	25.7500	10169	Prahova	RO
Alkhan-Kala	43.2586	45.5392	10168	Chechnya	RU
Sagarejo	41.7369	45.3260	10166	Kakheti	GE
Sovetskaya	44.7769	41.1722	10166	Krasnodar Krai	RU
Çifteler	39.3831	31.0392	10166	Eskişehir	TR
Tököl	47.3218	18.9625	10164	Pest County	HU
Novooleksiyivka	46.2300	34.6458	10154	Kherson	UA
Jaljūlya	32.1547	34.9537	10148	Central District	IL
Dolna Banjica	41.7861	20.9061	10147	Gostivar	MK
Glodeni	47.7747	27.5175	10146	Glodeni	MD
Néa Kallikráteia	40.3131	23.0634	10144	Central Macedonia	GR
Maglód	47.4426	19.3644	10144	Pest County	HU
Nicolae Bălcescu	46.4667	26.9167	10140	Bacău County	RO
Kfar Yasif	32.9545	35.1623	10133	Northern District	IL
Datça	36.7378	27.6842	10121	Muğla	TR
Pásztó	47.9202	19.6983	10119	Nógrád	HU
Ţammūn	32.2835	35.3837	10119	West Bank	PS
Ciurea	47.0500	27.5667	10110	Iași County	RO
Bayt Fūrīk	32.1769	35.3354	10108	West Bank	PS
Tavriysk	46.7543	33.4166	10108	Kherson	UA
Narman	40.3445	41.8609	10104	Erzurum	TR
Babadag	44.9000	28.7167	10101	Tulcea County	RO
‘Attīl	32.3693	35.0719	10100	West Bank	PS
Titu	44.6500	25.5333	10081	Dâmbovița County	RO
Lapseki	40.3442	26.6856	10076	Canakkale	TR
Majdanpek	44.4277	21.9460	10071	Central Serbia	RS
Sartana	47.1752	37.6918	10070	Donetsk	UA
Hârşova	44.6855	27.9501	10055	Constanța County	RO
Ineu	46.4337	21.8405	10051	Arad County	RO
Keşap	40.9103	38.5013	10047	Giresun	TR
Negreşti	46.8333	27.4333	10043	Vaslui County	RO
Néa Moudhaniá	40.2439	23.2848	10042	Central Macedonia	GR
Gigant	46.5067	41.3419	10034	Rostov	RU
Sascut	46.2000	27.1000	10031	Bacău County	RO
Troitskoye	46.4130	44.2579	10025	Kalmykiya Republic	RU
Arapgir	39.0412	38.4952	10022	Malatya	TR
Túrkeve	47.1000	20.7500	10016	Jász-Nagykun-Szolnok	HU
Dhekelia	34.9843	33.7338	10000		GB
Gudauri	42.4780	44.4762	10000	Mtskheta-Mtianeti	GE
Polýgyros	40.3770	23.4413	10000	Central Macedonia	GR
Herzliya Pituah	32.1741	34.8028	10000	Tel Aviv	IL
Sarājīq	34.0236	44.7420	10000	Diyala	IQ
Kays Qal‘ah	36.6301	43.3038	10000	Nineveh	IQ
Rehab	32.3234	36.0909	10000	Mafraq	JO
Qâna	33.2090	35.2993	10000	South Governorate	LB
Aajaltoûn	33.9653	35.6828	10000	Mount Lebanon	LB
Dancu	46.7582	28.2072	10000	Hînceşti	MD
Pamukkale	37.9164	29.1173	10000	Denizli	TR
Luzanivka	46.5573	30.7688	10000	Odesa	UA
Zalukokoazhe	43.9006	43.2143	9997	Kabardino-Balkariya Republic	RU
Dalakovo	43.2376	44.5896	9994	Ingushetiya Republic	RU
Csepel-Erdősor	47.4075	19.0758	9992	Budapest	HU
Triandría	40.6220	22.9700	9986	Central Macedonia	GR
Szeghalom	47.0333	21.1667	9985	Bekes County	HU
Bāzargān	39.3915	44.3875	9979	West Azerbaijan	IR
Mihail Kogălniceanu	44.3680	28.4600	9970	Constanța County	RO
Şūfīān	38.2775	45.9806	9963	East Azerbaijan	IR
Kerepes	47.5601	19.2829	9960	Pest County	HU
Piraziz	40.9224	38.1246	9959	Giresun	TR
Teplodar	46.5020	30.3226	9958	Odesa	UA
Borçka	41.3579	41.6658	9942	Artvin	TR
İnebolu	41.9789	33.7601	9935	Kastamonu	TR
Uricani	45.3373	23.1524	9924	Hunedoara County	RO
Novomyshastovskaya	45.1991	38.5827	9916	Krasnodar Krai	RU
Epanomí	40.4261	22.9278	9910	Central Macedonia	GR
Buşteni	45.4000	25.5333	9906	Prahova	RO
Zefyri	38.0665	23.7170	9901	Attica	GR
Ágios Stéfanos	38.1466	23.8561	9892	Attica	GR
Csarnoknegyed	47.4940	19.0737	9888	Budapest	HU
Sernovodsk	43.3128	45.1597	9882	Chechnya	RU
Ikryanoye	46.0929	47.7296	9880	Astrakhan Oblast	RU
Homocea	46.1333	27.2333	9869	Vrancea	RO
Pokrovske	47.9813	36.2345	9868	Dnipropetrovsk	UA
Poienile de sub Munte	47.8167	24.4333	9865	Maramureş	RO
Uskumruköy	41.2203	29.0233	9864	Istanbul	TR
Doğanhisar	38.1463	31.6765	9857	Konya	TR
Hresivskyi	45.0080	34.0266	9835	Crimea	UA
Liteni	47.5667	26.2000	9833	Suceava	RO
Argostólion	38.1811	20.4890	9820	Ionian Islands	GR
Kiáto	38.0132	22.7484	9812	Peloponnese	GR
Gorodovikovsk	46.0878	41.9334	9809	Kalmykiya Republic	RU
Jászapáti	47.5167	20.1500	9806	Jász-Nagykun-Szolnok	HU
Rezina	47.7486	28.9677	9806	Rezina	MD
Ruwaished	32.5041	38.2011	9805	Mafraq	JO
Hindarkh	40.0675	47.2058	9800	Ağcabǝdi	AZ
Kačanik	42.2319	21.2594	9800	Ferizaj	XK
Lukovit	43.2000	24.1667	9792	Lovech	BG
Rákoskert	47.4645	19.2977	9792	Budapest	HU
Eleşkirt	39.7980	42.6757	9788	Ağrı	TR
Basma	32.5290	35.1006	9779	Haifa	IL
Koloniya	46.7506	36.8140	9776	Zaporizhzhia	UA
Zlatni Pyasatsi	43.2850	28.0418	9760	Varna	BG
Néa Chalkidóna	38.0271	23.7305	9760	Attica	GR
Munteni	45.9333	27.4333	9760	Galați County	RO
Jánoshalma	46.2986	19.3258	9755	Bács-Kiskun	HU
Podu Iloaiei	47.2167	27.2667	9752	Iași County	RO
Gülşehir	38.7459	34.6252	9740	Nevşehir Province	TR
Isperih	43.7167	26.8333	9735	Razgrad	BG
Cumpăna	44.1167	28.5667	9731	Constanța County	RO
Ivanovskaya	45.2760	38.4644	9729	Krasnodar Krai	RU
Hassa	36.7994	36.5178	9719	Hatay	TR
Vesele	47.0097	34.9184	9719	Zaporizhzhia	UA
Gekhi	43.1635	45.4724	9714	Chechnya	RU
Lykóvrysi	38.0693	23.7822	9705	Attica	GR
Palotanegyed	47.4927	19.0652	9705	Budapest	HU
‘Arrābah	32.4052	35.2019	9703	West Bank	PS
Kur	40.9058	46.1852	9700	Şǝmkir	AZ
Chaplynka	46.3645	33.5409	9687	Kherson	UA
Tamási	46.6333	18.2833	9682	Tolna County	HU
Mihalgazi	40.0262	30.5771	9677	Eskişehir	TR
Köşk	37.8533	28.0517	9676	Aydın	TR
Modelu	44.1957	27.3872	9672	Călărași County	RO
Iveşti	45.6833	27.5167	9671	Galați County	RO
Kadriye	36.8865	31.0061	9658	Antalya	TR
Géri	35.1056	33.4198	9651	Nicosia	CY
Belső-Ferencváros	47.4853	19.0647	9648	Budapest	HU
Bu'ayna-Nujaydat	32.8097	35.3699	9645	Northern District	IL
Berezivka	47.2004	30.9094	9644	Odesa	UA
Kutalli	40.7839	19.7867	9643	Berat County	AL
Znamenskoye	43.6767	45.1275	9641	Chechnya	RU
Shyroke	47.6855	33.2615	9623	Dnipropetrovsk	UA
Akhuryan	40.7808	43.9004	9619	Shirak	AM
Curtici	46.3500	21.3000	9615	Arad County	RO
Kunszentmárton	46.8392	20.2888	9606	Jász-Nagykun-Szolnok	HU
Plastunovskaya	45.2943	39.2651	9604	Krasnodar Krai	RU
İçmeler	36.7986	28.2264	9604	Muğla	TR
Shelkovskaya	43.5077	46.3362	9602	Chechnya	RU
Jabrayil	39.3992	47.0284	9600	Jabrayil	AZ
Budeşti	44.2347	26.4658	9598	Călărași County	RO
Oituz	46.2000	26.6167	9596	Bacău County	RO
Sarmakovo	43.7456	43.2003	9588	Kabardino-Balkariya Republic	RU
‘Ayn Jannā	32.3347	35.7637	9586	Ajloun	JO
Sokolovo-Kundryuchenskiy	47.8354	39.9471	9585	Rostov	RU
Vasiliká	40.4797	23.1369	9578	Central Macedonia	GR
Sredets	42.3475	27.1790	9573	Burgas	BG
Aradeo	40.1292	18.1295	9570	Apulia	IT
Bilozerka	46.6265	32.4445	9565	Kherson	UA
Sīlat al Ḩārithīyah	32.5085	35.2275	9557	West Bank	PS
Cristuru Secuiesc	46.2833	25.0333	9554	Harghita County	RO
Borcea	44.3333	27.7500	9546	Călărași County	RO
Racale	39.9609	18.0915	9542	Apulia	IT
Ladik	40.9106	35.8919	9542	Samsun	TR
Cernica	44.4167	26.2833	9530	Ilfov	RO
Psychikó	38.0132	23.7722	9529	Attica	GR
Salacak	41.0150	29.0126	9522	Istanbul	TR
Nikël	41.4442	19.7483	9518	Durrës County	AL
Hajdúdorog	47.8167	21.5000	9514	Hajdú-Bihar	HU
Markópoulo	37.8833	23.9333	9513	Attica	GR
Beşiri	37.9157	41.2865	9513	Batman	TR
Zorleni	46.2667	27.7167	9511	Vaslui County	RO
Eforie Sud	44.0229	28.6494	9498	Constanța County	RO
Igoumenítsa	39.5034	20.2673	9496	Epirus	GR
Marginea	47.8167	25.8167	9488	Suceava	RO
Novyi Svit	47.8067	38.0210	9488	Donetsk	UA
Davutlar	37.7339	27.2928	9484	Aydın	TR
Berca	45.2833	26.6833	9479	Buzău County	RO
Carmiano	40.3440	18.0419	9472	Apulia	IT
Tăşnad	47.4833	22.5833	9466	Satu Mare County	RO
Sopište	41.9556	21.4294	9460	Sopište	MK
Hryhoriopol	47.1541	29.3001	9456	Transnistria	MD
Metsamor	40.1446	44.1148	9450	Armavir	AM
Şimian	44.6142	22.7072	9434	Mehedinți County	RO
Baraolt	46.0751	25.6003	9429	Covasna County	RO
Çeltik	39.0244	31.7906	9429	Konya	TR
Tortum	40.2889	41.5410	9429	Erzurum	TR
Veliki Preslav	43.1667	26.8167	9425	Shumen	BG
Taman	45.2117	36.7161	9417	Krasnodar Krai	RU
Al Ghanţū	34.8220	36.6961	9412	Homs	SY
Nerkin Getashen	40.1417	45.2709	9410	Gegharkunik	AM
Chahār Borj	37.1254	45.9782	9406	West Azerbaijan	IR
Huedin	46.8667	23.0500	9395	Cluj County	RO
Verkhniye Achaluki	43.3469	44.6975	9393	Ingushetiya Republic	RU
Zall-Herr	41.3894	19.8275	9389	Tirana	AL
Hani i Elezit	42.1500	21.2967	9389	Ferizaj	XK
Orchomenós	38.4929	22.9796	9381	Central Greece	GR
Măgurele	44.3500	26.0333	9375	Ilfov	RO
Staryi Krym	45.0289	35.0917	9370	Crimea	UA
Štúrovo	47.7950	18.7175	9361	Nitra Region	SK
Martūbah	32.5742	22.7635	9357	Darnah	LY
Băbeni	44.9667	24.2333	9350	Vâlcea County	RO
Iernut	46.4500	24.2500	9343	Mureș County	RO
Martano	40.2020	18.3019	9320	Apulia	IT
Moḩammad Yār	36.9861	45.5169	9313	West Azerbaijan	IR
Kamenica	42.5781	21.5803	9312	Gjilan	XK
Grigoropolisskaya	45.2972	41.0567	9310	Stavropol Kray	RU
Samsat	37.5819	38.4742	9308	Adıyaman Province	TR
Síndos	40.6705	22.8055	9289	Central Macedonia	GR
Germenchuk	43.1857	45.9210	9285	Chechnya	RU
Mirnoye	44.9833	34.0616	9284	Crimea	UA
Mîndreşti	47.5052	28.2769	9280	Teleneşti	MD
Kabala	37.3505	40.8029	9275	Mardin	TR
H̱atsor HaGlilit	32.9823	35.5449	9272	Northern District	IL
Badalābād	38.5734	44.9251	9256	West Azerbaijan	IR
Velykyy Bychkiv	47.9682	24.0106	9255	Zakarpattia	UA
Kalanchak	46.2550	33.2906	9251	Kherson	UA
Finike	36.2950	30.1406	9250	Antalya	TR
Siret	47.9500	26.0667	9246	Suceava	RO
Solymár	47.5925	18.9321	9242	Pest County	HU
Bansko	41.8361	23.4874	9232	Blagoevgrad	BG
Čurug	45.4722	20.0686	9231	Vojvodina	RS
Ráckeve	47.1609	18.9448	9229	Pest County	HU
Bărcăneşti	44.8833	26.0500	9225	Prahova	RO
Orczynegyed	47.4854	19.0885	9223	Budapest	HU
Karataş	36.5820	35.3701	9221	Adana	TR
Otllak	40.7439	19.9353	9218	Berat County	AL
Tutrakan	44.0491	26.6121	9214	Silistra	BG
Derecske	47.3500	21.5667	9207	Hajdú-Bihar	HU
Katyr-Yurt	43.1716	45.3699	9202	Chechnya	RU
Goranboy	40.6103	46.7897	9200	Goranboy District	AZ
Köseköy	40.7401	30.0056	9200	Kocaeli	TR
Spáta	37.9616	23.9151	9198	Attica	GR
Fīrūraq	38.5800	44.8359	9190	West Azerbaijan	IR
Dayr al Ghuşūn	32.3524	35.0769	9187	West Bank	PS
İhsaniye	40.6909	29.8347	9186	Kocaeli	TR
Pokoynoye	44.8097	44.2517	9175	Stavropol Kray	RU
Kecel	46.5253	19.2519	9155	Bács-Kiskun	HU
Şalkhad	32.4920	36.7111	9155	Suwayda	SY
Županja	45.0775	18.6975	9153	Vukovar-Srijem	HR
Rostusa	41.6100	20.6000	9147	Mavrovo and Rostuša	MK
Çıplaklı	36.5627	32.0523	9139	Antalya	TR
Nádudvar	47.4167	21.1667	9135	Hajdú-Bihar	HU
Radishani	42.0611	21.4478	9123	Grad Skopje	MK
Rožaje	42.8330	20.1665	9121	Rožaje Municipality	ME
Kalkandere	40.9205	40.4369	9115	Rize Province	TR
Mukharram al Fawqānī	34.8152	37.0868	9112	Homs	SY
Aliabad	41.4829	46.6348	9103	Zaqatala District	AZ
Ócsa	47.2999	19.2306	9097	Pest County	HU
Brăneşti	45.0333	25.4167	9094	Dâmbovița County	RO
Ruffano	39.9819	18.2497	9091	Apulia	IT
Mar'yinka	47.9453	37.5054	9089	Donetsk	UA
Vrčin	44.6684	20.5933	9088	Central Serbia	RS
Pesthidegkút	47.5576	18.9644	9087	Budapest	HU
Aerodrom	47.1322	37.5587	9085	Donetsk	UA
Karayılan	36.7107	36.2049	9074	Hatay	TR
Dunaföldvár	46.8071	18.9276	9073	Tolna County	HU
Pervomayskoye	43.9190	46.7102	9073	Dagestan	RU
Krasnogvardeyskoye	45.1324	39.5744	9071	Adygeya Republic	RU
Omurtag	43.1000	26.4167	9070	Targovishte	BG
Díon	40.1717	22.4846	9067	Central Macedonia	GR
Chalástra	40.6264	22.7329	9066	Central Macedonia	GR
Kabataş	40.7500	37.4500	9066	Ordu	TR
Lyubashivka	47.8339	30.2521	9055	Odesa	UA
Preuteşti	47.4500	26.4167	9048	Suceava	RO
Lipljan	42.5217	21.1258	9047	Pristina	XK
Gökçebey	41.3058	32.1423	9044	Zonguldak Province	TR
Kavak	41.0783	36.0425	9042	Samsun	TR
Vadu Paşii	45.1667	26.9000	9034	Buzău County	RO
Fehérgyarmat	47.9833	22.5167	9031	Szabolcs-Szatmár-Bereg	HU
Întorsura Buzăului	45.6833	26.0333	9026	Covasna County	RO
Trudobelikovskiy	45.2685	38.1538	9013	Krasnodar Krai	RU
Perondi	40.7789	19.9231	9005	Berat County	AL
Baabda	33.8339	35.5442	9000	Mount Lebanon	LB
Chiţcani	46.7830	29.6168	9000	Căuşeni	MD
Gostagayevskaya	45.0228	37.5051	9000	Krasnodar Krai	RU
Modriča	44.9578	18.3020	8996	Srpska	BA
Velyka Znamianka	47.4454	34.3508	8989	Zaporizhzhia	UA
Kubrat	43.7966	26.5006	8980	Razgrad	BG
Kiskunlacháza	47.1884	19.0093	8980	Pest County	HU
Cobadin	44.0833	28.2167	8979	Constanța County	RO
Kunszentmiklós	47.0270	19.1258	8976	Bács-Kiskun	HU
Şenköy	37.4644	41.1906	8975	Mardin	TR
Borleşti	46.7667	26.4833	8965	Neamț County	RO
Svoge	42.9667	23.3500	8964	Sofia	BG
Bačko Petrovo Selo	45.7068	20.0793	8959	Vojvodina	RS
Orhaneli	39.9033	28.9906	8959	Bursa Province	TR
Oranit	32.1317	34.9909	8955	West Bank	PS
Chornobaivka	46.6964	32.5451	8954	Kherson	UA
Vinsady	44.0808	42.9653	8949	Stavropol Kray	RU
Hurzuf	44.5508	34.2909	8933	Crimea	UA
Pervomayskoye	42.4963	47.8958	8930	Dagestan	RU
Şammā	32.5710	35.6898	8926	Irbid	JO
Rodnikovskaya	44.7644	40.6656	8925	Krasnodar Krai	RU
Aksay	43.3725	46.4450	8924	Dagestan	RU
Paralía	38.1983	21.7026	8903	West Greece	GR
Chrysoúpolis	40.9856	24.6939	8885	East Macedonia and Thrace	GR
İbradı	37.0969	31.5992	8883	Antalya	TR
Alkhan-Yurt	43.2318	45.5723	8879	Chechnya	RU
Moisei	47.6556	24.5401	8877	Maramureş	RO
Atlit	32.6889	34.9424	8875	Haifa	IL
Ugento	39.9272	18.1583	8875	Apulia	IT
Puchenii Mari	44.8167	26.0833	8869	Prahova	RO
Liman	45.7820	47.2239	8858	Astrakhan Oblast	RU
Lovrin	45.9681	20.7703	8851	Timiș County	RO
Mărășești	45.8833	27.2333	8844	Vrancea	RO
Çukurca	37.2481	43.6136	8843	Hakkâri	TR
Sokolac	43.9382	18.8008	8842	Srpska	BA
Sremski Karlovci	45.2028	19.9337	8839	Vojvodina	RS
Aşağı Hisar	36.7824	31.4480	8832	Antalya	TR
Ayazlı	41.0270	37.4789	8830	Ordu	TR
Uludere	37.4407	42.8524	8827	Şırnak	TR
Vesëlyy	47.0924	40.7421	8820	Rostov	RU
Kullar	40.7242	29.9894	8820	Kocaeli	TR
Kisra - Sume'a	32.9726	35.2988	8818	Northern District	IL
Julfa	38.9379	45.6333	8810	East Azerbaijan	IR
Panciu	45.9000	27.0833	8810	Vrancea	RO
Fastovetskaya	45.9189	40.1589	8806	Krasnodar Krai	RU
Labunista	41.2686	20.5961	8805	Struga	MK
Karlıova	39.2904	41.0059	8801	Bingöl	TR
As Sūsah	34.5337	40.9582	8797	Deir ez-Zor	SY
Dévaványa	47.0333	20.9667	8796	Bekes County	HU
Hotarele	44.1725	26.3703	8790	Giurgiu County	RO
Novovelichkovskaya	45.2764	38.8417	8774	Krasnodar Krai	RU
Magas	43.2226	44.7726	8771	Ingushetiya Republic	RU
Nor Kharberd	40.0917	44.4805	8766	Ararat	AM
Ariceştii-Rahtivani	44.9500	25.8333	8764	Prahova	RO
Novyye Atagi	43.1353	45.7731	8760	Chechnya	RU
Bascov	44.9000	24.8167	8759	Arges	RO
Nagykovácsi	47.5814	18.8855	8757	Pest County	HU
Gudauta	43.1019	40.6225	8752	Abkhazia	GE
Ağva	41.1381	29.8567	8750	Istanbul	TR
Umm ar Rizam	32.5333	23.0090	8742	Darnah	LY
Nizhnegorskiy	45.4479	34.7384	8741	Crimea	UA
Parabita	40.0514	18.1265	8739	Apulia	IT
Selendi	38.7444	28.8678	8735	Manisa	TR
Valu lui Traian	44.1667	28.4667	8733	Constanța County	RO
Shushicë	41.0975	20.1483	8731	Elbasan County	AL
Novoselitskoye	44.7508	43.4369	8723	Stavropol Kray	RU
Sitia	35.2078	26.1047	8707	Crete	GR
Köse	40.2069	39.6463	8705	Gümüşhane Province	TR
Sarıyahşi	38.9835	33.8414	8704	Aksaray	TR
Kokhav Ya’ir	32.2263	35.0008	8702	Central District	IL
Yutsa	43.9564	43.0128	8702	Stavropol Kray	RU
Mionica	44.8665	18.4660	8701	Federation of B&H	BA
Anina	45.0794	21.8569	8689	Caraș-Severin County	RO
Roznov	46.8333	26.5167	8688	Neamț County	RO
Lefkáda	38.8304	20.7044	8673	Ionian Islands	GR
Andırın	37.5776	36.3549	8660	Kahramanmaraş	TR
Apahida	46.8167	23.7500	8658	Cluj County	RO
Savur	37.5354	40.8788	8658	Mardin	TR
Salcea	47.6500	26.3667	8655	Suceava	RO
Vrapčište	41.8348	20.8857	8652	Vrapchishte	MK
Bahçecik	40.6681	29.9148	8648	Kocaeli	TR
Eleftherés	40.8467	24.2543	8647	East Macedonia and Thrace	GR
Velesta	41.2408	20.6439	8646	Struga	MK
Chucher-Sandevo	42.1036	21.3822	8646	Chucher Sandevo	MK
Târgu Cărbuneşti	44.9500	23.5167	8646	Gorj County	RO
Brăneşti	44.4500	26.3333	8645	Ilfov	RO
Dragalina	44.4333	27.3167	8642	Călărași County	RO
Bogdanci	41.2036	22.5759	8636	Bogdanci	MK
Biatorbágy	47.4706	18.8189	8632	Pest County	HU
Solotvyno	47.9473	23.8743	8632	Zakarpattia	UA
Ulubey	40.8686	37.7540	8626	Ordu	TR
Joiţa	44.4942	25.8539	8616	Giurgiu County	RO
Verneşti	45.2167	26.7333	8603	Buzău County	RO
Naftalan	40.5082	46.8203	8600	Naftalan	AZ
Nurhak	37.9637	37.4405	8595	Kahramanmaraş	TR
Koçarlı	37.7611	27.7058	8594	Aydın	TR
Gercüş	37.5625	41.3775	8590	Batman	TR
Temirgoyevskaya	45.1141	40.2803	8588	Krasnodar Krai	RU
Büyükdere	41.1605	29.0415	8586	Istanbul	TR
Kızılcaşar	39.8226	32.7329	8581	Ankara	TR
Krichim	42.0500	24.4667	8580	Plovdiv	BG
Toprakkale	37.0686	36.1466	8577	Osmaniye	TR
Ayaş	40.0193	32.3322	8570	Ankara	TR
Pipirig	47.2500	26.0667	8569	Neamț County	RO
Nerubayske	46.5444	30.6292	8558	Odesa	UA
Çavuşlu	37.5002	41.2511	8555	Mardin	TR
Naurskaya	43.6500	45.3113	8550	Chechnya	RU
Chermen	43.1519	44.7123	8550	North Ossetia–Alania	RU
Dachne	46.5823	30.5475	8549	Odesa	UA
Arkalochóri	35.1463	25.2654	8547	Crete	GR
Milcovul	45.6500	27.2500	8547	Vrancea	RO
Kizlyar	43.7038	44.5944	8544	North Ossetia–Alania	RU
Pereyaslovskaya	45.8412	39.0238	8542	Krasnodar Krai	RU
Aksaray	41.0087	28.9502	8541	Istanbul	TR
Baytā al Fawqā	32.1426	35.2877	8535	West Bank	PS
Bajina Bašta	43.9708	19.5675	8533	Central Serbia	RS
Crvenka	45.6610	19.4544	8532	Vojvodina	RS
Padinska Skela	44.9429	20.4255	8519	Central Serbia	RS
Rayevskaya	44.8357	37.5558	8518	Krasnodar Krai	RU
Corvinnegyed	47.4902	19.0710	8508	Budapest	HU
Recaş	45.7989	21.5008	8508	Timiș County	RO
Žabalj	45.3722	20.0639	8503	Vojvodina	RS
Žepče	44.4267	18.0378	8502	Federation of B&H	BA
Yaycı	38.9405	45.7324	8500	Nakhchivan	AZ
Karkaj	38.0364	46.4316	8496	East Azerbaijan	IR
Kuluncak	38.8766	37.6628	8495	Malatya	TR
Shendābād	38.1437	45.6297	8489	East Azerbaijan	IR
Qaffīn	32.4327	35.0827	8489	West Bank	PS
Lyaskovets	43.1111	25.7283	8488	Veliko Tarnovo	BG
Călimăneşti	45.2333	24.3333	8485	Vâlcea County	RO
Usatove	46.5289	30.6495	8483	Odesa	UA
Kiseljak	43.9430	18.0813	8475	Federation of B&H	BA
Dereli	40.7389	38.4434	8473	Giresun	TR
Pervomayske	45.7174	33.8560	8470	Crimea	UA
Karakeçili	39.5942	33.3778	8468	Kırıkkale	TR
Emirgazi	37.9022	33.8372	8466	Konya	TR
Kunhegyes	47.3667	20.6333	8462	Jász-Nagykun-Szolnok	HU
Bolnisi	41.4512	44.5384	8461	Kvemo Kartli	GE
Târgşoru Vechi	44.8667	25.9167	8460	Prahova	RO
Turceni	44.6833	23.3667	8458	Gorj County	RO
Chernomorskiy	44.8506	38.4936	8454	Krasnodar Krai	RU
Velabisht	40.7017	19.9322	8453	Berat County	AL
Rogovskaya	45.7312	38.7396	8435	Krasnodar Krai	RU
Nadezhda	44.1000	44.6000	8426	Stavropol Kray	RU
Rajcë	41.0903	20.5764	8421	Elbasan County	AL
Başmakçı	37.8972	30.0117	8415	Afyonkarahisar Province	TR
Delogožda	41.2573	20.7218	8413	Struga	MK
Brazii de Sus	44.8667	26.0167	8406	Prahova	RO
Kalbajar	40.1098	46.0445	8400	Kalbajar	AZ
Gŭlŭbovo	42.1333	25.8500	8400	Stara Zagora	BG
Milişăuţi	47.7833	26.0000	8399	Suceava	RO
Zlatna	46.1063	23.2316	8393	Alba County	RO
Jaba‘	32.3241	35.2213	8391	West Bank	PS
Popeşti	47.2333	22.4167	8386	Bihor County	RO
Aydıncık	36.1437	33.3202	8385	Mersin	TR
Hayrat	40.8853	40.3650	8384	Trabzon	TR
Ercsi	47.2519	18.8962	8383	Fejér	HU
Al-Bi‘na	32.9305	35.2713	8381	Northern District	IL
Nūshīn	37.7349	45.0513	8380	West Azerbaijan	IR
Bozdoğan	37.6713	28.3139	8378	Aydın	TR
Rakitovo	41.9901	24.0873	8376	Pazardzhik	BG
Shamkhal	43.0596	47.3373	8375	Dagestan	RU
Balatonalmádi	47.0353	18.0208	8364	Veszprém	HU
Sarıçam	37.1517	35.5077	8362	Adana	TR
‘Ilūṭ	32.7176	35.2599	8356	Northern District	IL
Turunçova	36.3689	30.1375	8356	Antalya	TR
Geroskipou	34.7609	32.4484	8355	Pafos	CY
Şirintepe	38.4960	27.0668	8355	İzmir Province	TR
Beytüşşebap	37.5632	43.1658	8354	Şırnak	TR
Roata de Jos	44.4108	25.5433	8350	Giurgiu County	RO
Garni	40.1193	44.7344	8347	Kotayk	AM
Polgár	47.8667	21.1167	8347	Hajdú-Bihar	HU
Dryanovo	42.9790	25.4785	8346	Gabrovo	BG
Dunavarsány	47.2786	19.0662	8341	Pest County	HU
Bicaz	46.9167	26.0667	8340	Neamț County	RO
Didymóteicho	41.3490	26.4938	8336	East Macedonia and Thrace	GR
Qanawāt	32.7540	36.6145	8324	Suwayda	SY
Vidra	44.2606	26.1697	8322	Ilfov	RO
Yayladağı	35.9025	36.0627	8308	Hatay	TR
Dabbūrīya	32.6926	35.3712	8305	Northern District	IL
Răzvad	44.9333	25.5333	8305	Dâmbovița County	RO
Kalinovskaya	43.5738	45.5209	8305	Chechnya	RU
Gözyeri	40.8660	32.5417	8305	Karabük Province	TR
Zayam	40.9033	45.8856	8300	Şǝmkir	AZ
Zaporizhzhya-Live	47.8694	35.2111	8300	Zaporizhzhia	UA
Potlogi	44.5500	25.5833	8299	Dâmbovița County	RO
Петровец	41.9389	21.6150	8298	Petrovec	MK
Tura	47.6092	19.6028	8294	Pest County	HU
Tămăşeni	46.9833	26.9333	8292	Neamț County	RO
Ararat village	39.8317	44.7049	8287	Ararat	AM
Türkeli	41.9476	34.3386	8287	Sinop	TR
Mamurras	41.5775	19.6922	8282	Lezhë County	AL
Dīzaj Dīz	38.4619	45.0245	8282	West Azerbaijan	IR
Sadova	43.9000	23.9500	8277	Dolj	RO
Al Abraq	32.7899	22.0005	8276	Al Jabal al Akhdar	LY
Bragadiru	44.3711	25.9775	8274	Ilfov	RO
Bolluca	41.2036	28.7664	8274	Istanbul	TR
Tekman	39.6411	41.5054	8270	Erzurum	TR
Sülysáp	47.4521	19.5337	8258	Pest County	HU
Corbii Mari	44.5500	25.5000	8257	Dâmbovița County	RO
Anenii Noi	46.8779	29.2350	8250	Anenii Noi	MD
Argudan	43.4160	43.9113	8250	Kabardino-Balkariya Republic	RU
Özalp	38.6546	43.9887	8249	Van	TR
Sângeorz-Băi	47.3685	24.6721	8244	Bistrița-Năsăud County	RO
Chontaul	43.3048	46.8597	8241	Dagestan	RU
Băleni Sârbi	44.8167	25.6333	8231	Dâmbovița County	RO
Šipkovica	42.0350	20.9156	8228	Tetovo	MK
Felsőrákos	47.4960	19.1603	8223	Budapest	HU
Milići	44.1702	19.0920	8210	Srpska	BA
Novoselë	40.6250	19.4669	8209	Vlorë County	AL
Răuceşti	47.2500	26.4167	8204	Neamț County	RO
Kafr Asad	32.5980	35.7127	8203	Irbid	JO
Orbeasca de Sus	44.1500	25.3167	8203	Teleorman County	RO
Atakent	36.4007	34.0579	8195	Mersin	TR
Dragomireşti	44.9167	25.3333	8194	Dâmbovița County	RO
Dhannābah	32.3134	35.0414	8193	West Bank	PS
Füzesabony	47.7500	20.4167	8182	Heves County	HU
Vogošća	43.9023	18.3444	8180	Federation of B&H	BA
Devnya	43.2222	27.5694	8171	Varna	BG
Chişineu-Criş	46.5251	21.5184	8171	Arad County	RO
Arkhipo-Osipovka	44.3719	38.5297	8170	Krasnodar Krai	RU
Yavuzeli	37.3177	37.5682	8170	Gaziantep	TR
Dumbrăveni	46.2333	24.5667	8167	Sibiu County	RO
Džepčište	42.0329	20.9982	8166	Tetovo	MK
Novi Kneževac	46.0500	20.1000	8166	Vojvodina	RS
Sergokala	42.4538	47.6602	8165	Dagestan	RU
Çayırhan	40.0981	31.6732	8156	Ankara	TR
Şavşat	41.2534	42.3553	8151	Artvin	TR
Kalampáka	39.7044	21.6269	8138	Thessaly	GR
Lequile	40.3058	18.1402	8137	Apulia	IT
Pirdop	42.7000	24.1833	8136	Sofia	BG
Smolenskaya	44.7864	38.8033	8130	Krasnodar Krai	RU
Miroslava	47.1500	27.5167	8127	Iași County	RO
Săveni	47.9500	26.8667	8126	Botoșani County	RO
Rayon AKZ	46.7862	36.7351	8126	Zaporizhzhia	UA
Gastoúni	37.8500	21.2500	8114	West Greece	GR
Makedonska Kamenica	42.0214	22.5898	8114	Makedonska Kamenica	MK
Dumbrăveni	47.6500	26.4167	8110	Suceava	RO
Jászárokszállás	47.6424	19.9804	8107	Jász-Nagykun-Szolnok	HU
Egekent	38.5050	27.0640	8107	İzmir Province	TR
Prejmer	45.7167	25.7667	8106	Brașov County	RO
Gárdony	47.2094	18.6361	8105	Fejér	HU
Chiajna	44.4600	25.9733	8105	Ilfov	RO
Hozat	39.1003	39.2082	8105	Tunceli	TR
Burueneşti	45.3167	26.3500	8101	Buzău County	RO
Düzköy	40.8746	39.4154	8090	Trabzon	TR
Alupka	44.4195	34.0449	8087	Crimea	UA
Korkut	38.7339	41.7840	8078	Muş	TR
Shaţḩah	35.5051	36.2438	8076	Hama	SY
Septemvri	42.2202	24.1185	8071	Pazardzhik	BG
Dylym	43.0710	46.6345	8069	Dagestan	RU
Nădlac	46.1667	20.7500	8067	Arad County	RO
Lyubimets	41.8443	26.0812	8065	Haskovo	BG
Bidyā	32.1146	35.0803	8065	West Bank	PS
İpsala	40.9211	26.3827	8060	Edirne	TR
Cutrofiano	40.1262	18.2026	8056	Apulia	IT
Cudalbi	45.7833	27.7000	8055	Galați County	RO
Söğütlü	40.9059	30.4745	8051	Sakarya	TR
Mikhaylovskaya	44.9947	40.5964	8050	Krasnodar Krai	RU
Klina	42.6217	20.5778	8050	Pec	XK
Velyka Lepetykha	47.1714	33.9315	8047	Kherson	UA
Baciu	46.8000	23.5167	8046	Cluj County	RO
Mărgineni-Munteni	46.6000	26.9000	8033	Bacău County	RO
Qaryat ‘Umar al Mukhtār	32.6298	21.6765	8031	Al Jabal al Akhdar	LY
Zvornik	44.3860	19.1025	8026	Srpska	BA
Odobeşti	45.7667	27.0500	8026	Vrancea	RO
Chirnogi	44.1167	26.5667	8022	Călărași County	RO
Dubovskoye	47.4104	42.7655	8019	Rostov	RU
Şiria	46.2667	21.6333	8004	Arad County	RO
Gătaia	45.4311	21.4300	8002	Timiș County	RO
Čepin	45.5240	18.5776	8001	County of Osijek-Baranja	HR
Hrajel	34.0172	35.7924	8000	Mount Lebanon	LB
Boudaï	34.0611	36.0611	8000	Baalbek-Hermel Governorate	LB
Alfei Menasheh	32.1726	35.0118	8000	West Bank	PS
Peresyp	46.5349	30.7266	8000	Odesa	UA
Gubden	42.5681	47.5658	7997	Dagestan	RU
Vorona Teodoru	47.5500	26.6000	7992	Botoșani County	RO
Arkhonskaya	43.1100	44.5125	7991	North Ossetia–Alania	RU
Tárnok	47.3733	18.8458	7990	Pest County	HU
Beloslav	43.1872	27.7035	7989	Varna	BG
Storozhevaya	43.8789	41.4514	7986	Karachayevo-Cherkesiya Republic	RU
Cotnari	47.3500	26.9833	7985	Iași County	RO
Yenotayevka	47.2433	47.0290	7985	Astrakhan Oblast	RU
Güzelçamlı	37.7133	27.2278	7981	Aydın	TR
Përmet	40.2336	20.3517	7980	Gjirokastër County	AL
Platý	40.6424	22.5346	7978	Central Macedonia	GR
Honaz	37.7573	29.2700	7974	Denizli	TR
Aydıntepe	40.3832	40.1427	7961	Bayburt Province	TR
Cavallino	40.3102	18.2022	7959	Apulia	IT
Chirkey	42.9613	46.9787	7959	Dagestan	RU
Balcani	46.6333	26.5500	7958	Bacău County	RO
Tqibuli	42.3478	42.9977	7957	Imereti	GE
Vradiyivka	47.8642	30.5888	7956	Mykolaiv	UA
Almyrós	39.1822	22.7594	7955	Thessaly	GR
Myskhako	44.6615	37.7641	7954	Krasnodar Krai	RU
Mol	45.7646	20.1329	7950	Vojvodina	RS
Segarcea	44.1000	23.7500	7944	Dolj	RO
Zarzir	32.7275	35.2138	7942	Northern District	IL
Poduri	46.4667	26.5333	7937	Bacău County	RO
Câmpeni	46.3667	23.0500	7932	Alba County	RO
Burrel	41.6103	20.0089	7928	Dibër County	AL
Khankala	43.3021	45.7556	7925	Chechnya	RU
Dărmăneşti	44.9167	25.7833	7919	Dâmbovița County	RO
Derbent	38.0142	32.0164	7919	Konya	TR
Basmat Ṭab‘ūn	32.7391	35.1570	7916	Northern District	IL
Novyy Khushet	42.8994	47.5604	7912	Dagestan	RU
Novotroitskaya	45.3267	41.5253	7910	Stavropol Kray	RU
Hisarya	42.5000	24.7000	7903	Plovdiv	BG
Bu‘eina	32.8063	35.3644	7900	Northern District	IL
Novoli	40.3767	18.0476	7898	Apulia	IT
Moţăţei	44.0833	23.2000	7898	Dolj	RO
Velimeşe	41.2536	27.8783	7893	Tekirdağ	TR
Ersekë	40.3378	20.6789	7890	Korçë County	AL
Sovetskaya	44.0267	44.0500	7886	Stavropol Kray	RU
Kushuhum	47.7096	35.2164	7886	Zaporizhzhia	UA
Inonu	38.5328	27.0564	7881	İzmir Province	TR
Nadterechnoje	43.6227	45.3397	7877	Chechnya	RU
Klos	41.5069	20.0867	7873	Dibër County	AL
Göynük	36.6600	30.5500	7868	Antalya	TR
Eruh	37.7418	42.1742	7868	Siirt	TR
Staraya Sunzha	43.3354	45.7438	7860	Chechnya	RU
Corod	45.9000	27.6167	7855	Galați County	RO
Koufália	40.7778	22.5719	7850	Central Macedonia	GR
Piatra Şoimului	46.8333	26.4333	7848	Neamț County	RO
Tashir	41.1192	44.2865	7840	Lori	AM
Vasilaţi	44.2878	26.4475	7840	Călărași County	RO
Răcăciuni	46.3333	26.9833	7839	Bacău County	RO
Drosiá	38.1198	23.8643	7837	Attica	GR
Léfka	35.1120	32.8500	7835	Nicosia	CY
Zaterechnyy	44.7931	45.2097	7835	Stavropol Kray	RU
Massah	32.7525	21.6281	7831	Al Jabal al Akhdar	LY
Kardonikskaya	43.8658	41.7143	7830	Karachayevo-Cherkesiya Republic	RU
Nyíradony	47.6975	21.9188	7827	Hajdú-Bihar	HU
Gökçeada	40.2011	25.9090	7822	Canakkale	TR
1 Decembrie	44.2908	26.0581	7817	Ilfov	RO
Levashi	42.4322	47.3237	7817	Dagestan	RU
Peretu	44.0500	25.0833	7816	Teleorman County	RO
Castelu	44.2500	28.3333	7816	Constanța County	RO
Konuklu	37.1263	38.8486	7813	Şanlıurfa	TR
Văcăreşti	44.8500	25.4833	7812	Dâmbovița County	RO
Novo Miloševo	45.7192	20.3036	7805	Vojvodina	RS
Nikol's’ke	47.2053	37.3214	7801	Donetsk	UA
Kaş	36.2018	29.6377	7800	Antalya	TR
Terekli-Mekteb	44.1661	45.8719	7799	Dagestan	RU
Kindirip	37.4471	41.2198	7798	Mardin	TR
Filipeştii de Târg	44.9833	25.7833	7794	Prahova	RO
Karpathos	35.5070	27.2132	7790	South Aegean	GR
Ananyiv	47.7197	29.9571	7789	Odesa	UA
Bayt Yāfā	32.5225	35.7862	7788	Irbid	JO
Celâliye	41.0515	28.4196	7788	Istanbul	TR
Archángelos	36.2149	28.1149	7786	South Aegean	GR
Ramat Yishay	32.7010	35.1643	7785	Northern District	IL
Adâncata	47.7333	26.3000	7779	Suceava	RO
Pogoanele	44.9167	27.0000	7777	Buzău County	RO
Sângeorgiu de Mureş	46.5696	24.5945	7776	Mureș County	RO
Tolstoy-Yurt	43.4444	45.7794	7772	Chechnya	RU
Suraia	45.6833	27.4000	7770	Vrancea	RO
Kambileyevskoye	43.0786	44.7522	7770	North Ossetia–Alania	RU
Kūhnānī	33.4026	47.3273	7768	Lorestan Province	IR
Kalloní	39.2332	26.2072	7762	North Aegean	GR
Qandūlah	32.5380	21.5753	7760	Al Jabal al Akhdar	LY
General Toshevo	43.7012	28.0379	7758	Dobrich	BG
Tismana	45.0500	22.9667	7751	Gorj County	RO
Gilău	46.7325	23.3617	7745	Cluj County	RO
Sándorfalva	46.3609	20.0989	7738	Csongrád	HU
Vardenik	40.1372	45.4291	7735	Gegharkunik	AM
Manhush	47.0562	37.3119	7731	Donetsk	UA
Rama	32.9386	35.3664	7728	Northern District	IL
‘Azzūn	32.1750	35.0575	7727	West Bank	PS
Diok’nisi	41.6293	42.3917	7725	Adjara	GE
Buharkent	37.9640	28.7427	7723	Aydın	TR
Plopeni	45.0496	25.9520	7718	Prahova	RO
Comana	44.1706	26.1450	7717	Giurgiu County	RO
Şabanözü	40.4825	33.2835	7717	Çankırı	TR
Qarne Shomeron	32.1667	35.0833	7713	West Bank	PS
Vylkove	45.4028	29.5869	7712	Odesa	UA
Pikérmi	38.0016	23.9408	7707	Attica	GR
‘Aqrabā	32.1249	35.3455	7707	West Bank	PS
Răducăneni	46.9500	27.9333	7706	Iași County	RO
Losoncinegyed	47.4844	19.0817	7704	Budapest	HU
Horadiz	39.4502	47.3350	7700	Fuzuli District	AZ
Ştefan Vodă	46.5129	29.6622	7700	Stefan-Voda	MD
Soltvadkert	46.5789	19.3939	7695	Bács-Kiskun	HU
Aktoprak	37.1862	37.2858	7695	Gaziantep	TR
Brăhăşeştii de Sus	46.0500	27.3500	7692	Galați County	RO
Melenci	45.5168	20.3196	7685	Vojvodina	RS
Vypasne	46.1909	30.2562	7675	Odesa	UA
Nyergesújfalu	47.7603	18.5569	7667	Komárom-Esztergom	HU
Alkhan-Churt	43.3519	44.7869	7666	Ingushetiya Republic	RU
Murgeni	46.2044	28.0197	7665	Vaslui County	RO
Ţibăneşti	46.9167	27.3333	7662	Iași County	RO
Korgun	40.7348	33.5184	7659	Çankırı	TR
Ma‘mūlān	33.3793	47.9596	7656	Lorestan Province	IR
Velykyi Dalnyk	46.4721	30.5629	7655	Odesa	UA
Akgedik	38.6399	27.2794	7654	Manisa	TR
Khoni	42.3254	42.4224	7651	Imereti	GE
Blejoi	45.0000	26.0167	7646	Prahova	RO
Çınarcık	40.6454	29.1245	7629	Yalova	TR
Arinj	40.2336	44.5821	7626	Kotayk	AM
Buziaş	45.6492	21.6036	7625	Timiș County	RO
Scobinţi	47.4020	26.9120	7618	Iași County	RO
Corneşti	44.7833	25.8667	7616	Dâmbovița County	RO
Bácsalmás	46.1265	19.3326	7608	Bács-Kiskun	HU
Ulmi	44.4867	25.7803	7606	Giurgiu County	RO
Ryzdvyanyy	45.2656	41.8389	7602	Stavropol Kray	RU
Atça	37.8886	28.2153	7602	Aydın	TR
Oleksandrivka	46.3287	30.6356	7600	Odesa	UA
Band	46.5833	24.3833	7599	Mureș County	RO
Molodyozhnoye	45.0035	34.0563	7597	Crimea	UA
Ali-Yurt	43.1425	44.8525	7593	Ingushetiya Republic	RU
Dobanovci	44.8263	20.2249	7592	Central Serbia	RS
Kamennomostskiy	44.2891	40.1880	7585	Adygeya Republic	RU
Şomcuta Mare	47.5167	23.4667	7584	Maramureş	RO
Kryve Ozero	47.9476	30.3470	7583	Mykolaiv	UA
H̱arish	32.4618	35.0455	7569	Haifa	IL
Fieni	45.1333	25.4167	7566	Dâmbovița County	RO
Tut	37.7953	37.9161	7560	Adıyaman Province	TR
Daryānah	32.3475	20.3093	7558	Banghazi	LY
Amara	44.6167	27.3167	7557	Ialomița County	RO
Novyy Chirkey	43.1621	47.0558	7556	Dagestan	RU
Şenoba	37.4629	42.7228	7556	Şırnak	TR
Acırlı	37.4562	41.2951	7553	Mardin	TR
Bereznehuvate	47.3087	32.8510	7552	Mykolaiv	UA
Sultandağı	38.5311	31.2281	7550	Afyonkarahisar Province	TR
Teresva	47.9977	23.6990	7547	Zakarpattia	UA
Slivnitsa	42.8518	23.0379	7545	Sofia	BG
Csömör	47.5500	19.2333	7544	Pest County	HU
Scheia	47.6500	26.2333	7533	Suceava	RO
Pythagóreio	37.6910	26.9434	7515	North Aegean	GR
Varshets	43.1936	23.2868	7512	Montana	BG
Havsa	41.5490	26.8221	7510	Edirne	TR
Floreşti	45.0500	25.7833	7507	Prahova	RO
Konokovo	44.8616	41.3266	7507	Krasnodar Krai	RU
Sarıveliler	36.6976	32.6167	7507	Karaman	TR
Mihăileşti	44.3267	25.9083	7506	Giurgiu County	RO
Tuluceşti	45.5667	28.0333	7503	Galați County	RO
Leninaul	43.0914	46.5743	7503	Dagestan	RU
Sharur City	39.5530	44.9799	7500	Nakhchivan	AZ
Gizilhajili	40.5772	46.8578	7500	Goranboy District	AZ
Dighomi	41.7728	44.7321	7497	Tbilisi	GE
Vésztő	46.9167	21.2667	7494	Bekes County	HU
Chakvi	41.7253	41.7328	7492	Adjara	GE
Kakhun	43.5431	43.8764	7490	Kabardino-Balkariya Republic	RU
Nova Zburivka	46.4546	32.4528	7489	Kherson	UA
Belene	43.6506	25.1343	7487	Pleven	BG
Gyárdűlő	47.4759	19.1204	7486	Budapest	HU
Ortaköy	37.2230	40.7840	7486	Mardin	TR
Csepel-Szabótelep	47.4350	19.0764	7485	Budapest	HU
Zovuni	40.2331	44.5113	7483	Kotayk	AM
Zangilan	39.0837	46.6599	7483	Zangilan District	AZ
Sarichioi	44.9500	28.8500	7483	Tulcea County	RO
Sarukhan	40.2917	45.1307	7475	Gegharkunik	AM
‘Aşīrah ash Shamālīyah	32.2512	35.2672	7475	West Bank	PS
Argos Orestiko	40.4535	21.2589	7473	West Macedonia	GR
Hurbanovo	47.8698	18.1923	7472	Nitra Region	SK
Ligettelek	47.4931	19.1285	7471	Budapest	HU
Kolvānaq	38.1002	46.9894	7465	East Azerbaijan	IR
Edremit	38.4207	43.2589	7464	Van	TR
Pale	43.8166	18.5695	7458	Srpska	BA
Szemeretelep	47.4388	19.2131	7455	Budapest	HU
Gali	42.6270	41.7364	7452	Abkhazia	GE
Nizhniy Dzhengutay	42.7001	47.2449	7450	Dagestan	RU
Torkamān	37.5853	47.3896	7443	East Azerbaijan	IR
Sagna	46.9833	27.0167	7443	Neamț County	RO
Bahramtepe	39.7450	47.9549	7442	İmişli	AZ
Asău	46.4430	26.4004	7438	Bacău County	RO
Akhalkalaki	41.4051	43.4863	7437	Samtskhe-Javakheti	GE
Kistelek	46.4725	19.9797	7430	Csongrád	HU
Yedy-Kuyu	45.2986	35.7771	7426	Crimea	UA
Vidra	45.9167	26.9000	7423	Vrancea	RO
Lapovo	44.1842	21.0973	7422	Central Serbia	RS
Savulca	37.7380	27.3989	7414	Aydın	TR
Başçiftlik	40.5469	37.1692	7410	Tokat Province	TR
Gölpazarı	40.2847	30.3172	7406	Bilecik	TR
Krasnosel’skiy	45.3919	40.6075	7403	Krasnodar Krai	RU
Cricova	47.1384	28.8616	7400	Chișinău Municipality	MD
Maglaj	44.5477	18.1000	7399	Federation of B&H	BA
Uğurludağ	40.4463	34.4526	7399	Çorum	TR
Mart’q’opi	41.7873	45.0230	7397	Kvemo Kartli	GE
Floreşti	46.7457	23.4937	7397	Cluj County	RO
Girov	46.9500	26.5167	7396	Neamț County	RO
Kabardinka	44.6520	37.9366	7395	Krasnodar Krai	RU
Devin	41.7433	24.4000	7393	Smolyan	BG
Novoozerne	45.3839	33.1171	7393	Crimea	UA
Dusheti	42.0864	44.6950	7389	Mtskheta-Mtianeti	GE
Simeonovgrad	42.0333	25.8333	7388	Haskovo	BG
Mtskheta	41.8451	44.7188	7380	Mtskheta-Mtianeti	GE
Sivaslı	38.4994	29.6836	7378	Uşak	TR
Poshnjë	40.7803	19.8442	7375	Berat County	AL
Remontnoye	46.5608	43.6488	7374	Rostov	RU
Elin Pelin	42.6667	23.6000	7373	Sofia	BG
Sărmaşu	46.7500	24.1667	7371	Mureș County	RO
Filothéi	38.0252	23.7826	7370	Attica	GR
Bixad	47.9333	23.4000	7369	Satu Mare County	RO
Doljeşti	47.0333	26.9833	7359	Neamț County	RO
Kovačica	45.1117	20.6214	7357	Vojvodina	RS
Ýpsonas	34.6880	32.9619	7348	Limassol	CY
Karayazı	39.6960	42.1428	7340	Erzurum	TR
Yuvacık	40.6882	29.9674	7338	Kocaeli	TR
Sadakhlo	41.2402	44.7891	7337	Kvemo Kartli	GE
Adalar	40.8678	29.1331	7335	Istanbul	TR
Băleşti	45.0167	23.2167	7333	Gorj County	RO
Zlatograd	41.3795	25.0961	7331	Smolyan	BG
Rozdolne	45.7702	33.4909	7326	Crimea	UA
Vadu Moldovei	47.3833	26.3667	7325	Suceava	RO
Dilek	38.4422	38.2508	7321	Malatya	TR
Nevesinje	43.2586	18.1133	7313	Srpska	BA
Jegunovce	42.0724	21.1231	7313	Jegunovce	MK
Koshekhabl’	44.9001	40.5033	7313	Adygeya Republic	RU
Thrakomakedónes	38.1296	23.7575	7312	Attica	GR
Însurăţei	44.9167	27.6000	7309	Brăila County	RO
Našice	45.4886	18.0878	7307	County of Osijek-Baranja	HR
Yeghegnadzor	39.7644	45.3327	7300	Vayots Dzor	AM
Chinarli	40.7754	46.1125	7300	Şǝmkir	AZ
Pervomaisc	46.7325	29.9617	7300	Transnistria	MD
Blijnii Hutor	46.8875	29.6465	7292	Transnistria	MD
Cornu Luncii	47.4667	26.1500	7288	Suceava	RO
Bilisht	40.6275	20.9900	7287	Korçë County	AL
Sūsah	32.8970	21.9658	7285	Al Jabal al Akhdar	LY
Arpaçbahşiş	36.6455	34.3508	7285	Mersin	TR
Masandra	44.5152	34.1844	7280	Crimea	UA
Vladimirskaya	44.5455	40.7933	7278	Krasnodar Krai	RU
Kafr Rā‘ī	32.3740	35.1545	7276	West Bank	PS
Bălan	46.6505	25.8083	7275	Harghita County	RO
Gelendost	38.1208	31.0153	7274	Isparta	TR
Vânători-Neamţ	47.2000	26.3167	7270	Neamț County	RO
Gayduk	44.7849	37.7005	7266	Krasnodar Krai	RU
Néa Péramos	38.0065	23.4235	7260	Attica	GR
Măieru	47.4000	24.7500	7259	Bistrița-Năsăud County	RO
Ampelóna	39.7448	22.3657	7257	Thessaly	GR
Gizel’	43.0400	44.5708	7256	North Ossetia–Alania	RU
Krýa Vrýsi	40.6874	22.3052	7255	Central Macedonia	GR
Kale	37.4392	28.8453	7255	Denizli	TR
Işıklar	38.6710	30.7410	7250	Afyonkarahisar Province	TR
Halásztelek	47.3617	18.9812	7245	Pest County	HU
Mindszent	46.5236	20.1904	7243	Csongrád	HU
Armăşeşti	44.7500	26.5833	7243	Ialomița County	RO
Türkler	36.6020	31.8207	7240	Antalya	TR
Cajvana	47.7000	25.9667	7236	Suceava	RO
Neápoli	36.5115	23.0603	7235	Peloponnese	GR
Periş	44.6847	26.0139	7235	Ilfov	RO
Ura Vajgurore	40.7689	19.8778	7232	Berat County	AL
Bački Petrovac	45.3606	19.5917	7229	Vojvodina	RS
Glina	44.3833	26.2500	7227	Ilfov	RO
Bogatić	44.8375	19.4806	7225	Central Serbia	RS
Malka	43.8039	43.3242	7220	Kabardino-Balkariya Republic	RU
Tărlungeni	45.6333	25.7500	7219	Brașov County	RO
Gurjaani	41.7438	45.8025	7217	Kakheti	GE
Başverimli	37.2033	42.5376	7214	Şırnak	TR
Banovići	44.4060	18.5265	7211	Federation of B&H	BA
Platýkampos	39.6167	22.5333	7207	Thessaly	GR
Calimera	40.2495	18.2798	7207	Apulia	IT
Cojasca	44.7167	25.8500	7205	Dâmbovița County	RO
Ciacova	45.5081	21.1286	7205	Timiș County	RO
Yashkul’	46.1709	45.3421	7203	Kalmykiya Republic	RU
Sîngera	46.9156	28.9667	7200	Chișinău Municipality	MD
Elin-Yurt	43.6731	44.9589	7200	Chechnya	RU
Dodóni	39.5434	20.7728	7199	Epirus	GR
Gellérthegy	47.4833	19.0500	7197	Budapest	HU
Helegiu	46.3500	26.7500	7195	Bacău County	RO
Dolzhanskaya	46.6337	37.8025	7194	Krasnodar Krai	RU
Ömerli	37.3990	40.9544	7194	Mardin	TR
Vareš	44.1644	18.3283	7193	Federation of B&H	BA
İmranlı	39.8754	38.1136	7192	Sivas	TR
Çolaklı	36.8374	31.3184	7190	Antalya	TR
Măneşti	44.8667	25.8500	7186	Prahova	RO
Manzë	41.4286	19.5931	7185	Durrës County	AL
Halmeu	47.9667	23.0167	7184	Satu Mare County	RO
Gruiu	44.7333	26.2333	7183	Ilfov	RO
Ács	47.7123	18.0113	7180	Komárom-Esztergom	HU
Udeşti	47.5667	26.4167	7177	Suceava	RO
Bezopasnoye	45.6483	41.9360	7176	Stavropol Kray	RU
Hadžići	43.8222	18.2067	7173	Federation of B&H	BA
Enying	46.9305	18.2420	7171	Fejér	HU
Marathónas	38.1532	23.9628	7170	Attica	GR
Dolni Chiflik	42.9930	27.7160	7169	Varna	BG
Melissano	39.9731	18.1211	7169	Apulia	IT
Lumina	44.2833	28.5667	7168	Constanța County	RO
Tsqnet’i	41.6947	44.6986	7166	Kvemo Kartli	GE
Blăgeşti	46.6833	26.6500	7165	Bacău County	RO
Mălini	47.4667	26.0833	7163	Suceava	RO
Shamil’kala	42.6871	46.8685	7163	Dagestan	RU
Létavértes	47.3833	21.9000	7157	Hajdú-Bihar	HU
Kafr Sawm	32.6853	35.8010	7152	Irbid	JO
Staraya Stanitsa	45.0098	41.1512	7145	Krasnodar Krai	RU
Chikola	43.1954	43.9204	7142	North Ossetia–Alania	RU
Merei	45.1333	26.6833	7137	Buzău County	RO
Konstantinovskaya	44.0456	43.1583	7137	Stavropol Kray	RU
Chechen-Aul	43.2000	45.7889	7134	Chechnya	RU
Pâncota	46.3333	21.7000	7133	Arad County	RO
Aksakovo	43.2591	27.8176	7132	Varna	BG
Katzrin	32.9919	35.6914	7132		IL
Făget	45.8500	22.1833	7125	Timiș County	RO
Cordun	46.9500	26.8667	7124	Neamț County	RO
Medieşu Aurit	47.7833	23.1500	7122	Satu Mare County	RO
Lymanske	46.6795	29.9723	7119	Odesa	UA
Umbrăreşti	45.7167	27.4667	7116	Galați County	RO
Teiuş	46.2000	23.6833	7112	Alba County	RO
Dăneţi	43.9833	24.0500	7110	Dolj	RO
Shabo	46.1266	30.3857	7108	Odesa	UA
Bīr el Maksūr	32.7773	35.2207	7106	Northern District	IL
‘Anabtā	32.3079	35.1169	7106	West Bank	PS
Tsqaltubo	42.3286	42.5981	7104	Imereti	GE
Dumbrava Roşie	46.8833	26.4333	7104	Neamț County	RO
Bet Dagan	32.0019	34.8298	7099	Central District	IL
Ţibana	46.9833	27.3333	7098	Iași County	RO
Mărăcineni	45.2000	26.8000	7096	Buzău County	RO
Zemer	32.3649	35.0378	7094	Central District	IL
Vereşti	47.6000	26.4333	7089	Suceava	RO
Copălău	47.6167	26.8333	7086	Botoșani County	RO
Vărbilău	45.1833	25.9500	7084	Prahova	RO
Parakar	40.1639	44.4057	7083	Armavir	AM
Techirghiol	44.0500	28.6000	7083	Constanța County	RO
Chelbasskaya	45.9792	39.3719	7080	Krasnodar Krai	RU
Lávrio	37.7144	24.0565	7078	Attica	GR
Ḩakamā	32.5935	35.8832	7075	Irbid	JO
Săcueni	47.3500	22.1000	7075	Bihor County	RO
Cărpiniş	45.7872	20.9042	7071	Timiș County	RO
Náxos	37.1056	25.3764	7070	South Aegean	GR
Polýkastro	40.9944	22.5691	7064	Central Macedonia	GR
Islyam-Terek	45.2297	35.1999	7064	Crimea	UA
Elassóna	39.8947	22.1886	7060	Thessaly	GR
Baksanenok	43.6897	43.6547	7058	Kabardino-Balkariya Republic	RU
Luncaviţa	45.2833	28.2667	7050	Tulcea County	RO
Rrogozhinë	41.0764	19.6653	7049	Tirana	AL
Nor Geghi	40.3167	44.5778	7048	Kotayk	AM
Ulmeni	47.4667	23.3000	7047	Maramureş	RO
Cogealac	44.5500	28.5667	7046	Constanța County	RO
Qabalān	32.1018	35.2894	7043	West Bank	PS
Újlak	47.5289	19.0380	7041	Budapest	HU
Achikulak	44.5517	44.8378	7040	Stavropol Kray	RU
San Cesario di Lecce	40.3022	18.1610	7036	Apulia	IT
Cioranii de Jos	44.8167	26.4167	7036	Prahova	RO
Mavikent	36.3167	30.3500	7036	Antalya	TR
Griviţa	44.7333	27.2833	7032	Ialomița County	RO
Szent Imre-kertváros	47.4297	19.2065	7031	Budapest	HU
Chornomorske	46.5840	30.9307	7020	Odesa	UA
Kuyucak	37.9133	28.4592	7017	Aydın	TR
Smeeni	44.9833	26.8500	7015	Buzău County	RO
Voznesenskaya	44.5527	41.0318	7009	Krasnodar Krai	RU
Ivanovskoye	44.5795	41.8764	7003	Stavropol Kray	RU
Golem	40.9678	19.6853	6994	Fier County	AL
Tileagd	47.0667	22.2000	6994	Bihor County	RO
Volovăţ	47.8167	25.9000	6990	Suceava	RO
Lixoúri	38.2013	20.4371	6989	Ionian Islands	GR
Jrvezh	40.1889	44.6241	6987	Kotayk	AM
Ampelákia	37.9505	23.5280	6985	Attica	GR
Solt	46.8010	19.0010	6984	Bács-Kiskun	HU
Mircea Vodă	44.2833	28.1667	6983	Constanța County	RO
Kurttepe	37.0547	35.2757	6978	Adana	TR
Surami	42.0243	43.5556	6973	Shida Kartli	GE
Fegyvernek	47.2667	20.5333	6972	Jász-Nagykun-Szolnok	HU
Voznesenskaya	43.5438	44.7461	6972	Ingushetiya Republic	RU
Kazanka	47.8269	32.8306	6972	Mykolaiv	UA
Todireşti	47.3167	26.8333	6970	Iași County	RO
Slănic	45.2500	25.9333	6967	Prahova	RO
Feldru	47.2833	24.6000	6967	Bistrița-Năsăud County	RO
Psedakh	43.4672	44.5692	6964	Ingushetiya Republic	RU
Shëngjin	41.8136	19.5939	6963	Lezhë County	AL
Vilino	44.8456	33.6716	6960	Crimea	UA
Coşereni	44.6833	26.5667	6957	Ialomița County	RO
Sivac	45.7045	19.3827	6950	Vojvodina	RS
Ungureni-Jianu	47.8833	26.7833	6948	Botoșani County	RO
Sha‘ab	32.8901	35.2388	6941	Northern District	IL
Criuleni	47.2134	29.1585	6932	Criuleni	MD
Galashki	43.1174	44.9905	6928	Ingushetiya Republic	RU
Endirey	43.1632	46.6540	6927	Dagestan	RU
Tremseh	35.2718	36.5040	6927	Hama	SY
Vlăhiţa	46.3450	25.5270	6922	Harghita County	RO
Natukhayevskaya	44.9105	37.5713	6922	Krasnodar Krai	RU
Nagyecsed	47.8655	22.3916	6919	Szabolcs-Szatmár-Bereg	HU
Dragodana	44.7333	25.3500	6918	Dâmbovița County	RO
Néa Pentéli	38.0606	23.8593	6916	Attica	GR
Štrpce	42.2394	21.0272	6913	Ferizaj	XK
Selenicë	40.5306	19.6358	6912	Vlorë County	AL
Dancu	47.1542	27.6662	6903	Iași County	RO
Berd	40.8807	45.3890	6900	Tavush	AM
Sāl	32.5690	35.9119	6896	Irbid	JO
Komyshany	46.6399	32.5034	6896	Kherson	UA
Qubadlı	39.3444	46.5818	6890	Qubadlı	AZ
Knezha	43.5000	24.0833	6889	Pleven	BG
Karpenísi	38.9122	21.7984	6888	Central Greece	GR
Romanovskaya	47.5427	42.0222	6885	Rostov	RU
Psygansu	43.4134	43.7907	6885	Kabardino-Balkariya Republic	RU
Demirköprü	38.4680	27.0987	6885	İzmir Province	TR
Dernekpazarı	40.7966	40.2446	6880	Trabzon	TR
Ayvacık	39.6011	26.4047	6879	Canakkale	TR
Mezőkovácsháza	46.4000	20.9167	6877	Bekes County	HU
Atayurt	36.3836	34.0223	6876	Mersin	TR
Hacıbektaş	38.9408	34.5577	6873	Nevşehir Province	TR
Pelagiada	45.2064	42.0236	6871	Stavropol Kray	RU
Ciorescu	47.1300	28.8894	6870	Chișinău Municipality	MD
Aegina	37.7467	23.4275	6867	Attica	GR
Dhromolaxia	34.8755	33.5868	6866	Larnaka	CY
Maḩmūdābād	36.7197	46.5145	6866	West Azerbaijan	IR
Gargaliánoi	37.0652	21.6381	6864	Peloponnese	GR
Yeşilyurt	40.3279	36.3514	6860	Tokat Province	TR
Malkā	32.6765	35.7485	6856	Irbid	JO
Újszász	47.3000	20.0833	6855	Jász-Nagykun-Szolnok	HU
Ámfissa	38.5281	22.3771	6854	Central Greece	GR
Novoleushkovskaya	45.9956	39.9921	6853	Krasnodar Krai	RU
Ágios Pávlos	40.6407	22.9604	6852	Central Macedonia	GR
Yeniçağa	40.7711	32.0337	6852	Bolu	TR
Kagal’nitskaya	46.8805	40.1480	6848	Rostov	RU
Yusufeli	40.8204	41.5374	6847	Artvin	TR
Dobroslav	46.8210	30.9452	6847	Odesa	UA
Psyzh	44.2331	42.0183	6840	Karachayevo-Cherkesiya Republic	RU
Pertek	38.8657	39.3227	6837	Tunceli	TR
Izvoarele	45.0333	25.2667	6836	Dâmbovița County	RO
Cumhuriyet	38.4793	27.0988	6834	İzmir Province	TR
Livada	47.8667	23.1333	6833	Satu Mare County	RO
Krylovskaya	46.1097	39.3035	6831	Krasnodar Krai	RU
Răcari	44.6333	25.7333	6828	Dâmbovița County	RO
Tomakivka	47.8108	34.7432	6828	Dnipropetrovsk	UA
Bátaszék	46.1937	18.7231	6820	Tolna County	HU
Cleja	46.4167	26.9000	6816	Bacău County	RO
Kochubey	44.3861	46.5825	6815	Dagestan	RU
Nova Mayachka	46.5994	33.2243	6811	Kherson	UA
Tervel	43.7479	27.4091	6808	Dobrich	BG
Siculeni	46.4167	25.7500	6807	Harghita County	RO
Dor Mărunt	44.4500	26.9167	6806	Călărași County	RO
Maythalūn	32.3480	35.2745	6804	West Bank	PS
Bilmak	47.3591	36.6533	6802	Zaporizhzhia	UA
Aaïtanît	33.5614	35.6703	6800	Bekaa	LB
Sulak	43.2734	47.5146	6800	Dagestan	RU
Pivdennyi Hirnycho-Zbahachuvalnyi Kombinat	47.8398	33.3430	6800	Dnipropetrovsk	UA
Balkány	47.7707	21.8631	6798	Szabolcs-Szatmár-Bereg	HU
Mirceşti	47.0833	26.8333	6797	Iași County	RO
Bucşani	44.8667	25.6500	6797	Dâmbovița County	RO
Baloteşti	44.6167	26.1167	6795	Ilfov	RO
Al Qurayyā	32.5434	36.5978	6789	Suwayda	SY
Dulovo	43.8167	27.1500	6788	Silistra	BG
Kladanj	44.2267	18.6927	6783	Federation of B&H	BA
Narlı	37.3915	37.1361	6781	Kahramanmaraş	TR
Novorozhdestvenskaya	45.8606	39.9497	6780	Krasnodar Krai	RU
Păuneşti	46.0333	27.1000	6778	Vrancea	RO
Pınarkent	37.7973	29.2220	6778	Denizli	TR
Doftana	45.1500	25.8000	6777	Prahova	RO
Bărbuleţu	45.1333	25.3000	6777	Dâmbovița County	RO
Yeşilova	37.5081	29.7547	6777	Burdur	TR
Tūbā Zangarīya	32.9661	35.5933	6776	Northern District	IL
Rrëshen	41.7675	19.8756	6773	Lezhë County	AL
Messíni	37.0511	22.0078	6773	Peloponnese	GR
Baia	47.4167	26.2167	6762	Suceava	RO
Arilje	43.7531	20.0956	6762	Central Serbia	RS
Aydıncık	40.1273	35.2876	6760	Yozgat	TR
Kasakh	40.2356	44.4516	6756	Kotayk	AM
Baklan	37.9769	29.6086	6756	Denizli	TR
Andzhiyevskiy	44.2389	43.0856	6755	Stavropol Kray	RU
Manas	42.7275	47.6785	6753	Dagestan	RU
Popricani	47.3000	27.5167	6752	Iași County	RO
Acıgöl	38.5503	34.5092	6749	Nevşehir Province	TR
Kareli	42.0215	43.8955	6746	Shida Kartli	GE
Verkhnebakanskiy	44.8492	37.6572	6746	Krasnodar Krai	RU
Jardas al ‘Abīd	32.3034	20.9861	6744	Al Marj	LY
Horezu	45.1500	24.0167	6743	Vâlcea County	RO
Vânju-Mare	44.4253	22.8697	6740	Mehedinți County	RO
Praid	46.5500	25.1333	6739	Harghita County	RO
Oraşu Nou	47.8333	23.2833	6737	Satu Mare County	RO
Arbore	47.7333	25.9333	6736	Suceava	RO
Pazaryeri	39.9939	29.9042	6730	Bilecik	TR
Simitli	41.8833	23.1167	6729	Blagoevgrad	BG
Soúda	35.4872	24.0734	6729	Crete	GR
Trílofos	40.4690	22.9718	6727	Central Macedonia	GR
Aran	40.6253	46.9756	6724	Yevlax	AZ
Srebrenik	44.7082	18.4883	6723	Federation of B&H	BA
Văleni	46.5949	28.0646	6723	Vaslui County	RO
Novo Brdo	42.6159	21.4340	6720	Pristina	XK
Petrovka	45.4978	34.2882	6714	Crimea	UA
Divjakë	40.9967	19.5294	6713	Fier County	AL
Novoderevyankovskaya	46.3240	38.7469	6712	Krasnodar Krai	RU
Girey	45.4012	40.6587	6712	Krasnodar Krai	RU
Zavetnoye	47.1189	43.8894	6711	Rostov	RU
Litóchoro	40.1006	22.4978	6709	Central Macedonia	GR
Kými	38.6348	24.1029	6706	Central Greece	GR
Poiana Lacului	44.8167	24.7333	6705	Arges	RO
Staryy Cherek	43.4707	43.8561	6702	Kabardino-Balkariya Republic	RU
Demirtaş	40.2719	29.0983	6702	Bursa Province	TR
Afumaţi	44.5167	26.2667	6696	Ilfov	RO
Çayyolu	39.8808	32.7095	6695	Ankara	TR
Laza	46.6500	27.5833	6694	Vaslui County	RO
Turţ	47.9833	23.2167	6693	Satu Mare County	RO
Karaisalı	37.2567	35.0589	6690	Adana	TR
Pârjol	46.5833	26.6000	6688	Bacău County	RO
Călăraşi	44.2051	27.3136	6687	Călărași County	RO
‘Illār	32.3702	35.1071	6681	West Bank	PS
Yanuah Jat	32.9798	35.2381	6679	Northern District	IL
Salat	37.8417	40.8865	6677	Diyarbakır Province	TR
Crevedia	44.6000	25.9333	6674	Dâmbovița County	RO
Gloriett-telep	47.4318	19.1929	6672	Budapest	HU
Supsekh	44.8629	37.3663	6669	Krasnodar Krai	RU
Fundulea	44.4667	26.5167	6668	Călărași County	RO
Brezoi	45.3380	24.2486	6668	Vâlcea County	RO
Starčevo	44.8073	20.7055	6661	Vojvodina	RS
Roskovec	40.7375	19.7022	6657	Fier County	AL
Velyka Oleksandrivka	47.3189	33.2906	6654	Kherson	UA
Ternevskaya	45.8513	40.4125	6643	Krasnodar Krai	RU
Leţcani	47.1833	27.4167	6642	Iași County	RO
Devrekani	41.6030	33.8392	6640	Kastamonu	TR
Bălţăteşti	47.1167	26.3000	6635	Neamț County	RO
Teleneşti	47.5018	28.3648	6633	Teleneşti	MD
Călăraşi	43.7931	24.0440	6632	Dolj	RO
Petropavlovskaya	45.0819	40.4513	6632	Krasnodar Krai	RU
Tápiószecső	47.4500	19.6092	6628	Pest County	HU
Agăş	46.4833	26.2167	6619	Bacău County	RO
Yanuh-Jat	32.9851	35.2491	6614	Northern District	IL
Dondukovskaya	44.8819	40.3627	6609	Adygeya Republic	RU
Szabadszállás	46.8757	19.2232	6605	Bács-Kiskun	HU
Battonya	46.2833	21.0167	6604	Bekes County	HU
Vişina	44.5833	25.3333	6604	Dâmbovița County	RO
Oğuz	41.0713	47.4653	6600	Oğuz	AZ
Kurchanskaya	45.2225	37.5718	6600	Krasnodar Krai	RU
Dobroeşti	44.4500	26.1833	6599	Ilfov	RO
Pregradnaya	43.9519	41.1912	6595	Karachayevo-Cherkesiya Republic	RU
Anoixi	38.1327	23.8587	6592	Attica	GR
Starchiojd	45.3167	26.1833	6592	Prahova	RO
Sulakyurt	40.1573	33.7160	6592	Kırıkkale	TR
Cinkota	47.5219	19.2297	6590	Budapest	HU
Tojšići	44.4821	18.7880	6587	Federation of B&H	BA
Mesudiye	40.4545	37.7735	6581	Ordu	TR
Aragatsavan	40.3212	43.6621	6580	Aragatsotn	AM
Vinča	44.7591	20.6175	6580	Central Serbia	RS
Broşteni	47.2333	25.7000	6578	Suceava	RO
Albeşti	47.7000	27.0667	6578	Botoșani County	RO
Kalnibolotskaya	46.0058	40.4568	6578	Krasnodar Krai	RU
Pryazovske	46.7312	35.6408	6578	Zaporizhzhia	UA
Plopşoru	44.7833	23.3500	6576	Gorj County	RO
Brebu Mânăstirei	45.1833	25.7667	6576	Prahova	RO
Vasilikón	38.4259	23.6719	6571	Central Greece	GR
Berezanskaya	45.7056	39.5932	6568	Krasnodar Krai	RU
Mokrin	45.9336	20.4122	6567	Vojvodina	RS
Polgárdi	47.0610	18.3020	6564	Fejér	HU
Periam	46.0500	20.8667	6563	Timiș County	RO
Aridaía	40.9731	22.0564	6561	Central Macedonia	GR
Borca	47.1833	25.7667	6556	Neamț County	RO
Asvestochóri	40.6412	23.0253	6551	Central Macedonia	GR
Alifakı	36.8831	34.9950	6551	Mersin	TR
Deh Pahn	34.3456	47.1382	6548	Kermanshah Province	IR
Rediu	47.2167	27.5000	6548	Iași County	RO
Bal‘ā	32.3339	35.1116	6545	West Bank	PS
Kubey	45.7913	28.7446	6544	Odesa	UA
Hornostayivka	47.0117	33.7299	6541	Kherson	UA
Sardarapat	40.1321	44.0097	6539	Armavir	AM
Lehliu-Gară	44.4333	26.8500	6538	Călărași County	RO
Shyryayeve	47.3848	30.1907	6537	Odesa	UA
Áyios Konstandínos	38.6334	21.3995	6534	West Greece	GR
Zmeyskaya	43.3362	44.1573	6533	North Ossetia–Alania	RU
Zolakar	40.1251	45.3807	6529	Gegharkunik	AM
Ștei	46.5333	22.4500	6529	Bihor County	RO
Diosig	47.3000	22.0000	6529	Bihor County	RO
Buq‘ātā	33.2011	35.7792	6528	Quneitra	SY
Cosmeşti	45.8702	27.3112	6526	Galați County	RO
Corni	47.6500	26.5833	6521	Botoșani County	RO
Kajaran	39.1509	46.1567	6519	Syunik	AM
Tvarditsa	42.7000	25.9000	6519	Sliven	BG
Mezőcsát	47.8167	20.9167	6519	Borsod-Abaúj-Zemplén	HU
Frasin	47.5333	25.8000	6519	Suceava	RO
Mechetinskaya	46.7713	40.4560	6517	Rostov	RU
Măgureni	45.0667	25.7333	6515	Prahova	RO
Yenipazar	37.8233	28.1957	6513	Aydın	TR
Shlomi	33.0719	35.1453	6511	Northern District	IL
Çinarlı	41.4697	46.9158	6508	Qax	AZ
Givrag	39.3994	45.1151	6500	Nakhchivan	AZ
Féres	40.8931	26.1723	6500	East Macedonia and Thrace	GR
Tótkomlós	46.4167	20.7333	6497	Bekes County	HU
Pukë	42.0444	19.8997	6495	Shkodër County	AL
Botoroaga	44.1483	25.5447	6488	Teleorman County	RO
Lunca	43.8333	24.7667	6485	Teleorman County	RO
Kocaköy	38.2889	40.4979	6485	Diyarbakır Province	TR
Troitskaya	45.1349	38.1254	6479	Krasnodar Krai	RU
Kolossi	34.6686	32.9338	6478	Larnaka	CY
Gugeşti	45.5667	27.1333	6478	Vrancea	RO
Scorrano	40.0902	18.2999	6476	Apulia	IT
Gelinkaya	37.4173	41.2695	6470	Mardin	TR
Zhabari i Ultë	42.8714	20.8411	6470	Mitrovica	XK
Piliscsaba	47.6342	18.8289	6468	Pest County	HU
Tyube	43.0493	47.3074	6466	Dagestan	RU
Jūlis	32.9427	35.1828	6465	Northern District	IL
Topolovgrad	42.0833	26.3333	6464	Haskovo	BG
Trunovskoye	45.4878	42.1358	6459	Stavropol Kray	RU
Gromiljak	43.9667	18.0550	6457	Federation of B&H	BA
Kahrīz	34.3835	47.0554	6457	Kermanshah Province	IR
Dazkırı	37.9186	29.8606	6450	Afyonkarahisar Province	TR
Ungheni	46.4833	24.4667	6449	Mureș County	RO
Gherăeşti	47.0167	26.8167	6448	Neamț County	RO
Călugăreni	44.1717	25.9956	6444	Giurgiu County	RO
Verkhneye Kazanishche	42.7355	47.1378	6444	Dagestan	RU
Saedinenie	42.2667	24.5500	6427	Plovdiv	BG
Il’inka	46.2383	47.9007	6427	Astrakhan Oblast	RU
Füzesgyarmat	47.1000	21.2167	6426	Bekes County	HU
Ovriá	38.1887	21.7290	6424	West Greece	GR
Kotel	42.8833	26.4500	6421	Sliven	BG
Chlórakas	34.7984	32.4065	6421	Pafos	CY
Yıldızeli	39.8664	36.5989	6420	Sivas	TR
Melendugno	40.2725	18.3380	6415	Apulia	IT
Novoshcherbinovskaya	46.4767	38.6476	6415	Krasnodar Krai	RU
Debeljača	45.0707	20.6015	6413	Vojvodina	RS
Vărăşti	44.2378	26.2486	6412	Giurgiu County	RO
Kovači	44.4487	18.2052	6410	Federation of B&H	BA
Ḥurfeish	33.0176	35.3479	6410	Northern District	IL
Ovacık	39.3526	39.2089	6407	Tunceli	TR
Népszínháznegyed	47.4963	19.0789	6406	Budapest	HU
Ciprian Porumbescu	47.5667	26.0667	6405	Suceava	RO
Plosca	44.0333	25.1333	6404	Teleorman County	RO
Korkmaskala	43.0247	47.2904	6402	Dagestan	RU
Sutaşı	36.0821	36.0063	6402	Hatay	TR
Şărmăşag	47.3500	22.8333	6400	Sălaj County	RO
Malazgirt	37.7717	38.2723	6400	Adıyaman Province	TR
Guzeltepe	38.5033	27.0728	6399	İzmir Province	TR
Eldivan	40.5297	33.4990	6397	Çankırı	TR
Yapraklı	40.7578	33.7782	6394	Çankırı	TR
Domneşti-Sârbi	44.3833	25.9167	6393	Ilfov	RO
Kaba	47.3500	21.2833	6392	Hajdú-Bihar	HU
Pazarlar	38.9950	29.1258	6387	Kütahya	TR
Moíres	35.0514	24.8733	6379	Crete	GR
Beška	45.1309	20.0670	6377	Vojvodina	RS
Kocakaymaz	40.9532	30.1022	6377	Kocaeli	TR
Padina	45.1199	20.7286	6367	Vojvodina	RS
Gundelen	43.5975	43.1719	6363	Kabardino-Balkariya Republic	RU
Telega	45.1333	25.7833	6358	Prahova	RO
Ardud	47.6333	22.8833	6357	Satu Mare County	RO
Leylān	37.0110	46.2065	6356	East Azerbaijan	IR
Pusztaszabolcs	47.1372	18.7670	6355	Fejér	HU
Ahmet Taner Kışlalı	38.4977	27.0838	6354	İzmir Province	TR
Mincivan	39.0302	46.7233	6353	Zangilan District	AZ
Melíki	40.5168	22.3960	6350	Central Macedonia	GR
Göreme	38.6428	34.8289	6350	Nevşehir Province	TR
Papër	41.0517	19.9608	6348	Elbasan County	AL
Aşlān Dūz	39.4439	47.4056	6348	Ardabil Province	IR
Afis	35.9069	36.8042	6338	Idlib	SY
Tereze	43.9361	42.4434	6335	Karachayevo-Cherkesiya Republic	RU
Kafr Abīl	32.4175	35.6630	6333	Irbid	JO
Sadovoye	47.7740	44.5108	6333	Kalmykiya Republic	RU
Valpovo	45.6608	18.4186	6332	County of Osijek-Baranja	HR
Doğanyol	38.3075	39.0343	6332	Malatya	TR
Atakent	38.4631	27.0887	6332	İzmir Province	TR
Tamaşi	46.4833	26.9833	6330	Bacău County	RO
Beli Manastir	45.7700	18.6036	6327	County of Osijek-Baranja	HR
Chaat	34.1422	36.2311	6322	Baalbek-Hermel Governorate	LB
Banatski Karlovac	45.0499	21.0180	6319	Vojvodina	RS
Kamennomostskoye	43.7372	43.0514	6316	Kabardino-Balkariya Republic	RU
Šekovići	44.2990	18.8553	6315	Srpska	BA
Hasanbeyli	37.1284	36.5461	6315	Osmaniye	TR
Piatra Olt	44.3667	24.2667	6313	Olt	RO
Lozen	42.6027	23.4759	6312	Sofia-Capital	BG
Feldioara	45.8167	25.6000	6307	Brașov County	RO
Sândominic	46.5840	25.7803	6306	Harghita County	RO
Dzhalka	43.3186	45.9879	6306	Chechnya	RU
Viziru	45.0167	27.7000	6305	Brăila County	RO
Almus	40.3758	36.9044	6303	Tokat Province	TR
Podari	44.2500	23.7833	6302	Dolj	RO
Garayeri	40.7867	46.3137	6300	Samux	AZ
Ekinözü	38.0597	37.1879	6298	Kahramanmaraş	TR
İzkent	38.5120	27.0650	6295	İzmir Province	TR
Ighiu	46.1500	23.5167	6294	Alba County	RO
Ghidigeni	46.0500	27.5000	6294	Galați County	RO
Tuzla	44.0000	28.6333	6292	Constanța County	RO
Hazro	38.2490	40.7713	6291	Diyarbakır Province	TR
Lucieni	44.8500	25.4333	6286	Dâmbovița County	RO
Téglás	47.7167	21.6833	6285	Hajdú-Bihar	HU
Vinga	46.0167	21.2000	6283	Arad County	RO
Buzoeşti	44.5833	24.9167	6281	Arges	RO
Āsmānābād	33.8531	46.4613	6280	Ilam Province	IR
Tivat	42.4362	18.6936	6280	Tivat	ME
Poputnaya	44.5125	41.4392	6279	Krasnodar Krai	RU
Gurghiu	46.7667	24.8500	6277	Mureș County	RO
Băbăiţa	44.1667	25.3833	6276	Teleorman County	RO
Kemalpaşa	41.4834	41.5275	6276	Artvin	TR
Zvoriştea	47.8333	26.2833	6275	Suceava	RO
Krasnyye Barrikady	46.2045	47.8535	6275	Astrakhan Oblast	RU
Bosanci	47.5833	26.3167	6270	Suceava	RO
Chervonohryhorivka	47.6191	34.5378	6270	Dnipropetrovsk	UA
Mudurnu	40.4730	31.2076	6267	Bolu	TR
Bârsana	47.8167	24.0667	6266	Maramureş	RO
Arbuzynka	47.9079	31.3170	6266	Mykolaiv	UA
Valea Stanciului	43.9833	23.8667	6264	Dolj	RO
Mihăeşti	45.0333	24.2500	6263	Vâlcea County	RO
Tenja	45.4981	18.7472	6260	County of Osijek-Baranja	HR
Fontanka	46.5686	30.8592	6260	Odesa	UA
Sultanhisar	37.8899	28.1544	6259	Aydın	TR
Deta	45.3889	21.2244	6252	Timiș County	RO
Novovorontsovka	47.5050	33.9232	6248	Kherson	UA
Proshyan	40.2473	44.4195	6238	Kotayk	AM
Stulpicani	47.4667	25.7667	6234	Suceava	RO
Crasna	47.1667	22.9000	6233	Sălaj County	RO
Artova	40.1158	36.3001	6231	Tokat Province	TR
Biled	45.8864	20.9589	6230	Timiș County	RO
Zuya	45.0542	34.3215	6230	Crimea	UA
Derýneia	35.0648	33.9608	6229	Ammochostos	CY
Paralía	40.2671	22.5962	6228	Central Macedonia	GR
Titel	45.2061	20.2944	6227	Vojvodina	RS
Remetea	46.7833	25.4500	6225	Harghita County	RO
Esentepe	38.5121	27.0624	6224	İzmir Province	TR
Dayr Yūsuf	32.4870	35.7963	6223	Irbid	JO
Mezőhegyes	46.3167	20.8167	6220	Bekes County	HU
Ruginoasa	47.2500	26.8500	6220	Iași County	RO
Mutsalaul	43.2755	46.7308	6219	Dagestan	RU
Rodna	47.4167	24.8167	6218	Bistrița-Năsăud County	RO
Aitolikó	38.4370	21.3536	6215	West Greece	GR
Jászladány	47.3667	20.1667	6215	Jász-Nagykun-Szolnok	HU
Lanchkhuti	42.0874	42.0361	6214	Guria	GE
Tápiószele	47.3361	19.8772	6214	Pest County	HU
Al Ḩamrā’	32.4402	36.1527	6211	Mafraq	JO
Gălăneşti	47.9167	25.8000	6211	Suceava	RO
Dayr al ‘Aşāfīr	33.4659	36.4204	6209	Rif-dimashq	SY
Băiculeşti	45.0667	24.7000	6207	Arges	RO
Cefa	46.9167	21.7333	6206	Bihor County	RO
Saḩam al Kaffārāt	32.6985	35.7744	6203	Irbid	JO
Karacasu	37.7282	28.6057	6201	Aydın	TR
Velyka Bilozerka	47.2757	34.6846	6200	Zaporizhzhia	UA
Rodionovo-Nesvetaiskoye	47.6000	39.7000	6197	Rostov	RU
Yalıntaş	40.0184	28.3985	6193	Bursa Province	TR
Partenit	44.5780	34.3446	6193	Crimea	UA
Kavaklıdere	39.9115	32.8580	6190	Ankara	TR
Rodionovo-Nesvetayskaya	47.6092	39.7124	6188	Rostov	RU
Aszód	47.6517	19.4785	6186	Pest County	HU
Árpádföld	47.5326	19.1969	6186	Pest County	HU
Bobov Dol	42.3638	22.9983	6184	Kyustendil	BG
Kaynarca	41.0308	30.3075	6183	Sakarya	TR
Uğur Mumcu	38.5270	27.0446	6183	İzmir Province	TR
Marmaracık	41.2067	27.7544	6182	Tekirdağ	TR
Mihail Kogălniceanu	44.6833	27.7333	6181	Ialomița County	RO
Anávyssos	37.7341	23.9439	6180	Attica	GR
Collepasso	40.0712	18.1622	6178	Apulia	IT
Fălciu	46.2961	28.1408	6178	Vaslui County	RO
Amasra	41.7463	32.3863	6177	Bartın	TR
Săcălaz	45.7583	21.1122	6176	Timiș County	RO
Madzhalis	42.1217	47.8333	6173	Dagestan	RU
Diósd	47.4095	18.9490	6168	Pest County	HU
Sebiş	46.3667	22.1167	6168	Arad County	RO
Aparan	40.5930	44.3595	6167	Aragatsotn	AM
Delvinë	39.9511	20.0978	6166	Vlorë County	AL
Voineşti	47.0667	27.4167	6161	Iași County	RO
Sâncraiu de Mureş	46.5512	24.5266	6161	Mureș County	RO
Şoldăneşti	47.8162	28.7984	6160	Şoldăneşti	MD
Voineşti	45.0667	25.2500	6159	Dâmbovița County	RO
Jammā‘īn	32.1316	35.2040	6158	West Bank	PS
Nicoreşti	45.9322	27.3087	6147	Galați County	RO
Târnova	46.3167	21.8000	6146	Arad County	RO
Vartholomió	37.8622	21.2057	6145	West Greece	GR
Rucăr	45.4000	25.1667	6142	Arges	RO
Bolintin Deal	44.4592	25.8211	6139	Giurgiu County	RO
Lespezi	47.3667	26.7000	6138	Iași County	RO
Taksony	47.3297	19.0669	6129	Pest County	HU
Snagov	44.7000	26.1833	6126	Ilfov	RO
Suciu de Sus	47.4333	24.0333	6125	Maramureş	RO
Çağdaş	38.5053	27.0623	6125	İzmir Province	TR
Mânăstirea	44.2167	26.9000	6123	Călărași County	RO
Abrud	46.2741	23.0634	6122	Alba County	RO
İvrindi	39.5839	27.4864	6119	Balıkesir	TR
Izsák	46.8045	19.3517	6117	Bács-Kiskun	HU
Saratovskaya	44.7075	39.2216	6117	Krasnodar Krai	RU
Yalıhüyük	37.3008	32.0855	6116	Konya	TR
Lizzanello	40.3047	18.2228	6115	Apulia	IT
Temizhbekskaya	45.4456	40.8450	6111	Krasnodar Krai	RU
Sīs	38.1998	45.8126	6106	East Azerbaijan	IR
Noratus	40.3779	45.1805	6105	Gegharkunik	AM
Exaplátanos	40.9764	22.1296	6105	Central Macedonia	GR
Sâncrăieni	46.3144	25.8394	6105	Harghita County	RO
Vityazevo	45.0013	37.2821	6104	Krasnodar Krai	RU
Bakhshāyesh	38.1325	46.9460	6102	East Azerbaijan	IR
Strellc i Epërm	42.5784	20.2940	6100	Gjakova	XK
Molochansk	47.2041	35.5979	6099	Zaporizhzhia	UA
Komádi	47.0000	21.5000	6091	Hajdú-Bihar	HU
Corund	46.4667	25.1833	6091	Harghita County	RO
Lőrinci	47.7330	19.6787	6089	Heves County	HU
Khadzhalmakhi	42.4200	47.1821	6088	Dagestan	RU
Višegrad	43.7826	19.2926	6087	Srpska	BA
Tsarevo	42.1696	27.8454	6085	Burgas	BG
Amárynthos	38.3930	23.8849	6085	Central Greece	GR
Raymūn	32.2820	35.8278	6082	Jerash	JO
Sīlat az̧ Z̧ahr	32.3193	35.1842	6079	West Bank	PS
Zăneşti	46.8167	26.5500	6077	Neamț County	RO
Rozavlea	47.7333	24.2167	6076	Maramureş	RO
Gura Văii	46.3333	26.7333	6075	Bacău County	RO
Orbánhegy	47.4954	19.0058	6074	Budapest	HU
Orta	40.6242	33.1093	6072	Çankırı	TR
Frumuşica	47.5333	26.9000	6069	Botoșani County	RO
Çamyuva	36.5536	30.5596	6067	Antalya	TR
Tatarka	44.9589	41.9517	6062	Stavropol Kray	RU
Macea	46.3833	21.3000	6056	Arad County	RO
Variaş	46.0167	20.9500	6054	Timiș County	RO
Hălchiu	45.7667	25.5500	6051	Brașov County	RO
Itéa	38.4320	22.4244	6050	Central Greece	GR
Bozkurt	41.9577	34.0109	6050	Kastamonu	TR
Volodymyrivka	47.7339	37.3882	6047	Donetsk	UA
Tsur Itshak	32.2405	34.9979	6044	Central District	IL
Starobesheve	47.7507	38.0304	6044	Donetsk	UA
Soroksár-Ujtelep	47.4156	19.1320	6043	Budapest	HU
Elena	42.9333	25.8833	6042	Veliko Tarnovo	BG
Focuri	47.3500	27.2167	6030	Iași County	RO
Islaz	43.7201	24.7644	6029	Teleorman County	RO
Geghhovit	40.1048	45.2855	6025	Gegharkunik	AM
Valerik	43.1797	45.4081	6025	Chechnya	RU
Potcoava	44.4833	24.6500	6022	Olt	RO
Băile Herculane	44.8797	22.4125	6022	Caraș-Severin County	RO
Metsavan	41.2016	44.2288	6020	Lori	AM
Petreşti	44.6500	25.3333	6020	Dâmbovița County	RO
Leordeni	44.7833	25.1167	6019	Arges	RO
Kartal	47.6713	19.5420	6017	Pest County	HU
Săvineşti	46.8500	26.4667	6012	Neamț County	RO
Sartich’ala	41.7179	45.1757	6009	Kvemo Kartli	GE
Yakoruda	42.0253	23.6842	6008	Blagoevgrad	BG
Tuzlukçu	38.4778	31.6264	6008	Konya	TR
Mrgashat	40.1228	44.0658	6004	Armavir	AM
Kujuvar	38.0599	46.1381	6001	East Azerbaijan	IR
Babak	39.1546	45.4428	6000	Nakhchivan	AZ
Xylofágou	34.9774	33.8489	6000	Larnaka	CY
Faliraki	36.3398	28.1994	6000	South Aegean	GR
Mīrābād	36.4053	45.3720	6000	West Azerbaijan	IR
Paraćin	43.8608	21.4078	6000	Central Serbia	RS
Filmski Grad	44.7567	20.4378	6000	Central Serbia	RS
Vrutok	41.7686	20.8392	5999	Gostivar	MK
Erdőkertes	47.6726	19.3079	5996	Pest County	HU
Shibli–Umm al-Ghanam	32.6840	35.3962	5995	Northern District	IL
Vama	47.5667	25.6833	5995	Suceava	RO
Scorţeni	45.1000	25.8500	5995	Prahova	RO
Karakise	36.8500	36.2167	5994	Hatay	TR
Sonta	45.5943	19.0972	5991	Vojvodina	RS
Novokayakent	42.3865	47.9882	5991	Dagestan	RU
Kemerağzı	37.1065	30.3986	5991	Antalya	TR
Poyracık	39.0872	27.3510	5990	İzmir Province	TR
Kargıcak	36.4782	32.1093	5989	Antalya	TR
Tanacu	46.6833	27.8167	5986	Vaslui County	RO
Barcea	45.7500	27.4667	5985	Galați County	RO
Kerekegyháza	46.9372	19.4781	5983	Bács-Kiskun	HU
Poşta Câlnău	45.2333	26.8500	5982	Buzău County	RO
Alpu	39.7690	30.9606	5981	Eskişehir	TR
Staryi Krym	47.1611	37.4881	5977	Donetsk	UA
Berceni	44.9333	26.1167	5976	Prahova	RO
Güneysu	40.9813	40.6046	5976	Rize Province	TR
Qaşr Lībiyā	32.6333	21.4167	5975	Al Jabal al Akhdar	LY
Pervari	37.9357	42.5493	5974	Siirt	TR
Düğrek	37.2062	28.4097	5973	Muğla	TR
Domanivka	47.6287	30.9865	5972	Mykolaiv	UA
Dünyamalılar	39.7728	47.7589	5968	Beyləqan	AZ
Pârscov	45.2833	26.5500	5968	Buzău County	RO
Vicovu de Jos	47.9000	25.7333	5956	Suceava	RO
Teaca	46.9167	24.5167	5954	Bistrița-Năsăud County	RO
Ciupercenii Noi	43.9097	22.9483	5949	Dolj	RO
Deïr el Ahmar	34.1253	36.1311	5947	Baalbek-Hermel Governorate	LB
Gura Viţioarei	45.1500	26.0333	5947	Prahova	RO
Corcova	44.7000	23.0500	5946	Mehedinți County	RO
Ḩablah	32.1652	34.9775	5945	West Bank	PS
Dömsöd	47.0900	19.0111	5942	Pest County	HU
Sinanpaşa	38.7444	30.2428	5940	Afyonkarahisar Province	TR
Lechinţa	47.0167	24.3500	5939	Bistrița-Năsăud County	RO
Mayaky	46.4125	30.2672	5937	Odesa	UA
Selyshche 8 Bereznya	46.7689	36.8171	5935	Zaporizhzhia	UA
Pardesiya	32.3071	34.9109	5930	Central District	IL
Leondárion	37.9870	23.8552	5929	Attica	GR
Güdül	40.2105	32.2455	5929	Ankara	TR
Novoukrainskoye	45.3783	40.5297	5928	Krasnodar Krai	RU
Çeşmeli	36.6860	34.4219	5925	Mersin	TR
Geoagiu	45.9167	23.2000	5919	Hunedoara County	RO
Kirovskaya	46.9748	40.0402	5918	Rostov	RU
Uzungeçit	37.4943	42.9930	5916	Şırnak	TR
Untsukul’	42.7115	46.7866	5913	Dagestan	RU
Talovyy	47.8077	40.1094	5909	Rostov	RU
Cetate	44.1000	23.0500	5908	Dolj	RO
Aninoasa	44.9667	25.4333	5907	Dâmbovița County	RO
Adămuş	46.3000	24.2333	5905	Mureș County	RO
Ulluaya	42.3738	47.3745	5905	Dagestan	RU
Krivogashtani	41.3361	21.3331	5899	Krivogashtani	MK
Zacháro	37.4833	21.6500	5894	West Greece	GR
Buqei‘a	32.9780	35.3336	5893	Northern District	IL
Făcăeni	44.5667	27.9000	5893	Ialomița County	RO
Néoi Epivátes	40.4986	22.9119	5882	Central Macedonia	GR
Néa Anchiálos	39.2801	22.8182	5881	Thessaly	GR
Pănet	46.5551	24.4697	5880	Mureș County	RO
Divnomorskoye	44.5017	38.1342	5880	Krasnodar Krai	RU
Badovinci	44.7853	19.3715	5879	Central Serbia	RS
Kfar Kila	33.2773	35.5520	5878	Nabatieh	LB
Pazaryolu	40.4114	40.7678	5878	Erzurum	TR
Stănileşti	46.6183	28.1714	5874	Vaslui County	RO
Drăgăneşti	45.7833	27.4667	5874	Galați County	RO
Nīr	38.0346	47.9986	5873	Ardabil Province	IR
Pietroşani	45.1833	24.8500	5871	Arges	RO
Višnjevac	45.5686	18.6139	5870	County of Osijek-Baranja	HR
Amărăştii de Jos	43.9500	24.1667	5870	Dolj	RO
Karagach	43.8053	43.7750	5870	Kabardino-Balkariya Republic	RU
Novomalorossiyskaya	45.6348	39.8948	5867	Krasnodar Krai	RU
Poggiardo	40.0532	18.3782	5863	Apulia	IT
Ditrău	46.8167	25.5167	5858	Harghita County	RO
Ilijaš	43.9513	18.2713	5855	Federation of B&H	BA
Urecheşti	45.6000	27.0667	5855	Vrancea	RO
Shirochanka	46.6562	38.3368	5853	Krasnodar Krai	RU
Kisbér	47.5029	18.0367	5850	Komárom-Esztergom	HU
Balabyne	47.7369	35.2136	5850	Zaporizhzhia	UA
Tălmaciu	45.6671	24.2646	5849	Sibiu County	RO
Përrenjas	41.0731	20.5489	5847	Elbasan County	AL
Roseţi	44.2148	27.4485	5843	Călărași County	RO
Besskorbnaya	44.6447	41.3110	5837	Krasnodar Krai	RU
Keban	38.7938	38.7352	5837	Elazığ	TR
Kyzburun Pervyy	43.6517	43.3950	5833	Kabardino-Balkariya Republic	RU
Chavār	33.6953	46.2979	5831	Ilam Province	IR
Psachná	38.5785	23.6433	5828	Central Greece	GR
Kunmadaras	47.4333	20.8000	5826	Jász-Nagykun-Szolnok	HU
Mihăeşti	45.1167	25.0000	5825	Arges	RO
Berhida	47.1113	18.1295	5822	Veszprém	HU
Săsciori	45.8667	23.5833	5822	Alba County	RO
Malyye Derbety	47.9552	44.6813	5822	Kalmykiya Republic	RU
Ağaçören	38.8748	33.9167	5822	Aksaray	TR
Hălăuceşti	47.1000	26.8000	5819	Iași County	RO
Straldzha	42.6000	26.6833	5817	Yambol	BG
Dărmăneşti	47.7333	26.1500	5817	Suceava	RO
Konstantinovskoye	45.2992	42.6367	5816	Stavropol Kray	RU
Albeştii Pământeni	45.2071	24.6683	5815	Arges	RO
Valea Moldovei	47.4667	26.0333	5814	Suceava	RO
Chernihivka	47.1945	36.2165	5813	Zaporizhzhia	UA
Khojaly	39.9136	46.7921	5810	Khojaly	AZ
Gugark	40.8046	44.5403	5809	Lori	AM
Aralık	39.8728	44.5192	5809	Iğdır	TR
Khabez	44.0442	41.7705	5806	Karachayevo-Cherkesiya Republic	RU
Tulnici	45.9167	26.6667	5803	Vrancea	RO
Gostovići	44.4112	18.1703	5802	Federation of B&H	BA
Tvardița	46.1483	28.9649	5800	Taraclia	MD
Şipote	47.4667	27.2167	5800	Iași County	RO
Mahmutlar	36.9490	36.1923	5800	Hatay	TR
Bârla	44.4261	24.7774	5795	Arges	RO
Kondoros	46.7667	20.8000	5793	Bekes County	HU
Gündoğmuş	36.8111	32.0000	5792	Antalya	TR
Kuybyshevo	47.8135	38.9115	5790	Rostov	RU
Gorneşti	46.6713	24.6476	5787	Mureș County	RO
Çeştepe	37.8252	27.8517	5787	Aydın	TR
Zlatitsa	42.7167	24.1333	5786	Sofia	BG
Viişoara	46.5500	23.9167	5786	Cluj County	RO
Vedea	43.7833	25.7833	5785	Giurgiu County	RO
Veselynove	47.3569	31.2322	5785	Mykolaiv	UA
Tufeşti	45.0500	27.8167	5784	Brăila County	RO
Mugeni	46.2500	25.2167	5784	Harghita County	RO
Sânpetru Mare	46.0451	20.8183	5782	Timiș County	RO
Edissiya	44.0511	44.5408	5775	Stavropol Kray	RU
Zelenivka	46.7172	32.6570	5775	Kherson	UA
Shamkhal-Termen	43.0339	47.3105	5774	Dagestan	RU
Jijila	45.3000	28.1500	5770	Tulcea County	RO
Tsagan Aman	47.5628	46.7201	5769	Kalmykiya Republic	RU
İhsaniye	39.0292	30.4164	5767	Afyonkarahisar Province	TR
Mélykút	46.2151	19.3810	5766	Bács-Kiskun	HU
Calafindeşti	47.8500	26.1167	5764	Suceava	RO
Bačko Gradište	45.5327	20.0308	5764	Vojvodina	RS
Todireşti	47.7000	26.0333	5763	Suceava	RO
Velikovechnoye	44.9340	39.7550	5762	Krasnodar Krai	RU
Runcu	45.1167	23.1333	5760	Gorj County	RO
Maglavit	44.0333	23.1000	5753	Dolj	RO
Káto Achaḯa	38.1500	21.5500	5752	West Greece	GR
‘Eilabun	32.8368	35.4008	5752	Northern District	IL
Duba-Yurt	43.0353	45.7305	5751	Chechnya	RU
Hasyurt	36.3242	30.2229	5751	Antalya	TR
Çiftlikköy	40.6603	29.3236	5750	Yalova	TR
Truşeşti	47.7667	27.0167	5748	Botoșani County	RO
Secusigiu	46.0833	20.9833	5748	Arad County	RO
Copalnic Mănăştur	47.5000	23.6833	5747	Maramureş	RO
Dudeştii Vechi	46.0500	20.4833	5746	Timiș County	RO
Csepel-Kertváros	47.4201	19.0846	5745	Budapest	HU
Jászkisér	47.4500	20.2167	5741	Jász-Nagykun-Szolnok	HU
Miercurea Nirajului	46.5333	24.8000	5741	Mureș County	RO
Bayt Līd	32.2609	35.1317	5740	West Bank	PS
Oleksandrivka	47.9207	37.5787	5740	Donetsk	UA
Kocahasanlı	36.5842	34.2736	5738	Mersin	TR
Staroleushkovskaya	45.9867	39.7599	5733	Krasnodar Krai	RU
Ostroveni	43.8000	23.9000	5731	Dolj	RO
Pavlodol’skaya	43.7192	44.4781	5731	North Ossetia–Alania	RU
Kyakhulay	42.9684	47.4830	5731	Dagestan	RU
Ayvacık	40.9911	36.6314	5731	Samsun	TR
Birqīn	32.4546	35.2608	5730	West Bank	PS
Strazhitsa	43.2333	25.9667	5728	Veliko Tarnovo	BG
Bağarası	37.7071	27.5487	5728	Aydın	TR
Mătăsaru	44.7167	25.4167	5722	Dâmbovița County	RO
Kadışehri	39.9957	35.7919	5722	Yozgat	TR
Palamás	39.4667	22.0833	5719	Thessaly	GR
Astakós	38.5356	21.0814	5719	West Greece	GR
Lunguleţu	44.6167	25.6500	5718	Dâmbovița County	RO
Mala Bilozerka	47.2442	34.9307	5717	Zaporizhzhia	UA
Balky	47.3860	34.9313	5717	Zaporizhzhia	UA
Felahiye	39.0906	35.5672	5716	Kayseri	TR
Başyayla	36.7534	32.6802	5713	Karaman	TR
Cochirleanca	45.2167	27.0333	5712	Buzău County	RO
Hotolisht	41.1567	20.3972	5706	Elbasan County	AL
Stăuceni	47.0964	28.8679	5700	Chișinău Municipality	MD
Albeşti-Paleologu	44.9500	26.2167	5695	Prahova	RO
Bessarabske	46.1876	29.1464	5692	Odesa	UA
Belogradchik	43.6272	22.6836	5688	Vidin	BG
Rasshevatskaya	45.5748	41.0350	5686	Stavropol Kray	RU
Vodiane	47.4867	34.5025	5685	Zaporizhzhia	UA
Bălceşti	44.6167	23.9500	5683	Vâlcea County	RO
Nova Mokošica	42.6744	18.1160	5682	Dubrovnik-Neretva	HR
Waqqāş	32.5421	35.6051	5678	Irbid	JO
Altınyayla	39.2725	36.7510	5674	Sivas	TR
Zetea	46.3833	25.3667	5670	Harghita County	RO
Tsentoroy	43.0066	46.2223	5670	Chechnya	RU
Tešanjka	44.6723	18.0111	5666	Federation of B&H	BA
Akhmeta	42.0350	45.2080	5664	Kakheti	GE
Polski Trambesh	43.3723	25.6352	5663	Veliko Tarnovo	BG
Madan	41.4987	24.9397	5661	Smolyan	BG
Bereşti-Tazlău	46.4667	26.6667	5661	Bacău County	RO
Sălişte	45.7963	23.8868	5660	Sibiu County	RO
Drajna de Jos	45.2167	26.0500	5660	Prahova	RO
Mihai Viteazu	46.5333	23.7500	5659	Cluj County	RO
Starokucherganovka	46.3248	47.9555	5658	Astrakhan Oblast	RU
Azatan	40.7196	43.8273	5655	Shirak	AM
Erbiceni	47.2667	27.2333	5655	Iași County	RO
Rayon RTS	46.7947	36.7398	5655	Zaporizhzhia	UA
Ansalta	42.6894	46.1178	5654	Dagestan	RU
Diónysos	38.1046	23.8794	5651	Attica	GR
Tătăruşi	47.3500	26.6000	5651	Iași County	RO
Levokumka	44.2317	43.1500	5651	Stavropol Kray	RU
Novofedorovka	45.0947	33.5721	5651	Crimea	UA
Lefkímmi	39.4234	20.0709	5647	Ionian Islands	GR
Csorvás	46.6333	20.8333	5643	Bekes County	HU
Benoy-Yurt	43.6930	45.0502	5642	Chechnya	RU
Kastal	36.2476	36.2409	5637	Hatay	TR
Băneşti	45.1000	25.7667	5636	Prahova	RO
Păltinoasa	47.5500	25.9500	5635	Suceava	RO
Joseni	46.7000	25.5000	5635	Harghita County	RO
Ḩuwwārah	32.1522	35.2567	5633	West Bank	PS
Priyutnoye	46.1010	43.5109	5632	Kalmykiya Republic	RU
Mavrodin	44.0333	25.2500	5628	Teleorman County	RO
Al Kittah	32.2769	35.8411	5626	Jerash	JO
Stolniceni-Prăjescu	47.1986	26.7481	5625	Iași County	RO
Shevchenkove	45.5549	29.3335	5625	Odesa	UA
Kozarë	40.8308	19.9006	5622	Berat County	AL
Novofedorivka	46.1748	32.3177	5620	Kherson	UA
Tutova	46.1167	27.5500	5619	Vaslui County	RO
Umka	44.6781	20.3047	5618	Central Serbia	RS
Nagyszénás	46.6833	20.6667	5617	Bekes County	HU
Predeal	45.5000	25.5667	5615	Brașov County	RO
Corbeni	45.3000	24.6500	5613	Arges	RO
Bayat	40.6458	34.2614	5613	Çorum	TR
Orahovica Donja	44.6534	18.3695	5612	Federation of B&H	BA
Siátista	40.2619	21.5442	5612	West Macedonia	GR
Lyubymivka	46.8105	33.5684	5611	Kherson	UA
Rupea	46.0333	25.2167	5610	Brașov County	RO
Georgiyevskaya	44.1114	43.4922	5610	Stavropol Kray	RU
Lagodekhi	41.8275	46.2749	5607	Kakheti	GE
Makedonski Brod	41.5133	21.2164	5607	Makedonski Brod	MK
Ştefăneşti-Sat	47.7955	27.1954	5607	Botoșani County	RO
Berbeşti	44.9833	23.8833	5606	Vâlcea County	RO
Lenauheim	45.8719	20.7994	5605	Timiș County	RO
Diakoptó	38.1952	22.1999	5603	West Greece	GR
Újkígyós	46.5833	21.0333	5602	Bekes County	HU
Kayabağlar	37.9860	41.6676	5601	Siirt	TR
Avşar	39.9739	47.4239	5600	Ağcabǝdi	AZ
Iargara	46.4252	28.4268	5600	Cantemir	MD
Banca	46.3000	27.8000	5600	Vaslui County	RO
Stepnoye	44.2698	44.5819	5600	Stavropol Kray	RU
Göynük	40.4003	30.7883	5600	Bolu	TR
Barteniyivka	44.6363	33.5480	5600	Sevastopol City	UA
Fântânele	46.1237	21.3842	5597	Arad County	RO
Tápiószentmárton	47.3399	19.7465	5596	Pest County	HU
Bostanbükü	41.2149	32.6879	5596	Karabük Province	TR
Nerokoúros	35.4759	24.0400	5593	Crete	GR
Berezeni	46.3761	28.1478	5590	Vaslui County	RO
Araç	41.2422	33.3277	5590	Kastamonu	TR
Negru Vodă	43.8167	28.2000	5585	Constanța County	RO
Băneasa	44.0461	26.0642	5582	Giurgiu County	RO
Petricani	47.1667	26.4667	5580	Neamț County	RO
Săveni	44.6000	27.6500	5579	Ialomița County	RO
Refahiye	39.8931	38.7661	5579	Erzincan	TR
Altud	43.7219	43.8658	5578	Kabardino-Balkariya Republic	RU
İncek	39.8070	32.6982	5578	Ankara	TR
Dubki	43.0212	46.8375	5576	Dagestan	RU
Tát	47.7415	18.6481	5575	Komárom-Esztergom	HU
Ekáli	38.1103	23.8350	5574	Attica	GR
Egyek	47.6333	20.9000	5573	Hajdú-Bihar	HU
Dobreşti	46.8500	22.3000	5573	Bihor County	RO
Huwara	32.1524	35.2566	5570	West Bank	PS
Donja Mahala	45.0433	18.6700	5565	Federation of B&H	BA
‘Awartā	32.1611	35.2839	5563	West Bank	PS
Afántou	36.2935	28.1623	5562	South Aegean	GR
Goy-Chu	43.0561	45.6067	5559	Chechnya	RU
Uzundere	40.5322	41.5383	5555	Erzurum	TR
Brusturi	47.2833	26.3833	5554	Neamț County	RO
Avanhard	46.4687	30.6155	5554	Odesa	UA
İnönü	37.3167	33.7667	5552	Karaman	TR
Gürbüz	38.3791	40.3625	5550	Diyarbakır Province	TR
Urkarakh	42.1629	47.6303	5548	Dagestan	RU
Kazreti	41.3816	44.4197	5547	Kvemo Kartli	GE
Janja	44.6655	19.2469	5544	Srpska	BA
Petrelë	41.2531	19.8531	5542	Tirana	AL
Ḩātim	32.6449	35.7777	5542	Irbid	JO
Kepsut	39.6889	28.1522	5542	Balıkesir	TR
Qaryat al Bayyāḑah	32.5650	21.2541	5538	Al Marj	LY
Perişoru	44.4500	27.5500	5535	Călărași County	RO
Pionerskoye	44.8808	34.2019	5534	Crimea	UA
Sincik	38.0365	38.6126	5531	Adıyaman Province	TR
Barsukovskaya	44.7632	41.8191	5529	Stavropol Kray	RU
Zorya	45.9912	29.6923	5528	Odesa	UA
Frăteşti	43.9667	25.9667	5527	Giurgiu County	RO
Corsano	39.8891	18.3675	5526	Apulia	IT
Shādbād-e Mashāyekh	37.9891	46.3585	5524	East Azerbaijan	IR
Vânători	45.7333	27.2500	5521	Vrancea	RO
Podoleni	46.8000	26.6167	5520	Neamț County	RO
Agriá	39.3408	23.0126	5519	Thessaly	GR
Udobnaya	44.1932	41.5529	5519	Krasnodar Krai	RU
Ulus	41.5842	32.6414	5519	Bartın	TR
Yalta	46.9610	37.2745	5519	Donetsk	UA
Körfez	38.4881	27.1377	5518	İzmir Province	TR
Ostrov	44.1167	27.3667	5516	Constanța County	RO
Altınkum	37.3576	27.2879	5516	Aydın	TR
Frătăuţii Noi	47.9426	25.8447	5512	Suceava	RO
Şirvan	38.0625	42.0252	5510	Siirt	TR
Mutki	38.4062	41.9202	5510	Bitlis	TR
Mekenziyevi Hory	44.6528	33.5914	5510	Sevastopol City	UA
Efpálio	38.4195	21.9291	5508	Central Greece	GR
Engel’-Yurt	43.3263	46.3605	5508	Chechnya	RU
Cristeşti	46.5000	24.4833	5507	Mureș County	RO
Mamuša	42.3308	20.7269	5507	Prizren	XK
Dayr Abū Ḑa‘īf	32.4560	35.3616	5506	West Bank	PS
Mecitözü	40.5200	35.2953	5506	Çorum	TR
Emba	34.8070	32.4241	5505	Pafos	CY
Ka‘abiyya-Tabbash-H̱ajajra	32.7495	35.1837	5504	Northern District	IL
Shupenzë	41.5300	20.4236	5503	Dibër County	AL
Kislyakovskaya	46.4417	39.6750	5501	Krasnodar Krai	RU
Xylókastro	38.0776	22.6317	5500	Peloponnese	GR
Isniq	42.5575	20.3028	5500	Gjakova	XK
Tséri	35.0731	33.3234	5498	Nicosia	CY
Kharjā	32.6599	35.8878	5498	Irbid	JO
Tudor Vladimirescu	45.5667	27.6500	5498	Galați County	RO
Fíliro	40.6915	23.0046	5495	Central Macedonia	GR
Őrbottyán	47.6871	19.2824	5495	Pest County	HU
Koyulhisar	40.3018	37.8234	5495	Sivas	TR
Vulcan	45.6333	25.4167	5493	Brașov County	RO
Gofitskoye	45.0792	43.0464	5493	Stavropol Kray	RU
Māhneshān	36.7444	47.6725	5487	Zanjan	IR
Kfar Vradim	32.9939	35.2779	5486	Northern District	IL
Urvan’	43.4894	43.7638	5484	Kabardino-Balkariya Republic	RU
Mishkovo-Pohorilove	46.9946	32.1099	5484	Mykolaiv	UA
Presicce	39.9006	18.2628	5482	Apulia	IT
Moskovskoye	45.2842	41.9103	5482	Stavropol Kray	RU
Chambarak	40.5966	45.3550	5481	Gegharkunik	AM
Rákóczifalva	47.0833	20.2333	5481	Jász-Nagykun-Szolnok	HU
Sivrice	38.4422	39.3094	5481	Elazığ	TR
Hosszúpályi	47.3930	21.7328	5479	Hajdú-Bihar	HU
Zsámbék	47.5481	18.7201	5479	Pest County	HU
Chepelare	41.7333	24.6833	5478	Smolyan	BG
Taşlıçay	39.6297	43.3688	5477	Ağrı	TR
Stanišić	45.9389	19.1671	5476	Vojvodina	RS
Palić	46.1065	19.7565	5476	Vojvodina	RS
Páty	47.5171	18.8285	5475	Pest County	HU
Nikfer	37.4054	29.1373	5474	Denizli	TR
Colceag	44.9500	26.3500	5473	Prahova	RO
Râfov	44.8667	26.1333	5472	Prahova	RO
Çanta	41.0790	28.0832	5470	Istanbul	TR
Srpska Crnja	45.7254	20.6901	5467	Vojvodina	RS
Crasna	45.1667	23.5000	5466	Gorj County	RO
Elek	46.5333	21.2500	5465	Bekes County	HU
Serednie Vodiane	47.9829	23.9090	5465	Zakarpattia	UA
Bebek	41.0782	29.0431	5464	Istanbul	TR
Velyki Kopani	46.4894	32.9721	5464	Kherson	UA
Maralik	40.5759	43.8706	5462	Shirak	AM
Bratca	46.9333	22.6167	5462	Bihor County	RO
Dedoplistsqaro	41.4657	46.1039	5460	Kakheti	GE
Zărneşti	45.3000	26.8667	5459	Buzău County	RO
Gorgota	44.7833	26.0833	5459	Prahova	RO
Yaroslavskaya	44.6106	40.4642	5458	Krasnodar Krai	RU
Nimigea de Sus	47.2833	24.3167	5457	Bistrița-Năsăud County	RO
Găiseni	44.5150	25.6453	5455	Giurgiu County	RO
Koreyiz	44.4315	34.0840	5455	Crimea	UA
Novyy Sulak	43.2100	46.8230	5454	Dagestan	RU
Vayk	39.6903	45.4692	5453	Vayots Dzor	AM
Alkhazurovo	43.0639	45.6513	5452	Chechnya	RU
Vámospércs	47.5333	21.9000	5451	Hajdú-Bihar	HU
Mórahalom	46.2181	19.8851	5445	Csongrád	HU
Piscu Vechi	43.9000	23.1667	5445	Dolj	RO
Fundeni	44.3833	26.3500	5443	Călărași County	RO
Banī Zayd	32.0392	35.1032	5441	West Bank	PS
Akarsu	37.2262	41.0514	5440	Mardin	TR
Nuşfalău	47.2000	22.7333	5436	Sălaj County	RO
Dobrota	42.4542	18.7683	5435	Kotor	ME
Strelka	45.2063	37.2865	5433	Krasnodar Krai	RU
Mordoğan	38.5162	26.6249	5433	İzmir Province	TR
Vilne	47.6379	34.8167	5432	Dnipropetrovsk	UA
Novaci	44.3011	25.9863	5431	Giurgiu County	RO
Lāhījān	37.9849	46.0863	5430	East Azerbaijan	IR
Săgeata	45.1000	26.9833	5427	Buzău County	RO
Payallar	36.6016	31.8506	5425	Antalya	TR
Domnești	44.3992	25.9162	5423	Ilfov	RO
Saimbeyli	37.9863	36.0906	5423	Adana	TR
Tătărani	45.0000	25.2667	5422	Dâmbovița County	RO
Atsipópoulo	35.3525	24.4338	5417	Crete	GR
Zagon	45.7667	26.1167	5416	Covasna County	RO
Coşeşti	45.0667	24.8667	5416	Arges	RO
Čoka	45.9425	20.1433	5414	Vojvodina	RS
Bugyi	47.2275	19.1466	5412	Pest County	HU
Mătăsari	44.8500	23.0833	5411	Gorj County	RO
Cârţa	46.5333	25.7500	5407	Harghita County	RO
Mýrina	39.8748	25.0636	5406	North Aegean	GR
Griviţa	46.1500	27.6500	5405	Vaslui County	RO
Agigea	44.0926	28.6108	5405	Constanța County	RO
Leu	44.1833	24.0000	5404	Dolj	RO
Verkhniy Rohachyk	47.2521	34.3356	5404	Kherson	UA
Răşinari	45.7000	24.0667	5403	Sibiu County	RO
Comişani	44.8833	25.5833	5401	Dâmbovița County	RO
Dallar	40.8628	46.0349	5400	Şǝmkir	AZ
Yolbaşı	37.3874	41.3166	5400	Mardin	TR
Bavtugay	43.1681	46.8342	5398	Dagestan	RU
Alezio	40.0623	18.0571	5397	Apulia	IT
Ţigăneşti	43.9000	25.3667	5397	Teleorman County	RO
Sarıoğlan	39.0769	35.9667	5393	Kayseri	TR
Todireşti	46.8500	27.3667	5388	Vaslui County	RO
Chernolesskoye	44.7156	43.7133	5386	Stavropol Kray	RU
Grumăzeşti	47.1333	26.3667	5385	Neamț County	RO
Martan-Chu	43.0637	45.5622	5385	Chechnya	RU
Yıldız	41.0500	29.0164	5385	Istanbul	TR
Greci	45.1833	28.2333	5384	Tulcea County	RO
Emőd	47.9333	20.8167	5382	Borsod-Abaúj-Zemplén	HU
Albeşti	46.2333	24.8500	5382	Mureș County	RO
Ḩalāwah	32.3843	35.6617	5376	Ajloun	JO
Isaccea	45.2667	28.4667	5375	Tulcea County	RO
Sinjil	32.0333	35.2655	5371	West Bank	PS
Kargalinskaya	43.7438	46.4782	5371	Chechnya	RU
Lakatos-lakótelep	47.4543	19.1744	5370	Budapest	HU
Ozerne	45.4056	28.6686	5370	Odesa	UA
Crepaja	45.0098	20.6370	5369	Vojvodina	RS
Kashkhatau	43.3169	43.6077	5367	Kabardino-Balkariya Republic	RU
Kulbakyne	46.9147	32.0797	5367	Mykolaiv	UA
Novodzhereliyevskaya	45.7737	38.6723	5365	Krasnodar Krai	RU
Budeşti	45.0500	24.3833	5362	Vâlcea County	RO
Donske	47.5136	37.5373	5362	Donetsk	UA
Recea	47.6333	23.5167	5360	Maramureş	RO
Filiatrá	37.1564	21.5853	5359	Peloponnese	GR
Lábatlan	47.7473	18.4962	5357	Komárom-Esztergom	HU
Giarmata	45.8383	21.3108	5357	Timiș County	RO
Căiuţi-Sat	46.1833	26.9333	5357	Bacău County	RO
Gura Şuţii	44.7500	25.5167	5355	Dâmbovița County	RO
Belišće	45.6803	18.4058	5354	County of Osijek-Baranja	HR
Sihlea	45.5000	27.1167	5354	Vrancea	RO
Ciocăneşti	44.6000	25.8500	5354	Dâmbovița County	RO
Osica de Sus	44.2500	24.3167	5351	Olt	RO
Perushtitsa	42.0500	24.5500	5350	Plovdiv	BG
Copşa Mică	46.1167	24.2500	5349	Sibiu County	RO
Varazqān	38.6755	46.1121	5348	East Azerbaijan	IR
Kotor	42.4207	18.7682	5345	Kotor	ME
Pervomayskoye	43.9385	42.4760	5345	Karachayevo-Cherkesiya Republic	RU
Konacık	37.0449	27.4099	5344	Muğla	TR
Caesarea	32.5189	34.9046	5343	Haifa	IL
Zarnaq	38.0911	47.0828	5343	East Azerbaijan	IR
Serhiyivka	46.0251	30.3683	5343	Odesa	UA
Căianu Mic	47.2333	24.1500	5340	Bistrița-Năsăud County	RO
Yeranos	40.2043	45.1921	5337	Gegharkunik	AM
Podgornaya	44.2031	43.4297	5336	Stavropol Kray	RU
Novozavedennoye	44.2628	43.6381	5336	Stavropol Kray	RU
Satulung	47.5667	23.4333	5334	Maramureş	RO
Staromykhailivka	47.9926	37.5858	5333	Donetsk	UA
Şirna	44.8000	25.9500	5331	Prahova	RO
Donji Miholjac	45.7608	18.1672	5330	County of Osijek-Baranja	HR
Certeze	47.9000	23.4667	5330	Satu Mare County	RO
Livádia	34.9552	33.6273	5329	Larnaka	CY
Topraisar	44.0167	28.4500	5329	Constanța County	RO
Corbasca	46.2833	27.1667	5328	Bacău County	RO
Tudor Vladimirescu	45.2167	27.8000	5327	Brăila County	RO
Manyas	40.0464	27.9700	5327	Balıkesir	TR
Celaru	44.0500	24.1333	5326	Dolj	RO
Laposdűlő	47.4925	19.1149	5324	Budapest	HU
Zvečka	44.6403	20.1643	5321	Central Serbia	RS
Shalazhi	43.0948	45.3590	5319	Chechnya	RU
Mourniés	35.4823	24.0125	5318	Crete	GR
Kryonéri	38.1371	23.8305	5318	Attica	GR
Andi	42.7836	46.2617	5318	Dagestan	RU
Ardanuç	41.1195	42.0688	5318	Artvin	TR
Rayon Azmol	46.7682	36.7688	5318	Zaporizhzhia	UA
Tefenni	37.3097	29.7754	5317	Burdur	TR
Köprübaşı	40.8069	40.1144	5317	Trabzon	TR
Şabḩā	32.3270	36.5016	5315	Mafraq	JO
Telciu	47.4333	24.4000	5314	Bistrița-Năsăud County	RO
Dzhubga	44.3211	38.7073	5314	Krasnodar Krai	RU
Corigliano d'Otranto	40.1593	18.2560	5313	Apulia	IT
Măicăneşti	45.5000	27.5000	5312	Vrancea	RO
Gogoşu	44.3739	22.5931	5309	Mehedinți County	RO
Târgu Trotuş	46.2667	26.6667	5305	Bacău County	RO
Straja	47.9167	25.5500	5304	Suceava	RO
Mogoşoaia	44.5292	26.0000	5304	Ilfov	RO
Velyka Mykhaylivka	47.0785	29.8525	5303	Odesa	UA
Sânandrei	45.8531	21.1681	5302	Timiș County	RO
Bat H̱efer	32.3343	35.0134	5301	Central District	IL
Dalimammadli	40.6942	46.5738	5300	Goranboy District	AZ
Vadul lui Vodă	47.0901	29.0757	5300	Chișinău Municipality	MD
Jebel	45.5556	21.2136	5298	Timiș County	RO
Drăguşeni	45.9667	27.7500	5297	Galați County	RO
Chiscani	45.1833	27.9333	5294	Brăila County	RO
Ečka	45.3233	20.4429	5293	Vojvodina	RS
Lichk	40.1593	45.2347	5292	Gegharkunik	AM
Kitim	32.4383	35.8968	5292	Irbid	JO
Spokoynaya	44.2468	41.4015	5291	Krasnodar Krai	RU
Okny	47.5429	29.4559	5290	Odesa	UA
Páros	37.0833	25.1500	5289	South Aegean	GR
Tympáki	35.0729	24.7685	5285	Crete	GR
Ulmeni	44.1500	26.7167	5285	Călărași County	RO
Borduşani	44.4833	27.9000	5285	Ialomița County	RO
Berzunţi	46.4000	26.6333	5285	Bacău County	RO
Megalópoli	37.4011	22.1422	5283	Peloponnese	GR
Jabā	33.1628	35.9259	5281	Quneitra	SY
Băneasa	44.0667	27.7000	5280	Constanța County	RO
Kovilj	45.2342	20.0233	5279	Vojvodina	RS
Sambek	47.7427	39.8240	5278	Rostov	RU
Ula	37.1049	28.4167	5275	Muğla	TR
İyidere	41.0119	40.3618	5273	Rize Province	TR
Dalgopol	43.0500	27.3500	5272	Varna	BG
Krumovgrad	41.4713	25.6548	5271	Kardzhali	BG
Sângeru	45.1333	26.3500	5271	Prahova	RO
Vrontádos	38.4088	26.1295	5270	North Aegean	GR
Pleniţa	44.2167	23.1833	5260	Dolj	RO
Dolni Dabnik	43.4000	24.4333	5259	Pleven	BG
Csákvár	47.3918	18.4650	5259	Fejér	HU
Lenina	46.0667	39.7833	5259	Krasnodar Krai	RU
Perieni	46.3000	27.6167	5258	Vaslui County	RO
Gârla-Mare	44.2092	22.7750	5258	Mehedinți County	RO
Livezi-Vale	46.4167	26.7333	5255	Bacău County	RO
Ol’ginskaya	47.1873	39.9519	5255	Rostov	RU
Poiana Câmpina	45.1270	25.7110	5254	Prahova	RO
Şambayadı	37.0421	35.1994	5251	Adana	TR
Ţicleni	44.8833	23.4000	5250	Gorj County	RO
Ghimeş-Făget	46.5833	26.0667	5248	Bacău County	RO
Algyő	46.3347	20.2085	5247	Csongrád	HU
Nizhniye Achaluki	43.4028	44.7591	5247	Ingushetiya Republic	RU
Tarumovka	44.0761	46.5360	5245	Dagestan	RU
Kenderes	47.2500	20.6833	5243	Jász-Nagykun-Szolnok	HU
Ochamchire	42.7123	41.4686	5238	Abkhazia	GE
Novomykolayivka	47.9736	35.8981	5238	Zaporizhzhia	UA
Oshakan	40.2639	44.3167	5237	Aragatsotn	AM
Lazuri	47.8500	22.8667	5237	Satu Mare County	RO
Plakhtiyivka	46.0950	29.7189	5237	Odesa	UA
Zharrëz	40.7092	19.6497	5236	Fier County	AL
Sachkhere	42.3359	43.4057	5235	Imereti	GE
Velyka Novosilka	47.8428	36.8363	5235	Donetsk	UA
Trifeşti	47.4500	27.5167	5232	Iași County	RO
Grădiştea	44.2333	27.2167	5232	Călărași County	RO
Bucu	44.6053	27.4934	5232	Ialomița County	RO
Novodmitriyevskaya	44.8328	38.8785	5230	Krasnodar Krai	RU
Blagodatnoye	45.3997	42.5867	5230	Stavropol Kray	RU
Tibnah	32.4752	35.7306	5229	Irbid	JO
Kayapınar	37.5576	41.1623	5226	Batman	TR
Csenger	47.8358	22.6810	5225	Szabolcs-Szatmár-Bereg	HU
Rizokárpaso	35.5972	34.3792	5215	Ammochostos	CY
Lápithos	35.3382	33.1737	5215	Keryneia	CY
Vurpăr	46.0000	23.4667	5215	Alba County	RO
Krusevo	41.3689	21.2489	5211	Krushevo	MK
Odobeşti	44.6167	25.5667	5211	Dâmbovița County	RO
Komyshuvakha	47.7149	35.5241	5211	Zaporizhzhia	UA
Gundorovskiy	46.7805	41.8968	5210	Rostov	RU
Danilovgrad	42.5538	19.1461	5208	Danilovgrad	ME
Grivenskaya	45.6473	38.1760	5208	Krasnodar Krai	RU
Valchedram	43.6928	23.4452	5207	Montana	BG
Balīlā	32.3911	35.9383	5206	Jerash	JO
Frumuşiţa	45.6667	28.0667	5206	Galați County	RO
Ceptura de Sus	45.0167	26.3167	5204	Prahova	RO
Athíenou	35.0618	33.5417	5202	Larnaka	CY
Ţifeşti	45.8500	27.1000	5202	Vrancea	RO
Vişeu de Jos	47.7256	24.3661	5201	Maramureş	RO
Kamyshevatskaya	46.4132	37.9563	5201	Krasnodar Krai	RU
Zahesi	41.8246	44.7536	5200	Mtskheta-Mtianeti	GE
Obytichne	46.7353	36.3931	5200	Zaporizhzhia	UA
Oleksandrivka	47.6901	31.2776	5200	Mykolaiv	UA
Lidiyivka	47.9890	37.6769	5200	Donetsk	UA
Daday	41.4787	33.4667	5199	Kastamonu	TR
Krasnoyarskaya	47.6501	42.0443	5198	Rostov	RU
Yenişarbademli	37.7078	31.3864	5198	Isparta	TR
Slatina	47.4500	26.0167	5196	Suceava	RO
Alpatovo	43.7028	45.2415	5192	Chechnya	RU
Krasnosilka	46.6229	30.7697	5187	Odesa	UA
Măstăcani	45.7833	28.0333	5185	Galați County	RO
Dorgeli	42.6670	47.2944	5185	Dagestan	RU
Alivéri	38.4167	24.0333	5184	Central Greece	GR
Ruscova	47.7929	24.2855	5183	Maramureş	RO
Neviano	40.1065	18.1152	5182	Apulia	IT
Rediu	46.7560	26.5625	5182	Neamț County	RO
Katsikás	39.6228	20.8876	5180	Epirus	GR
Corbu	44.3833	28.6500	5180	Constanța County	RO
Troyitske	46.5417	30.0235	5178	Odesa	UA
Sidirókastro	41.2350	23.3890	5177	Central Macedonia	GR
Bran	45.5167	25.3500	5177	Brașov County	RO
Vetovo	43.7000	26.2667	5175	Ruse	BG
Karslı	37.0590	35.2990	5172	Adana	TR
Zemeş	46.5833	26.4167	5171	Bacău County	RO
Arıcak	38.5634	40.1248	5168	Elazığ	TR
Beylerbeyi	41.0439	29.0464	5168	Istanbul	TR
Curcani	44.2000	26.5833	5167	Călărași County	RO
Kale	39.0333	38.0000	5167	Malatya	TR
Ipnari	43.2280	40.3330	5166	Abkhazia	GE
Martonvásár	47.3160	18.7904	5166	Fejér	HU
Bratske	47.8666	31.5753	5164	Mykolaiv	UA
Tufanbeyli	38.2633	36.2206	5158	Adana	TR
Gouménissa	40.9460	22.4497	5157	Central Macedonia	GR
Ryazanskaya	44.9553	39.5889	5157	Krasnodar Krai	RU
Drăgăneşti	44.8167	26.3000	5156	Prahova	RO
Yazıhan	38.5929	38.1733	5156	Malatya	TR
Godech	43.0168	23.0485	5154	Sofia	BG
Miklóstelep	47.4467	19.1954	5152	Budapest	HU
Lunca de Jos	46.5667	25.9833	5152	Harghita County	RO
Bamut	43.1599	45.1973	5148	Chechnya	RU
Dursunlu	36.1674	36.1579	5147	Hatay	TR
Poiana Teiului	47.1000	25.9667	5145	Neamț County	RO
Bucecea	47.7667	26.4333	5143	Botoșani County	RO
Batăr	46.7000	21.8167	5143	Bihor County	RO
Zakharivka	47.3313	29.7540	5142	Odesa	UA
Faraoaní	46.4333	26.9000	5141	Bacău County	RO
Ernei	46.6050	24.6415	5141	Mureș County	RO
Bet Arye	32.0333	35.0500	5139	West Bank	PS
Tudora	47.5167	26.6333	5139	Botoșani County	RO
Kíti	34.8490	33.5752	5136	Larnaka	CY
Torchiarolo	40.4835	18.0512	5136	Apulia	IT
Horodnic de Sus	47.8401	25.8235	5136	Suceava	RO
Chiri-Yurt	43.0887	45.7432	5136	Chechnya	RU
Jurilovca	44.7667	28.8667	5133	Tulcea County	RO
Novokorsunskaya	45.6408	39.1464	5133	Krasnodar Krai	RU
Beylikova	39.6869	31.2056	5131	Eskişehir	TR
Doğankent	36.8443	35.3440	5130	Adana	TR
Drăguţeşti	44.9667	23.2333	5126	Gorj County	RO
Arpaçay	40.8452	43.3275	5126	Kars Province	TR
Chisten’koye	44.8815	34.0472	5126	Crimea	UA
Avsuyu	36.1936	36.3135	5124	Hatay	TR
Deleşti	46.7000	27.5500	5122	Vaslui County	RO
Bodeşti	47.0333	26.4167	5122	Neamț County	RO
Hanak	41.2334	42.8404	5122	Ardahan	TR
Sarvābād	35.3126	46.3669	5121	Kurdistan Province	IR
Takhtamukay	44.9220	38.9949	5120	Adygeya Republic	RU
Eceabat	40.1842	26.3574	5120	Canakkale	TR
Örkény	47.1299	19.4332	5119	Pest County	HU
Săliştea de Sus	47.6500	24.3500	5119	Maramureş	RO
Pravokumskoye	44.7694	44.6472	5117	Stavropol Kray	RU
Ladovskaya Balka	45.6296	41.4023	5117	Stavropol Kray	RU
Sotnikovskoye	45.0039	43.7772	5116	Stavropol Kray	RU
Shaqqā	32.8977	36.6965	5116	Suwayda	SY
Bókaytelep	47.4381	19.1811	5113	Budapest	HU
Qumaym	32.5717	35.7345	5111	Irbid	JO
Frumuşani	44.2961	26.3256	5111	Călărași County	RO
Dridu	44.7000	26.4500	5111	Ialomița County	RO
Starokozache	46.3358	29.9888	5108	Odesa	UA
Gergebil’	42.5047	47.0661	5107	Dagestan	RU
Vladimirovac	45.0312	20.8657	5106	Vojvodina	RS
Dersca	47.9833	26.2000	5105	Botoșani County	RO
Ceraşu	45.3167	26.0333	5105	Prahova	RO
Pazar	40.2765	36.2835	5105	Tokat Province	TR
Karanlukh	40.1044	45.2897	5104	Gegharkunik	AM
Horodnye	45.8920	28.8495	5104	Odesa	UA
Çüngüş	38.2080	39.2855	5103	Diyarbakır Province	TR
Tuglie	40.0735	18.0987	5100	Apulia	IT
Moceşti	45.0500	26.2500	5100	Prahova	RO
Komsomol’skiy	45.3294	46.0421	5099	Kalmykiya Republic	RU
Soleto	40.1878	18.2063	5098	Apulia	IT
Felnac	46.1167	21.1500	5097	Arad County	RO
Novobataysk	46.8984	39.7822	5097	Rostov	RU
Dobroteşti	44.2833	24.8833	5096	Teleorman County	RO
Bum	41.0144	47.7781	5095	Qabala District	AZ
Moţca	47.2500	26.6167	5095	Iași County	RO
Ali-Berdukovskiy	43.9895	41.7421	5093	Karachayevo-Cherkesiya Republic	RU
Ulubey	38.4199	29.2913	5092	Uşak	TR
Kárystos	38.0133	24.4161	5091	Central Greece	GR
Plagiári	40.4728	22.9579	5091	Central Macedonia	GR
Bradu	44.7833	24.9000	5091	Arges	RO
Izbiceni	43.8222	24.6633	5089	Olt	RO
Srbica	42.7467	20.7886	5089	Mitrovica	XK
Stâlpeni	45.0500	24.9667	5088	Arges	RO
Atkaracalar	40.8159	33.0756	5088	Çankırı	TR
Yakakent	41.6325	35.5289	5086	Samsun	TR
Şaphane	39.0273	29.2222	5085	Kütahya	TR
Bavanište	44.8191	20.8765	5082	Vojvodina	RS
Podu Turcului	46.2000	27.3833	5081	Bacău County	RO
Suseni	46.6667	25.5500	5079	Harghita County	RO
Alessano	39.8938	18.3322	5078	Apulia	IT
Asíni	37.5443	22.8644	5077	Peloponnese	GR
Ivankovo	45.2886	18.6839	5076	Vukovar-Srijem	HR
Nozhay-Yurt	43.0944	46.3758	5073	Chechnya	RU
Karakoyunlu	39.8704	43.6301	5073	Iğdır	TR
Sanislău	47.6333	22.3333	5072	Satu Mare County	RO
Cavnic	47.6667	23.8667	5072	Maramureş	RO
Padeş	45.0167	22.8500	5071	Gorj County	RO
Tiszaalpár	46.8128	19.9984	5070	Bács-Kiskun	HU
Păuleşti	45.0008	25.9599	5069	Prahova	RO
Bezdead	45.1500	25.5167	5067	Dâmbovița County	RO
Tărtăşeşti	44.5772	25.8128	5066	Dâmbovița County	RO
Grebenskaya	43.5309	46.3717	5066	Chechnya	RU
Vosketap	39.8811	44.6492	5065	Ararat	AM
Radovanu	44.2000	26.5167	5065	Călărași County	RO
Lungani	47.1833	27.1500	5065	Iași County	RO
Yasnaya Polyana	44.0225	42.7539	5064	Stavropol Kray	RU
Cornetu	44.3417	25.9408	5063	Ilfov	RO
Ambar	37.8531	40.5280	5063	Diyarbakır Province	TR
Mahala	44.0119	18.2553	5062	Federation of B&H	BA
Bălţaţi	47.2167	27.1500	5061	Iași County	RO
Slobozia Bradului	45.5000	27.0500	5060	Vrancea	RO
Starocherkasskaya	47.2408	40.0419	5060	Rostov	RU
Ömerli	40.3125	28.0483	5057	Balıkesir	TR
Mireşu Mare	47.5000	23.3333	5054	Maramureş	RO
Nogamerzin-Yurt	43.6536	44.8889	5053	Chechnya	RU
Puieşti	46.4287	27.4898	5050	Vaslui County	RO
Slobozia	44.5253	25.2426	5045	Arges	RO
Fărcaşele	44.1500	24.4333	5045	Olt	RO
Tqvarch'eli	42.8404	41.6801	5044	Abkhazia	GE
Átány	47.6156	20.3625	5044	Heves County	HU
Gagliano del Capo	39.8432	18.3696	5042	Apulia	IT
Moroeni	45.2167	25.4333	5042	Dâmbovița County	RO
Tetritsqaro	41.5438	44.4618	5041	Kvemo Kartli	GE
Dollyar-Dzhagir	40.8824	46.0367	5038	Şǝmkir	AZ
Mihăileni	47.9667	26.1500	5037	Botoșani County	RO
Duda	46.7493	28.0424	5037	Vaslui County	RO
Nesvady	47.9282	18.1268	5037	Nitra Region	SK
Lakkha Nëvre	43.6103	45.2454	5036	Chechnya	RU
Ndroq	41.2639	19.6558	5035	Tirana	AL
Derebucak	37.3918	31.5092	5035	Konya	TR
Kyparissía	37.2511	21.6736	5033	Peloponnese	GR
Barič	44.6507	20.2594	5033	Central Serbia	RS
Vathí	38.4049	23.6033	5029	Central Greece	GR
Prigrevica	45.6764	19.0881	5026	Vojvodina	RS
Pervomayskaya	43.4033	45.5234	5026	Chechnya	RU
Coşoveni	44.2500	23.9333	5024	Dolj	RO
Mkhchyan	40.0223	44.4917	5022	Ararat	AM
Dhrosiá	38.4841	23.5477	5020	Central Greece	GR
Trifeşti	46.9167	26.8167	5018	Neamț County	RO
Nedelino	41.4560	25.0801	5017	Smolyan	BG
Băluşeni	47.6667	26.8000	5017	Botoșani County	RO
Čelarevo	45.2700	19.5248	5017	Vojvodina	RS
Banī Zayd ash Shārqīyah	32.0493	35.1659	5015	West Bank	PS
Dvory nad Žitavou	47.9895	18.2672	5015	Nitra Region	SK
Domaniç	39.8019	29.6092	5015	Kütahya	TR
Viişoara	46.9333	26.2333	5014	Neamț County	RO
Ludeşti	44.8667	25.2333	5011	Dâmbovița County	RO
Răchitoasa	46.4333	27.3667	5009	Bacău County	RO
Tritenii de Jos	46.5833	24.0000	5008	Cluj County	RO
Oryahovo	43.7381	23.9587	5007	Vratsa	BG
Körösladány	46.9667	21.0833	5006	Bekes County	HU
Josenii Bârgăului	47.2167	24.6833	5006	Bistrița-Năsăud County	RO
Shkurinskaya	46.5858	39.3599	5005	Krasnodar Krai	RU
Kumçatı	37.4733	42.3163	5005	Şırnak	TR
Altınsu	37.3217	44.5521	5004	Hakkâri	TR
İliç	39.4565	38.5647	5003	Erzincan	TR
Piscu	45.5000	27.7333	5002	Galați County	RO
Ishëm	41.5453	19.6000	5001	Durrës County	AL
Odăi	44.3927	26.0354	5001	Bucharest	RO
Bhamdoûn el Mhatta	33.8086	35.6597	5000	Mount Lebanon	LB
Tebnine	33.1940	35.4097	5000	Nabatieh	LB
Majur	44.7711	19.6551	5000	Central Serbia	RS
Vol’nyy Aul	43.4786	43.6275	5000	Kabardino-Balkariya Republic	RU
Vardane	43.7318	39.5543	5000	Krasnodar Krai	RU
Uchkulan	43.4571	42.0964	5000	Karachayevo-Cherkesiya Republic	RU
Ma‘lūlā	33.8453	36.5451	5000	Rif-dimashq	SY
Jinnīyah	36.3187	38.9142	5000	Raqqa	SY
Dalyan	36.8343	28.6446	5000	Muğla	TR
Boğazkent	36.8532	31.1639	5000	Antalya	TR
Mushketove	47.9730	37.8681	5000	Donetsk	UA
Aninoasa	45.4092	23.3150	4998	Hunedoara County	RO
Elemir	45.4426	20.3000	4998	Vojvodina	RS
Ghindari	46.5000	24.9167	4997	Mureș County	RO
Pyatigorskiy	43.9742	43.2583	4997	Stavropol Kray	RU
‘Ajjah	32.3607	35.1959	4995	West Bank	PS
Malu Mare	44.2418	23.8532	4995	Dolj	RO
Clinceni	44.3733	25.9547	4995	Ilfov	RO
Beceni	45.3833	26.7833	4992	Buzău County	RO
Dolna Banya	42.3109	23.7646	4990	Sofia	BG
Kafr ad Dīk	32.0671	35.0829	4986	West Bank	PS
Moldoviţa	47.6833	25.5333	4985	Suceava	RO
Lipăneşti	45.0500	26.0167	4985	Prahova	RO
Vale	41.6161	42.8811	4982	Samtskhe-Javakheti	GE
Topolog	44.8833	28.3667	4982	Tulcea County	RO
Kayasula	44.3250	45.0000	4982	Stavropol Kray	RU
Fântânele	46.4167	24.7500	4981	Mureș County	RO
Desa	43.8667	23.0333	4981	Dolj	RO
Pshekhskaya	44.6960	39.7966	4979	Krasnodar Krai	RU
Atalánti	38.6511	22.9992	4978	Central Greece	GR
Bilenke	47.6262	35.0369	4977	Zaporizhzhia	UA
Alsónémedi	47.3152	19.1584	4974	Pest County	HU
Vorë	41.3908	19.6550	4973	Tirana	AL
Scoarţa	45.0167	23.4500	4973	Gorj County	RO
Oblesevo	41.8833	22.3339	4972	Češinovo-Obleševo	MK
Letnyaya Stavka	45.4282	43.4442	4969	Stavropol Kray	RU
Ciorogârla	44.4425	25.8833	4968	Ilfov	RO
Bălăuşeri	46.4000	24.6833	4968	Mureș County	RO
Kafr Dān	32.4785	35.2542	4967	West Bank	PS
Ghimbav	45.6667	25.5000	4967	Brașov County	RO
Jiana Veche	44.3908	22.6686	4966	Mehedinți County	RO
Vânătorii Mici	44.4903	25.5589	4965	Giurgiu County	RO
Sasykoli	47.5515	46.9968	4965	Astrakhan Oblast	RU
Tlyustenkhabl’	44.9820	39.0977	4964	Adygeya Republic	RU
Vlădeni	47.7167	26.5167	4963	Botoșani County	RO
Tiszacsege	47.7000	21.0000	4961	Hajdú-Bihar	HU
Cislău	45.2500	26.3667	4961	Buzău County	RO
Azuga	45.4500	25.5500	4961	Prahova	RO
Strejnicu	44.9168	25.9511	4960	Prahova	RO
Lereşti	45.3333	25.0667	4960	Arges	RO
Kamyanka	44.9912	34.1704	4960	Crimea	UA
Agios Georgis	39.7236	19.6997	4958	Ionian Islands	GR
Slănic-Moldova	46.2231	26.4741	4955	Bacău County	RO
Aushiger	43.3931	43.7367	4955	Kabardino-Balkariya Republic	RU
Bratske	46.3564	32.1673	4953	Mykolaiv	UA
Kameno	42.5708	27.2987	4952	Burgas	BG
Memaliaj	40.3517	19.9803	4951	Gjirokastër County	AL
Karkamış	36.8345	37.9983	4951	Gaziantep	TR
Mogyoród	47.5975	19.2407	4949	Pest County	HU
Koskinoù	36.3879	28.2151	4948	South Aegean	GR
Karahallı	38.3208	29.5303	4948	Uşak	TR
Rogatica	43.7989	19.0036	4947	Srpska	BA
Nigríta	40.9053	23.4994	4947	Central Macedonia	GR
Avshar	39.8539	44.6802	4946	Ararat	AM
Mogoşeşti	47.0333	27.5333	4946	Iași County	RO
Schitu-Goleşti	45.2000	25.0000	4945	Arges	RO
Ballsh	40.5989	19.7347	4944	Fier County	AL
Bistra	46.3782	23.1008	4942	Alba County	RO
Kálamos	38.2845	23.8631	4941	Attica	GR
Ishcherskaya	43.7136	45.1337	4941	Chechnya	RU
Sālim	32.2096	35.3303	4940	West Bank	PS
Nyékládháza	47.9833	20.8333	4939	Borsod-Abaúj-Zemplén	HU
Esfahlān	37.9928	46.1100	4939	East Azerbaijan	IR
Zakan-Yurt	43.2622	45.4231	4939	Chechnya	RU
Baia	44.7167	28.6667	4938	Tulcea County	RO
Peciu Nou	45.6064	21.0578	4937	Timiș County	RO
Bogaţi	44.8667	25.1333	4936	Arges	RO
Khamamatyurt	43.6081	46.5006	4935	Dagestan	RU
Ágioi Theódoroi	37.9274	23.1422	4934	Peloponnese	GR
Ciocăneşti	44.2000	27.0667	4931	Călărași County	RO
Crevedia Mare	44.4292	25.6256	4927	Giurgiu County	RO
Avgórou	35.0361	33.8392	4921	Ammochostos	CY
Lunca	47.6167	26.9833	4921	Botoșani County	RO
Vërtop	40.6289	20.0539	4919	Berat County	AL
Zubutli-Miatli	43.1989	46.8124	4918	Dagestan	RU
Az Zāwiyah	32.0963	35.0398	4917	West Bank	PS
Voznesenka	46.8688	35.4630	4917	Zaporizhzhia	UA
Grăniceşti	47.8167	26.0667	4916	Suceava	RO
Prochnookopskaya	45.0666	41.1175	4916	Krasnodar Krai	RU
Otranto	40.1479	18.4868	4914	Apulia	IT
Yarkoye Pole	45.2058	35.1985	4914	Crimea	UA
Hârtieşti	45.1167	25.1000	4913	Arges	RO
Fântânele	47.5167	26.3167	4913	Suceava	RO
Forăşti	47.3500	26.4667	4912	Suceava	RO
Costuleni	47.0333	27.8500	4911	Iași County	RO
Mezőfalva	46.9318	18.7718	4910	Fejér	HU
Kaklık	37.8325	29.4143	4909	Denizli	TR
Dīzaj	37.2137	44.9277	4907	West Azerbaijan	IR
Pishaj	40.8811	20.1828	4906	Elbasan County	AL
Tătăranu	45.5167	27.3167	4904	Vrancea	RO
Yenidoğan	37.7214	27.3899	4904	Aydın	TR
Gantiadi	43.3811	40.0794	4902	Abkhazia	GE
Evciler	38.0414	29.8867	4902	Afyonkarahisar Province	TR
Këlcyrë	40.3131	20.1894	4900	Gjirokastër County	AL
Sīrīs	32.3283	35.2913	4898	West Bank	PS
Skiáthos	39.1623	23.4909	4897	Thessaly	GR
Sannicola	40.0924	18.0677	4895	Apulia	IT
Niny	44.4878	43.9489	4894	Stavropol Kray	RU
Ogrezeni	44.4197	25.7683	4893	Giurgiu County	RO
Letea Veche	46.5500	26.9500	4893	Bacău County	RO
Stylída	38.9167	22.6167	4892	Central Greece	GR
Hodac	46.7797	24.9367	4892	Mureș County	RO
Prnjavor	44.7006	19.3869	4892	Central Serbia	RS
Kuzeytepe	36.2651	36.1535	4889	Hatay	TR
Terjola	42.1806	42.9776	4888	Imereti	GE
Muro Leccese	40.1029	18.3367	4883	Apulia	IT
Botoşana	47.6833	25.9500	4881	Suceava	RO
Pétfürdő	47.1667	18.1167	4877	Veszprém	HU
Mahmudia	45.0833	29.0833	4876	Tulcea County	RO
Hoghiz	45.9833	25.3000	4876	Brașov County	RO
Primalkinskoye	43.7467	44.0083	4873	Kabardino-Balkariya Republic	RU
Makrochóri	40.5513	22.2495	4870	Central Macedonia	GR
Szentmártonkáta	47.4542	19.7014	4868	Pest County	HU
Dragomireşti	46.6333	27.3500	4868	Vaslui County	RO
Prigorodnoye	43.2564	45.7593	4863	Chechnya	RU
Gölgelikonak	37.7683	42.1284	4863	Siirt	TR
Argetoaia	44.5167	23.3667	4862	Dolj	RO
Poienile	46.9333	27.1833	4861	Iași County	RO
Aiánteio	37.9213	23.4588	4860	Attica	GR
Çandarlı	38.9350	26.9340	4858	İzmir Province	TR
Karmirgyugh	40.3310	45.1460	4857	Gegharkunik	AM
Ghiroda	45.7639	21.3003	4857	Timiș County	RO
Dulceşti	46.9667	26.7667	4856	Neamț County	RO
Yasenskaya	46.3575	38.2686	4855	Krasnodar Krai	RU
Tia Mare	43.8667	24.6333	4853	Olt	RO
Plomári	38.9753	26.3714	4852	North Aegean	GR
Karbi	40.3307	44.3779	4851	Aragatsotn	AM
Pentéli	38.0500	23.8667	4851	Attica	GR
Irig	45.0523	19.8445	4848	Vojvodina	RS
Tompa	46.2060	19.5391	4844	Bács-Kiskun	HU
Altınözü	36.1155	36.2483	4844	Hatay	TR
Karata	42.5945	46.3405	4838	Dagestan	RU
Yelanets	47.6952	31.8522	4838	Mykolaiv	UA
Bzibta	43.2469	40.3576	4835	Abkhazia	GE
Vrachnaíika	38.1072	21.4787	4834	West Greece	GR
Velence	47.2385	18.6548	4832	Fejér	HU
Torul	40.5507	39.2834	4832	Gümüşhane Province	TR
Mitreni	44.1667	26.6000	4831	Călărași County	RO
Işıklı	37.8355	27.8038	4830	Aydın	TR
Şelimbăr	45.7667	24.2000	4829	Sibiu County	RO
Tab	46.7313	18.0320	4824	Somogy County	HU
Dubrave Gornje	44.4723	18.7268	4821	Federation of B&H	BA
Ciucsângeorgiu	46.3167	25.9500	4821	Harghita County	RO
Bzipi	43.2329	40.3767	4820	Abkhazia	GE
Karamanlı	37.3730	29.8231	4820	Burdur	TR
Eğil	38.2575	40.0744	4820	Diyarbakır Province	TR
Rusăneşti	43.9333	24.6000	4819	Olt	RO
Kokkinotrimithiá	35.1530	33.1997	4817	Nicosia	CY
Krumë	42.1969	20.4133	4814	Kukës County	AL
Nekrasovskaya	45.1447	39.7487	4814	Krasnodar Krai	RU
Acquarica del Capo	39.9098	18.2468	4813	Apulia	IT
Nicolae Bălcescu	44.3833	28.3833	4813	Constanța County	RO
Măgurele	45.1000	26.0333	4812	Prahova	RO
Galicea Mare	44.1000	23.3000	4812	Dolj	RO
Akusha	42.2751	47.3450	4810	Dagestan	RU
Gölova	40.0619	38.6067	4809	Sivas	TR
Vār	38.5302	44.8077	4808	West Azerbaijan	IR
Voskhod	45.5100	34.3935	4808	Crimea	UA
Dmytrivka	45.9690	28.9885	4806	Odesa	UA
Malnaş	46.0167	25.8333	4804	Covasna County	RO
Shibli	32.6938	35.3920	4800	Northern District	IL
Bistrica	40.9789	21.3658	4798	Bitola	MK
Pârgăreşti	46.2500	26.6500	4798	Bacău County	RO
Axioúpoli	40.9858	22.5417	4794	Central Macedonia	GR
Sângeorgiu de Pădure	46.4306	24.8427	4794	Mureș County	RO
Güngürge	37.2154	37.4692	4794	Gaziantep	TR
Slavyanovo	43.4667	24.8667	4793	Pleven	BG
Căşeiu	47.1833	23.8667	4791	Cluj County	RO
Bayat	38.9831	30.9247	4790	Afyonkarahisar Province	TR
Dzoragyugh	40.1682	45.1945	4789	Gegharkunik	AM
Kítsi	37.8518	23.8407	4788	Attica	GR
Sita Buzăului	45.6500	26.0667	4788	Covasna County	RO
Pazarić	43.7888	18.1605	4787	Federation of B&H	BA
Merine	40.3342	18.2238	4785	Apulia	IT
Codăeşti	46.8667	27.7500	4785	Vaslui County	RO
Neftegorsk	44.3658	39.7078	4785	Krasnodar Krai	RU
Goragorskiy	43.5002	45.0857	4783	Chechnya	RU
Solina	44.5623	18.6932	4780	Federation of B&H	BA
Coteşti	45.6500	27.0500	4780	Vrancea	RO
Botiz	47.8333	22.9500	4779	Satu Mare County	RO
Akıncılar	40.0717	38.3433	4779	Sivas	TR
Padina	44.8333	27.1167	4774	Buzău County	RO
Serzhen’-Yurt	43.1227	45.9858	4773	Chechnya	RU
Galda de Jos	46.1833	23.6167	4772	Alba County	RO
Band	37.4986	45.0011	4769	West Azerbaijan	IR
Rušanj	44.6848	20.4499	4769	Central Serbia	RS
Opovo	45.0522	20.4303	4769	Vojvodina	RS
Tsnori	41.6180	45.9790	4767	Kakheti	GE
Laklār	37.1071	46.0839	4767	East Azerbaijan	IR
Moviliţa	44.6500	26.4833	4766	Ialomița County	RO
Odoreu	47.8000	23.0000	4765	Satu Mare County	RO
Becicherecu Mic	45.8292	21.0514	4765	Timiș County	RO
Rassvet	46.8333	40.7500	4765	Rostov	RU
Mălureni	45.1000	24.8000	4762	Arges	RO
Daneş	46.2167	24.7000	4759	Mureș County	RO
Măldăeni	44.1167	24.9333	4755	Teleorman County	RO
Cenei	45.7158	20.9039	4754	Timiș County	RO
Üröm	47.5967	19.0158	4753	Pest County	HU
Izvoarele	44.0339	25.7747	4753	Giurgiu County	RO
Kalininaul	43.0712	46.5668	4752	Dagestan	RU
Jegălia	44.3000	27.6333	4751	Călărași County	RO
Srîfa	33.2809	35.3960	4750	South Governorate	LB
Cristeşti	47.6333	26.7333	4745	Botoșani County	RO
Comloşu Mare	45.8906	20.6272	4745	Timiș County	RO
Uyutnoye	45.1977	33.2980	4745	Crimea	UA
Suhaia	43.7333	25.2500	4744	Teleorman County	RO
Nezavertailovca	46.5969	29.9376	4742	Transnistria	MD
Şcheia	46.9333	27.5167	4742	Iași County	RO
Şuţeşti	45.2167	27.4333	4740	Brăila County	RO
Drăgăneşti-Vlaşca	44.1014	25.5981	4740	Teleorman County	RO
Şeíca Mare	46.0167	24.1500	4739	Sibiu County	RO
Poarta Albă	44.2167	28.4000	4739	Constanța County	RO
Boroaia	47.3500	26.3333	4737	Suceava	RO
Ziduri	45.3000	27.0833	4736	Buzău County	RO
Buhoci	46.5667	27.0167	4736	Bacău County	RO
Deyskoye	43.4755	44.1618	4736	Kabardino-Balkariya Republic	RU
Magoúla	38.0799	23.5211	4735	Attica	GR
Burmā	32.2193	35.7851	4735	Jerash	JO
Törtel	47.1221	19.9371	4733	Pest County	HU
Roşia	45.8167	24.3167	4733	Sibiu County	RO
Darátsos	35.4995	23.9749	4732	Crete	GR
Dumeşti	47.1833	27.3500	4732	Iași County	RO
Čelopek	41.9317	21.0133	4731	Brvenica	MK
Kūzeh Kanān	38.1911	45.5795	4730	East Azerbaijan	IR
Zăbala	45.9000	26.1833	4729	Covasna County	RO
Gökçe	37.2041	40.6960	4729	Mardin	TR
Independenţa	45.4833	27.7500	4728	Galați County	RO
Doiceşti	44.9833	25.4000	4727	Dâmbovița County	RO
Kiyevskoye	45.0383	37.8883	4727	Krasnodar Krai	RU
Stanislav	46.5733	32.1477	4726	Kherson	UA
Bayt Īdis	32.4378	35.6977	4723	Irbid	JO
Studina	43.9667	24.4167	4723	Olt	RO
Yashalta	46.3385	42.2727	4723	Kalmykiya Republic	RU
Băile Drânceni	46.8151	28.1022	4719	Vaslui County	RO
Acăţari	46.4798	24.6332	4719	Mureș County	RO
Karalar	37.2999	41.6763	4718	Şırnak	TR
Hıdırlı	36.9319	35.3177	4718	Adana	TR
Yahşeli	38.6151	27.1118	4718	İzmir Province	TR
Bratunac	44.1846	19.3309	4717	Srpska	BA
Ayia Napa	34.9821	34.0018	4717	Ammochostos	CY
Vinderei	46.1500	27.8000	4716	Vaslui County	RO
Plopii Slăviţeştí	43.9667	24.6833	4716	Teleorman County	RO
Bucești	45.6525	27.5301	4715	Galați County	RO
Ceglédbercel	47.2237	19.6683	4710	Pest County	HU
Prundu	44.0947	26.2269	4708	Giurgiu County	RO
Karapürçek	40.6419	30.5394	4705	Sakarya	TR
Costeşti	45.0500	26.7667	4704	Buzău County	RO
Vónitsa	38.9164	20.8864	4703	West Greece	GR
Ghelinţa	45.9500	26.2333	4702	Covasna County	RO
Voskevaz	40.2751	44.3001	4701	Aragatsotn	AM
Kremastí	36.4098	28.1192	4700	South Aegean	GR
Biruinţa	47.8135	28.0700	4700	Sîngerei	MD
Nyzhni Sirohozy	46.8458	34.3749	4700	Kherson	UA
Voskresenske	47.0133	32.1454	4696	Mykolaiv	UA
Dalarik	40.2265	43.8719	4695	Armavir	AM
Niculiţel	45.1833	28.4833	4690	Tulcea County	RO
Repedea	47.8333	24.4000	4688	Maramureş	RO
Köprübaşı	38.7497	28.4047	4688	Manisa	TR
Stănişeşti	46.4333	27.3000	4684	Bacău County	RO
Glodeanu-Sărat	44.8667	26.6500	4683	Buzău County	RO
Uspenskaya	45.7645	41.0670	4682	Krasnodar Krai	RU
Al Judayyidah	32.3354	35.3011	4681	West Bank	PS
Pui	45.5167	23.1000	4680	Hunedoara County	RO
Moeciu de Jos	45.4833	25.3167	4680	Brașov County	RO
Filipeşti	46.7500	26.8833	4678	Bacău County	RO
Lešnica	44.6525	19.3100	4678	Central Serbia	RS
Tahitótfalu	47.7516	19.0789	4677	Pest County	HU
Goicea	43.9167	23.6167	4676	Dolj	RO
Bunteşti	46.6167	22.4667	4676	Bihor County	RO
Kulary	43.2397	45.5042	4673	Chechnya	RU
Sartmahmut	38.4974	28.0424	4673	Manisa	TR
Troizína	37.4973	23.3630	4668	Attica	GR
Ðurđevo	45.3259	20.0653	4668	Vojvodina	RS
Hradenytsi	46.5969	30.0024	4668	Odesa	UA
Osypenko	46.9132	36.8222	4667	Zaporizhzhia	UA
Skoútari	41.0187	23.5197	4666	Central Macedonia	GR
Horgeşti	46.4333	27.0667	4665	Bacău County	RO
Traian	46.6333	27.0333	4662	Bacău County	RO
Gornje Živinice	44.4292	18.6167	4661	Federation of B&H	BA
Limanu	43.8000	28.5333	4661	Constanța County	RO
Iara	46.5500	23.5167	4660	Cluj County	RO
Măgura	45.2667	26.5833	4657	Buzău County	RO
Jakovo	44.7537	20.2601	4656	Central Serbia	RS
Terpinnia	46.9763	35.4221	4656	Zaporizhzhia	UA
Călineşti-Oaş	47.9000	23.3000	4654	Satu Mare County	RO
Vatra Moldoviţei	47.6500	25.5667	4653	Suceava	RO
Turburea	44.7167	23.5167	4652	Gorj County	RO
Soldatskaya	43.8181	43.8158	4651	Kabardino-Balkariya Republic	RU
Dorna Cândrenilor	47.3500	25.2500	4650	Suceava	RO
İsabeyli	37.9015	28.2647	4649	Aydın	TR
Icuseşti	46.8000	26.9333	4648	Neamț County	RO
Taşağıl	36.9212	31.2362	4645	Antalya	TR
Podenii Noi	45.1167	26.1667	4644	Prahova	RO
Zalafa	32.5511	35.1865	4639	Haifa	IL
Havutlu	36.9248	35.3567	4639	Adana	TR
Rebrişoara	47.2833	24.4500	4637	Bistrița-Năsăud County	RO
Frătăuţii Vechi	47.9000	25.8833	4635	Suceava	RO
Geghashen	40.2275	44.7246	4634	Kotayk	AM
Sânzieni	46.0500	26.1333	4634	Covasna County	RO
Iveşti	46.1833	27.5333	4631	Vaslui County	RO
Evren	40.2453	39.1754	4631	Gümüşhane Province	TR
Rona de Sus	47.9000	24.0500	4630	Maramureş	RO
Nagymaros	47.7928	18.9598	4629	Pest County	HU
Kalochóri	40.6419	22.8573	4626	Central Macedonia	GR
Mica	46.3667	24.4167	4626	Mureș County	RO
Brădeşti	44.4833	23.6333	4625	Dolj	RO
Garoafa	45.7833	27.2000	4624	Vrancea	RO
Koghb	41.1818	44.9761	4621	Tavush	AM
Tószeg	47.1000	20.1500	4621	Jász-Nagykun-Szolnok	HU
Filippiáda	39.2047	20.8822	4619	Epirus	GR
Novogagatli	43.4568	46.4817	4619	Dagestan	RU
Saraváli	38.1904	21.7624	4618	West Greece	GR
Manasia	44.7000	26.6667	4617	Ialomița County	RO
Spanţov	44.1167	26.7833	4616	Călărași County	RO
Brăduţ	46.1333	25.6167	4616	Covasna County	RO
Orël-Izumrud	43.4601	39.9238	4614	Krasnodar Krai	RU
Finta Mare	44.8000	25.8000	4613	Dâmbovița County	RO
Măneşti	44.9667	25.2833	4612	Dâmbovița County	RO
Sapareva Banya	42.2892	23.2631	4610	Kyustendil	BG
Ispravnaya	44.0682	41.6102	4606	Karachayevo-Cherkesiya Republic	RU
Till	32.2007	35.2129	4605	West Bank	PS
Buciumeni	45.1500	25.4500	4604	Dâmbovița County	RO
Shahbuz	39.4072	45.5739	4600	Nakhchivan	AZ
Supuru de Jos	47.4667	22.8000	4598	Satu Mare County	RO
Eforie Nord	44.0653	28.6321	4598	Constanța County	RO
Români	46.7833	26.6833	4597	Neamț County	RO
Himarë	40.1017	19.7447	4596	Vlorë County	AL
Qedumim	32.2121	35.1575	4596	West Bank	PS
Prundeni	44.7333	24.2667	4596	Vâlcea County	RO
Luizi-Călugăra	46.5333	26.8333	4596	Bacău County	RO
Buialyk	46.9106	30.7203	4595	Odesa	UA
Karakert	40.2445	43.8223	4594	Armavir	AM
Gurbuki	42.6113	47.6007	4592	Dagestan	RU
Feke	37.8145	35.9123	4592	Adana	TR
Orlea	43.7500	24.3833	4591	Olt	RO
Babadağ	37.8076	28.8566	4587	Denizli	TR
Satchinez	45.9375	21.0406	4586	Timiș County	RO
Katlabuh	45.5817	28.9818	4586	Odesa	UA
Malishka	39.7379	45.3906	4585	Vayots Dzor	AM
Glodeanu-Siliştea	44.8333	26.8000	4585	Buzău County	RO
Ruski Krstur	45.5639	19.4200	4585	Vojvodina	RS
Curtişoara	44.5000	24.3333	4583	Olt	RO
Myasnikyan	40.1805	43.9195	4582	Armavir	AM
Titeşti	45.0167	25.0000	4581	Arges	RO
Bala	44.8839	22.8333	4580	Mehedinți County	RO
Dachnoye	43.0847	44.7358	4579	North Ossetia–Alania	RU
Boloteşti	45.8333	27.0667	4578	Vrancea	RO
Suluca	36.9781	35.5753	4578	Adana	TR
Küçükkumla	40.4705	29.1015	4578	Bursa Province	TR
Bratsigovo	42.0239	24.3756	4577	Pazardzhik	BG
Manaskent	42.7402	47.6914	4577	Dagestan	RU
Plasnica	41.4679	21.1227	4574	Plasnica	MK
Tínos	37.5375	25.1634	4573	South Aegean	GR
Vânători	44.2428	22.9289	4570	Mehedinți County	RO
Ukromnoye	45.0427	34.0031	4567	Crimea	UA
Baia de Arieş	46.3805	23.2812	4566	Alba County	RO
Cibakháza	46.9598	20.1975	4565	Jász-Nagykun-Szolnok	HU
Bagdadi	41.8167	46.0333	4564		GE
Suvorovo	43.3306	27.5991	4563	Varna	BG
Skýdra	40.7672	22.1519	4562	Central Macedonia	GR
Băile Olăneşti	45.2000	24.2333	4562	Vâlcea County	RO
Fărtăţeşti	44.7833	24.0000	4561	Vâlcea County	RO
Noyemberyan	41.1732	44.9985	4560	Tavush	AM
Selim	40.4577	42.7829	4557	Kars Province	TR
Aba	47.0291	18.5217	4551	Fejér	HU
Comarna	47.0500	27.7833	4551	Iași County	RO
Tsovinar	40.1596	45.4679	4550	Gegharkunik	AM
Tomşani	44.9500	26.2833	4550	Prahova	RO
Mogoşani	44.6833	25.4000	4549	Dâmbovița County	RO
Güçlükonak	37.4696	41.9059	4549	Şırnak	TR
Myurego	42.4109	47.6930	4548	Dagestan	RU
Tsibanobalka	44.9803	37.3438	4548	Krasnodar Krai	RU
Aygavan	39.8733	44.6698	4547	Ararat	AM
Zmajevo	45.4541	19.6905	4547	Vojvodina	RS
Strelcha	42.5000	24.3167	4545	Pazardzhik	BG
Poroschia	43.9333	25.3667	4544	Teleorman County	RO
Alliste	39.9480	18.0897	4543	Apulia	IT
Talin	40.3917	43.8779	4541	Aragatsotn	AM
Seregélyes	47.1105	18.5650	4539	Fejér	HU
Zāvosht	37.3667	46.0753	4539	East Azerbaijan	IR
Khatukay	45.1907	39.6632	4538	Adygeya Republic	RU
Simontornya	46.7546	18.5549	4536	Tolna County	HU
Vágia	38.3175	23.1775	4535	Central Greece	GR
Zey	37.7865	38.2437	4535	Adıyaman Province	TR
Zey	37.8079	38.2495	4535	Adıyaman Province	TR
Stoeneşti	45.2500	25.1667	4534	Arges	RO
Cepleniţa	47.3833	27.0167	4533	Iași County	RO
Bivolari	47.5333	27.4333	4530	Iași County	RO
Dve Mogili	43.5926	25.8749	4526	Ruse	BG
Zătreni	44.7667	23.8500	4524	Vâlcea County	RO
Parkovyy	45.8331	40.1456	4524	Krasnodar Krai	RU
Ciolpani	44.7333	26.0833	4523	Ilfov	RO
Kossuth Ferenc-telep	47.4065	19.1762	4522	Budapest	HU
Ipoteşti	47.6167	26.2833	4521	Suceava	RO
Dumlupınar	40.1230	32.9435	4518	Ankara	TR
Foglaş	47.2500	22.5333	4517	Bihor County	RO
Agapia	47.1667	26.2833	4517	Neamț County	RO
Voila	45.8184	24.8422	4513	Brașov County	RO
Olenivka	47.8272	37.6598	4513	Donetsk	UA
Golubinci	44.9853	20.0634	4510	Vojvodina	RS
Vlasenica	44.1818	18.9410	4508	Srpska	BA
Strunga	47.1667	26.9833	4508	Iași County	RO
Sápes	41.0286	25.6931	4506	East Macedonia and Thrace	GR
Yuzhnyy	45.0025	40.4747	4504	Krasnodar Krai	RU
Şicula	46.4333	21.7500	4503	Arad County	RO
Albeşti	45.3096	25.0078	4503	Arges	RO
Andrieşeni	47.5333	27.2833	4501	Iași County	RO
Sozopol	42.4180	27.6956	4500	Burgas	BG
Halba	34.5428	36.0797	4500	Akkar	LB
Göcek	36.7535	28.9457	4500	Muğla	TR
Verin Getashen	40.1307	45.2529	4498	Gegharkunik	AM
Vlădeni	47.4167	27.3333	4498	Iași County	RO
Bragadiru	43.7667	25.5167	4498	Teleorman County	RO
Banloc	45.3874	21.1358	4497	Timiș County	RO
Líndos	36.0910	28.0857	4496	South Aegean	GR
Ilaskhan-Yurt	43.2791	46.1023	4496	Chechnya	RU
Alunu	45.0167	23.8167	4495	Vâlcea County	RO
Ulieşti	44.5833	25.4167	4494	Dâmbovița County	RO
Tinca	46.7753	21.9330	4494	Bihor County	RO
Ozun	45.8000	25.8500	4493	Covasna County	RO
Szabadbattyán	47.1190	18.3682	4492	Fejér	HU
Tríkomo	35.2863	33.8917	4490	Ammochostos	CY
Vorniceni	47.9833	26.6667	4490	Botoșani County	RO
Poiana Crăcăoani	47.0667	26.3167	4490	Neamț County	RO
Korinós	40.3166	22.5882	4488	Central Macedonia	GR
Zavetnyy	44.9316	41.1373	4486	Krasnodar Krai	RU
Nojorid	46.9833	21.8833	4484	Bihor County	RO
Dumitra	47.2167	24.4833	4482	Bistrița-Năsăud County	RO
Kaymakçı	38.1678	28.1153	4478	İzmir Province	TR
Măgireşti	46.5167	26.5500	4477	Bacău County	RO
Yenibağarası	38.6616	26.8429	4477	İzmir Province	TR
Ţinteşti	45.0667	26.8667	4475	Buzău County	RO
Krym	47.3041	39.5159	4475	Rostov	RU
Ağlasun	37.6494	30.5342	4469	Burdur	TR
Ebes	47.4667	21.5000	4468	Hajdú-Bihar	HU
Mărăcineni	44.9000	24.8833	4468	Arges	RO
Doboz	46.7333	21.2500	4466	Bekes County	HU
Somova	45.1833	28.6667	4463	Tulcea County	RO
Novolakskoye	43.1206	46.4828	4463	Dagestan	RU
Ārūq	37.1372	46.1460	4462	East Azerbaijan	IR
Hoçisht	40.6083	20.9142	4461	Korçë County	AL
Şag	45.6486	21.1756	4461	Timiș County	RO
Yavne’el	32.7060	35.5041	4460	Northern District	IL
San Donato di Lecce	40.2673	18.1826	4458	Apulia	IT
Mobārakābād	37.1816	46.0581	4456	East Azerbaijan	IR
Adjudeni	47.0141	26.9490	4456	Neamț County	RO
Dăneşti	46.5167	25.7500	4455	Harghita County	RO
Băţanii Mari	46.0833	25.6833	4454	Covasna County	RO
Ponich’ala	41.6368	44.9162	4452	Tbilisi	GE
Sasallı	38.4951	26.9508	4452	İzmir Province	TR
Mat’ani	42.0780	45.1956	4451	Kakheti	GE
Demir Kapija	41.4063	22.2431	4451	Demir Kapija	MK
Tarskoye	42.9661	44.7754	4449	North Ossetia–Alania	RU
Komsomol’skoye	45.0190	34.0305	4447	Crimea	UA
Ustikolina	43.5834	18.7911	4446	Federation of B&H	BA
Aladağ	37.5485	35.3960	4445	Adana	TR
Sotíra	34.7119	32.8634	4444	Limassol	CY
Sulina	45.1556	29.6540	4443	Tulcea County	RO
Fadd	46.4648	18.8193	4442	Tolna County	HU
Usisha	42.2511	47.3928	4442	Dagestan	RU
Ol’ginskaya	45.9461	38.5486	4441	Krasnodar Krai	RU
Kord Kandī	37.9567	46.9558	4439	East Azerbaijan	IR
Rugineşti	46.0667	27.1167	4438	Vrancea	RO
Cacica	47.6333	25.9000	4438	Suceava	RO
Bâra	47.0333	27.0500	4436	Neamț County	RO
Lakitelek	46.8760	19.9950	4435	Bács-Kiskun	HU
Al Mazra‘ah ash Sharqīyah	32.0002	35.2815	4435	West Bank	PS
Runcu	45.1833	25.3833	4435	Dâmbovița County	RO
Dumbrăviţa	45.7667	25.4333	4435	Brașov County	RO
Pleașa	45.0058	26.0721	4434	Prahova	RO
Ibăneşti	46.7667	24.9333	4434	Mureș County	RO
Săvădisla	46.6833	23.4500	4433	Cluj County	RO
Braniştea	44.6833	25.5833	4430	Dâmbovița County	RO
Melineşti	44.5667	23.7167	4429	Dolj	RO
Nalbandyan	40.0639	43.9889	4428	Armavir	AM
Ciumani	46.6833	25.5167	4428	Harghita County	RO
Gurahonţ	46.2667	22.3500	4427	Arad County	RO
Agárd	47.1908	18.5936	4426	Fejér	HU
Şona	46.2167	24.0167	4425	Alba County	RO
Eflani	41.4229	32.9576	4425	Karabük Province	TR
Stupari	44.3138	18.6842	4424		BA
Căpleni	47.7167	22.5000	4424	Satu Mare County	RO
Miatli	43.0817	46.8286	4424	Dagestan	RU
Heybeliada	40.8759	29.0894	4424	Istanbul	TR
Boykivske	47.4099	38.0248	4423	Donetsk	UA
Vynohradove	46.3687	32.9384	4422	Kherson	UA
Dumbrăviţa	47.6000	23.6500	4420	Maramureş	RO
Stepnohirsk	47.5902	35.3640	4420	Zaporizhzhia	UA
Ciumeghiu	46.7333	21.5833	4419	Bihor County	RO
Debelets	43.0333	25.6167	4418	Veliko Tarnovo	BG
Novi Šeher	44.5103	18.0262	4416	Federation of B&H	BA
‘Aqrabā	33.1093	36.0072	4413	Daraa	SY
Zimandu Nou	46.2833	21.4000	4412	Arad County	RO
Csemő	47.1180	19.6909	4411	Pest County	HU
Liteni	47.5205	26.5283	4410	Suceava	RO
Ivanivka	46.7127	34.5498	4410	Kherson	UA
Gârbovi	44.7833	26.7667	4408	Ialomița County	RO
Rădăşeni	47.4667	26.2500	4404	Suceava	RO
Ţibucani	47.1000	26.5333	4403	Neamț County	RO
Lipovăţ	46.5667	27.7000	4403	Vaslui County	RO
Bârca	43.9667	23.6167	4403	Dolj	RO
Qafqafā	32.3485	35.9386	4402	Jerash	JO
Cornu de Sus	45.1667	25.7000	4402	Prahova	RO
Pravets	42.8916	23.9153	4400	Sofia	BG
Bocicoiu Mare	47.9632	24.0109	4400	Maramureş	RO
Ulmu	44.9500	27.3167	4397	Brăila County	RO
Mărunţei	44.2000	24.4667	4397	Olt	RO
Pătulele	44.3453	22.7728	4395	Mehedinți County	RO
Dumbrava	44.8833	26.1833	4394	Prahova	RO
Ciucea	46.9500	22.8167	4393	Cluj County	RO
Mogila	41.1081	21.3790	4392	Mogila	MK
Zăbrani	46.0667	21.5500	4392	Arad County	RO
Aşağı Erhacı	39.8856	44.0838	4392	Iğdır	TR
Solca	47.7000	25.8500	4391	Suceava	RO
Siliştea	44.3833	25.3500	4391	Teleorman County	RO
Merişani	44.9682	24.7433	4390	Arges	RO
Shahumyan	39.9417	44.5723	4387	Ararat	AM
Szegvár	46.5874	20.2241	4385	Csongrád	HU
Lopătari	45.4833	26.5833	4385	Buzău County	RO
Keramotí	40.8559	24.7060	4381	East Macedonia and Thrace	GR
Corbi	45.2833	24.8000	4381	Arges	RO
Şimnicu de Sus	44.3833	23.8000	4380	Dolj	RO
Gömeç	39.3902	26.8413	4380	Balıkesir	TR
Ioneşti	44.8500	24.2333	4379	Vâlcea County	RO
Dány	47.5200	19.5440	4378	Pest County	HU
Uivar	45.6581	20.9058	4378	Timiș County	RO
Ciorteşti	46.9000	27.8333	4378	Iași County	RO
Tăuteu	47.2667	22.3333	4377	Bihor County	RO
Balakhonovskoye	44.7767	41.7842	4377	Stavropol Kray	RU
Kóka	47.4855	19.5788	4376	Pest County	HU
Secuieni	46.6500	27.1000	4375	Bacău County	RO
Iancu Jianu	44.5000	24.0333	4375	Olt	RO
Seben	40.4113	31.5736	4375	Bolu	TR
Bubq	41.4742	19.6517	4374	Durrës County	AL
Topliceni	45.4167	27.0000	4374	Buzău County	RO
Dorneşti	47.8717	26.0043	4371	Suceava	RO
Lupeni	46.3833	25.2167	4370	Harghita County	RO
Strátos	38.6673	21.3153	4369	West Greece	GR
Kuklis	41.4053	22.6653	4368	Strumica	MK
Salva	47.3000	24.3500	4368	Bistrița-Năsăud County	RO
Glodeni	45.0167	25.4667	4367	Dâmbovița County	RO
Rumenka	45.2940	19.7431	4367	Vojvodina	RS
Oranzherei	45.8476	47.5663	4367	Astrakhan Oblast	RU
Vetiş	47.8000	22.7667	4365	Satu Mare County	RO
Zevgolateió	37.9333	22.8000	4363	Peloponnese	GR
Bălileşti	45.0667	24.9333	4362	Arges	RO
Bozhurishte	42.7630	23.1973	4360	Sofia	BG
Eleftheroúpolis	40.9139	24.2514	4360	East Macedonia and Thrace	GR
Urukh	43.2933	44.0265	4360	Kabardino-Balkariya Republic	RU
Környe	47.5467	18.3208	4359	Komárom-Esztergom	HU
Kveda Chkhorots’q’u	42.4916	42.1109	4357	Samegrelo and Zemo Svaneti	GE
Tsovagyugh	40.6335	44.9611	4356	Gegharkunik	AM
Teșila	45.3035	25.7232	4356	Prahova	RO
Bereşti-Sat	46.1000	27.8833	4352	Galați County	RO
Yeniköy	40.5357	29.3536	4352	Bursa Province	TR
Priboj	44.6023	18.9317	4351	Srpska	BA
Iclod	46.9833	23.8000	4351	Cluj County	RO
Kırklar Mahallesi	38.7550	42.4328	4351	Bitlis	TR
Sződliget	47.7326	19.1475	4350	Pest County	HU
Specchia	39.9391	18.2978	4348	Apulia	IT
Ocniţa	44.9833	25.5500	4348	Dâmbovița County	RO
Nucet	44.7833	25.5500	4348	Dâmbovița County	RO
Krynychne	45.5376	28.6662	4348	Odesa	UA
Schitu-Duca	47.0333	27.7667	4347	Iași County	RO
Ianca	43.7833	24.1833	4347	Olt	RO
Földes	47.3000	21.3667	4345	Hajdú-Bihar	HU
Prundu Bârgăului	47.2197	24.7412	4345	Bistrița-Năsăud County	RO
Mália	35.2837	25.4626	4343	Crete	GR
Sânmihaiu Român	45.7044	21.0889	4343	Timiș County	RO
Vojka	44.9371	20.1524	4343	Vojvodina	RS
Stjepan-Polje	44.7163	18.2578	4341	Federation of B&H	BA
Istiaía	38.9552	23.1521	4339	Central Greece	GR
Mebusevleri	39.9333	32.8333	4338	Ankara	TR
Rumelifeneri	41.2334	29.1107	4337	Istanbul	TR
Mehadia	44.9008	22.3669	4336	Caraș-Severin County	RO
Cojocna	46.7500	23.8333	4336	Cluj County	RO
Erzsébettelep	47.4598	19.1830	4335	Budapest	HU
Byurakan	40.3389	44.2728	4334	Aragatsotn	AM
Lechinkay	43.5647	43.4328	4334	Kabardino-Balkariya Republic	RU
Răchiţi	47.7667	26.6833	4333	Botoșani County	RO
Vouliagméni	37.8142	23.7789	4332	Attica	GR
Tiha Bârgăului	47.2333	24.7667	4332	Bistrița-Năsăud County	RO
Florești	44.5131	25.6966	4332	Giurgiu County	RO
Kanelovskaya	46.5896	39.1944	4332	Krasnodar Krai	RU
Zaozerne	45.1582	33.2787	4332	Crimea	UA
Kétegyháza	46.5333	21.1833	4331	Bekes County	HU
Curteşti	47.7167	26.6500	4331	Botoșani County	RO
Dragomireşti-Vale	44.4750	25.9350	4330	Ilfov	RO
Bistra	47.8667	24.2000	4330	Maramureş	RO
Iskar	43.4596	24.2574	4329	Pleven	BG
Baia de Fier	45.1667	23.7667	4328	Gorj County	RO
Mednogorskiy	43.9178	41.1825	4328	Karachayevo-Cherkesiya Republic	RU
Kishpek	43.6550	43.6408	4327	Kabardino-Balkariya Republic	RU
Mârzăneşti	43.9333	25.4667	4326	Teleorman County	RO
Mironeasa	46.9667	27.4167	4324	Iași County	RO
Frata	46.7000	24.0500	4323	Cluj County	RO
Hărman	45.7167	25.6833	4321	Brașov County	RO
Kumane	45.5395	20.2290	4321	Vojvodina	RS
Neápoli	35.2563	25.6042	4320	Crete	GR
Poliçan	40.6122	20.0981	4318	Berat County	AL
Utkonosivka	45.4952	28.9595	4318	Odesa	UA
Quşrah	32.0854	35.3300	4316	West Bank	PS
Stoileşti	44.9000	24.3833	4316	Vâlcea County	RO
Krasyukovskaya	47.5522	40.1088	4316	Rostov	RU
Calvini	45.2500	26.3000	4315	Buzău County	RO
Belozërnyy	45.0675	38.7253	4315	Krasnodar Krai	RU
Baherove	45.3742	36.2970	4315	Crimea	UA
Oinófyta	38.3116	23.6400	4314	Central Greece	GR
Vyshestebliyevskaya	45.1961	37.0181	4312	Krasnodar Krai	RU
Okurcalar	36.6488	31.7039	4312	Antalya	TR
Astghadzor	40.1223	45.3555	4311	Gegharkunik	AM
Kfar Tavor	32.6877	35.4200	4311	Northern District	IL
Benab-e Marand	38.4283	45.9071	4311	East Azerbaijan	IR
Vadu Crişului	46.9833	22.5167	4311	Bihor County	RO
Kumysh	43.8833	41.8932	4306	Karachayevo-Cherkesiya Republic	RU
Victoria	47.2833	27.5833	4305	Iași County	RO
Achajur	40.9878	45.1495	4304	Tavush	AM
Sladna	44.7290	18.4258	4304	Federation of B&H	BA
Moara Carp	47.5667	26.2333	4304	Suceava	RO
Lchashen	40.5195	44.9305	4301	Gegharkunik	AM
Şaru Dornei	47.2833	25.3500	4301	Suceava	RO
Arshaluys	40.1695	44.2139	4300	Armavir	AM
Pekmezli	36.7536	39.4500	4300	Şanlıurfa	TR
Kengyel	47.0833	20.3333	4299	Jász-Nagykun-Szolnok	HU
Crăciunelu de Jos	46.1730	23.8330	4297	Alba County	RO
Cuza Vodă	44.2667	27.2667	4296	Călărași County	RO
Brusturi	47.1500	22.2500	4295	Bihor County	RO
Umm Qays	32.6535	35.6846	4294	Irbid	JO
Orizari	41.9226	22.4463	4292	Grad Skopje	MK
Torak	45.5093	20.6090	4289	Vojvodina	RS
Aninoasa	44.7500	23.4833	4288	Gorj County	RO
Sănduleni	46.4500	26.7333	4287	Bacău County	RO
Ciceu-Giurgeşti	47.2500	24.0167	4285	Bistrița-Năsăud County	RO
Voykovo	45.3833	36.4374	4284	Crimea	UA
Ţigănaşi	47.3333	27.4667	4283	Iași County	RO
Pătrăuţi	47.7167	26.2000	4283	Suceava	RO
Fălcoiu	44.2333	24.3667	4283	Olt	RO
Crăciuneşti	46.4793	24.5823	4283	Mureș County	RO
Perlez	45.2081	20.3820	4283	Vojvodina	RS
Deste	38.8837	45.9096	4282	Nakhchivan	AZ
Kacha	44.7764	33.5439	4282	Sevastopol City	UA
Alei Zahav	32.0721	35.0633	4280	West Bank	PS
Gýtheio	36.7550	22.5642	4279	Peloponnese	GR
Cerna	45.0833	28.3167	4279	Tulcea County	RO
Paraul	42.7419	47.3553	4278	Dagestan	RU
Traganón	37.8979	21.3124	4276	Peloponnese	GR
Tragano	37.6721	21.4150	4276	West Greece	GR
Alíartos	38.3667	23.1000	4275	Central Greece	GR
Aigínio	40.5014	22.5400	4275	Central Macedonia	GR
Kafyr-Kumukh	42.8375	47.1541	4274	Dagestan	RU
Cristeşti	47.2667	26.5667	4273	Iași County	RO
Sânmartin	46.2667	25.9333	4272	Harghita County	RO
Pânceşti	46.3333	27.0833	4272	Bacău County	RO
Tokod	47.7228	18.6589	4271	Komárom-Esztergom	HU
Sājūr	32.9428	35.3416	4270	Northern District	IL
Tichileşti	45.1167	27.9000	4270	Brăila County	RO
Moşniţa Nouă	45.7172	21.3253	4268	Timiș County	RO
Moşoaia	44.8167	24.7667	4267	Arges	RO
Baktalórántháza	48.0000	22.0833	4265	Szabolcs-Szatmár-Bereg	HU
Sineşti	47.1167	27.1833	4264	Iași County	RO
Xarrë	39.7283	20.0544	4263	Vlorë County	AL
Mushavan	40.1458	44.5664	4263	Yerevan	AM
Deda	46.9333	24.9000	4263	Mureș County	RO
Inárcs	47.2620	19.3270	4262	Pest County	HU
Plătăreşti	44.3500	26.3667	4260	Călărași County	RO
Ajīrlū	39.6210	47.9184	4259	Ardabil Province	IR
Păuleşti	47.7833	22.9167	4258	Satu Mare County	RO
Sarata	46.0206	29.6644	4257	Odesa	UA
Ruşeţu	44.9500	27.2167	4254	Buzău County	RO
Roshni-Chu	43.0895	45.4543	4253	Chechnya	RU
Brylivka	46.4203	33.1411	4252	Kherson	UA
Mende	47.4313	19.4563	4250	Pest County	HU
Giroc	45.6942	21.2358	4250	Timiș County	RO
Borgustanskaya	44.0547	42.5288	4250	Stavropol Kray	RU
Livezile	47.1833	24.5667	4248	Bistrița-Năsăud County	RO
Kanakeravan	40.2474	44.5351	4247	Kotayk	AM
Akráta	38.1547	22.3183	4247	West Greece	GR
Ceanu Mare	46.6667	23.9500	4247	Cluj County	RO
Scânteia	46.9167	27.5667	4245	Iași County	RO
Sharafkhāneh	38.1771	45.4881	4244	East Azerbaijan	IR
Scrioaştea	44.1500	24.9500	4244	Teleorman County	RO
Vedea	44.7833	24.6167	4243	Arges	RO
Buzescu	44.0167	25.2333	4243	Teleorman County	RO
Hovtashat	40.0973	44.3445	4242	Ararat	AM
Domaszék	46.2492	20.0111	4242	Csongrád	HU
Moftinu Mare	47.6762	22.6560	4242	Satu Mare County	RO
Syvaske	46.3850	34.5468	4242	Kherson	UA
Agía Varvára	35.1371	25.0013	4241	Crete	GR
Găneasa	44.4833	26.2833	4240	Ilfov	RO
Vaţa de Jos	46.1833	22.6000	4239	Hunedoara County	RO
Mystrás	37.0685	22.3722	4238	Peloponnese	GR
Biharkeresztes	47.1333	21.7167	4237	Hajdú-Bihar	HU
Rutul	41.5344	47.4240	4237	Dagestan	RU
Kíssamos	35.4946	23.6537	4236	Crete	GR
Ljubinje	42.9512	18.0870	4235	Srpska	BA
Baba Ana	44.9667	26.4500	4234	Prahova	RO
Kurdzhinovo	43.9884	40.9552	4234	Karachayevo-Cherkesiya Republic	RU
Novi Troyany	45.9430	28.8595	4234	Odesa	UA
Hamur	39.6056	42.9850	4233	Ağrı	TR
Crişcior	46.1167	22.8667	4232	Hunedoara County	RO
Smyadovo	43.0667	27.0167	4231	Shumen	BG
Susuz	40.7791	43.1277	4230	Kars Province	TR
Poporogi	44.3667	25.1833	4228	Teleorman County	RO
Ormýlia	40.2945	23.5433	4227	Central Macedonia	GR
Cerăt	44.0667	23.6667	4226	Dolj	RO
Bārūq	36.9583	46.3249	4225	West Azerbaijan	IR
Umm al Qiţţayn	32.3145	36.6283	4225	Mafraq	JO
Unirea	44.1500	23.1833	4225	Dolj	RO
Brîtel	33.9342	36.1494	4224	Baalbek-Hermel Governorate	LB
Aleksandriya	45.0947	43.2456	4223	Stavropol Kray	RU
Ikon-Khalk	44.3051	41.9142	4220	Karachayevo-Cherkesiya Republic	RU
Pilisszentiván	47.6096	18.8994	4218	Pest County	HU
Kafr Thulth	32.1533	35.0470	4218	West Bank	PS
Cenad	46.1333	20.5833	4218	Timiș County	RO
Borzoy	42.8415	45.6275	4218	Chechnya	RU
Muṣmuṣ	32.5453	35.1551	4215	Haifa	IL
Urozhaynoye	44.7883	44.9228	4215	Stavropol Kray	RU
Bicazu Ardelean	46.8500	25.9333	4212	Neamț County	RO
Decs	46.2843	18.7600	4210	Tolna County	HU
Myrnyi	45.3079	33.0350	4209	Crimea	UA
Zăpodeni	46.7500	27.6500	4207	Vaslui County	RO
Teregova	45.1500	22.2833	4207	Caraș-Severin County	RO
Han Pijesak	44.0816	18.9526	4206	Srpska	BA
Qirnādah	32.7317	21.9035	4206	Al Jabal al Akhdar	LY
Zăvoi	45.5167	22.4167	4205	Caraș-Severin County	RO
Peredovaya	44.1172	41.4756	4204	Krasnodar Krai	RU
Nereju	45.7167	26.7167	4202	Vrancea	RO
Dunavecse	46.9148	18.9713	4201	Bács-Kiskun	HU
Vizantea-Mânăstirească	45.9833	26.7833	4201	Vrancea	RO
Remetea	46.5743	24.5136	4201	Mureș County	RO
Malesína	38.6223	23.2337	4200	Central Greece	GR
Crasnoe	46.6430	29.8230	4200	Transnistria	MD
Şendriceni	47.9517	26.3282	4200	Botoșani County	RO
Vaideeni	45.1667	23.9333	4198	Vâlcea County	RO
Românești	44.5667	25.6167	4198	Dâmbovița County	RO
Odzun	41.0532	44.6134	4196	Lori	AM
Shipol	42.8636	20.8489	4195	Mitrovica	XK
Ventsy	45.3764	40.8358	4193	Krasnodar Krai	RU
Ormidhia	34.9918	33.7772	4189	Larnaka	CY
Szatymaz	46.3431	20.0402	4187	Csongrád	HU
Peştişani	45.0667	23.0333	4187	Gorj County	RO
Ştefăneştii de Jos	44.5333	26.2000	4183	Ilfov	RO
Băiţa	46.0333	22.9000	4183	Hunedoara County	RO
Beshpagir	45.0217	42.3808	4183	Stavropol Kray	RU
Kokrek	43.2364	46.7266	4181	Dagestan	RU
Abádszalók	47.4667	20.6000	4180	Jász-Nagykun-Szolnok	HU
Pufeşti	46.0000	27.2000	4179	Vrancea	RO
Mușătești	45.2165	24.7794	4176	Arges	RO
Bucovăţ	44.3000	23.7500	4175	Dolj	RO
Vădeni	45.3667	27.9333	4173	Brăila County	RO
Dnipryany	46.7485	33.2663	4172	Kherson	UA
Maykopskoye	45.3936	40.7658	4171	Krasnodar Krai	RU
Erétria	38.4010	23.8022	4166	Central Greece	GR
Perkáta	47.0470	18.7873	4166	Fejér	HU
Giubega	44.1274	23.4076	4166	Dolj	RO
Bāqah ash Sharqīyah	32.4103	35.0705	4165	West Bank	PS
Asopós	36.7299	22.8545	4164	Peloponnese	GR
Talakivka	47.1850	37.7212	4160	Donetsk	UA
Slobozia-Mândra	43.9167	24.7000	4159	Teleorman County	RO
Altınyayla	36.9972	29.5458	4158	Burdur	TR
Supersano	40.0166	18.2420	4156	Apulia	IT
Strâmtura	47.7833	24.1333	4156	Maramureş	RO
Dumbrăveni	45.5333	27.1167	4156	Vrancea	RO
Brastavățu	43.9063	24.4078	4156	Olt	RO
Belovo	42.2139	24.0173	4155	Pazardzhik	BG
Mereni	44.0500	28.3667	4155	Constanța County	RO
Berceni	44.3142	26.1856	4154	Ilfov	RO
Darda	45.6281	18.6997	4151	County of Osijek-Baranja	HR
Cocieri	47.3017	29.1176	4151	Dubăsari District	MD
Kuzguncuk	41.0333	29.0333	4151	Istanbul	TR
Zaḩar	32.5667	35.7781	4150	Irbid	JO
Balışeyh	39.9141	33.7233	4150	Kırıkkale	TR
Souflí	41.1919	26.2994	4149	East Macedonia and Thrace	GR
Blejeşti	44.3000	25.4667	4149	Teleorman County	RO
Konstantinovskaya	44.8353	40.7269	4149	Krasnodar Krai	RU
Çatkaya	41.2667	36.2347	4149	Samsun	TR
Rácalmás	47.0226	18.9406	4148	Fejér	HU
Tepetarla	41.1440	29.1466	4148	Istanbul	TR
Ocna Şugatag	47.7833	23.9333	4147	Maramureş	RO
Sakharna Holovka	44.5836	33.6438	4146	Sevastopol City	UA
Yasky	46.5097	30.0759	4145	Odesa	UA
Durneşti	47.7667	27.1000	4144	Botoșani County	RO
Popeşti	47.1500	27.2333	4143	Iași County	RO
Şānūr	32.3561	35.2454	4141	West Bank	PS
Orbeni	46.2833	27.0167	4140	Bacău County	RO
Kolympári	35.5412	23.7799	4139	Crete	GR
Ieud	47.6780	24.2340	4139	Maramureş	RO
Avine	37.5737	40.7325	4139	Mardin	TR
Evka-İki	38.5013	27.0876	4139	İzmir Province	TR
Keshāvarz	36.8362	46.3561	4138	West Azerbaijan	IR
Daryān	38.2162	45.6283	4138	East Azerbaijan	IR
Golubitskaya	45.3257	37.2702	4138	Krasnodar Krai	RU
Kostek	43.3439	46.8541	4137	Dagestan	RU
Fundu Moldovei	47.5333	25.4000	4135	Suceava	RO
Ásotthalom	46.1987	19.7833	4134	Csongrád	HU
Znamyanka	47.0167	30.2949	4134	Odesa	UA
Abasha	42.2045	42.2036	4133	Samegrelo and Zemo Svaneti	GE
Kiszombor	46.1833	20.4333	4131	Csongrád	HU
Aramus	40.2510	44.6635	4129	Kotayk	AM
Germenchik	43.5939	43.7661	4129	Kabardino-Balkariya Republic	RU
Corlăteni	47.9333	26.5500	4127	Botoșani County	RO
Barţa‘ah ash Sharqīyah	32.4730	35.0936	4126	West Bank	PS
Vânători	45.5333	28.0167	4126	Galați County	RO
Káto Mitroúsi	41.0585	23.4575	4125	Central Macedonia	GR
Sălcioara	44.7167	25.5833	4125	Dâmbovița County	RO
Dobri Dol	41.8652	20.8901	4124	Vrapchishte	MK
Tomşani	45.1167	24.0500	4123	Vâlcea County	RO
Plandište	45.2272	21.1217	4122	Vojvodina	RS
Târgu Bujor	45.8667	27.9000	4121	Galați County	RO
Mojkovac	42.9604	19.5833	4120	Mojkovac	ME
Petrești	45.9210	23.5608	4120	Alba County	RO
Enez	40.7247	26.0825	4119	Edirne	TR
Kresna	41.7333	23.1500	4117	Blagoevgrad	BG
Mezőkeresztes	47.8333	20.7000	4116	Borsod-Abaúj-Zemplén	HU
Uljma	45.0421	21.1539	4115	Vojvodina	RS
Berezanka	46.8516	31.3853	4114	Mykolaiv	UA
Bajram Curri	42.3573	20.0768	4113	Kukës County	AL
Trachóni	34.6576	32.9653	4113		CY
Старо Нагоричане	42.1981	21.8286	4112	Staro Nagorichane	MK
Zerqan	41.5022	20.3606	4111	Dibër County	AL
Sălard	47.2167	22.0500	4109	Bihor County	RO
Bozkurt	37.8242	29.6097	4109	Denizli	TR
Teremia Mare	45.9353	20.5250	4108	Timiș County	RO
Maltepe	38.4932	27.0706	4108	İzmir Province	TR
Batoş	46.8833	24.6667	4107	Mureș County	RO
Rosoman	41.5167	21.9459	4106	Rosoman	MK
Bărcăneşti	46.7167	26.5833	4105	Neamț County	RO
Taperakan	39.9251	44.5973	4104	Ararat	AM
Popeşti	44.7667	25.0667	4104	Arges	RO
Starodubskoye	44.5631	44.0153	4104	Stavropol Kray	RU
Békésszentandrás	46.8667	20.4833	4103	Bekes County	HU
Gómfoi	39.4641	21.6934	4097	Thessaly	GR
Kırka	39.2794	30.5264	4097	Eskişehir	TR
Jermuk	39.8395	45.6711	4095	Vayots Dzor	AM
Kozármisleny	46.0297	18.2921	4093	Baranya	HU
Botayurt	43.3186	46.6837	4093	Dagestan	RU
Satu Mare	47.8333	26.0167	4091	Suceava	RO
Otkaznoye	44.3264	43.8608	4090	Stavropol Kray	RU
Voinka	45.8699	33.9914	4089	Crimea	UA
Néa Magnisía	40.6878	22.8458	4088	Central Macedonia	GR
Shabāb	33.7480	46.6376	4088	Ilam Province	IR
Jariştea	45.7833	27.0667	4088	Vrancea	RO
Kanáli	39.6056	19.8925	4086	Ionian Islands	GR
Lukavica	44.7645	18.1689	4084	Federation of B&H	BA
Muqeibila	32.5142	35.2962	4081	Northern District	IL
Moara Vlăsiei	44.6409	26.2062	4080	Ilfov	RO
Dzhiginka	45.1330	37.3383	4079	Krasnodar Krai	RU
Koplik	42.2136	19.4364	4078	Shkodër County	AL
Buturugeni	44.3653	25.8353	4078	Giurgiu County	RO
Borod	46.9833	22.6333	4076	Bihor County	RO
Verkhnyaya Balkariya	43.1255	43.4569	4076	Kabardino-Balkariya Republic	RU
Sărmaş	46.8802	25.4546	4074	Harghita County	RO
Găneasa	44.4167	24.2833	4074	Olt	RO
Bag	47.6333	19.4833	4071	Pest County	HU
Rankovce	42.1696	22.1162	4071	Rankovce	MK
Delzhyler	45.8397	29.4872	4071	Odesa	UA
Castrignano De' Greci	40.1734	18.2964	4070	Apulia	IT
Aknada	42.4016	46.1723	4070	Dagestan	RU
Bodajk	47.3235	18.2331	4069	Fejér	HU
İkiköprü	37.9646	41.3312	4065	Batman	TR
Şimand	46.4333	21.4500	4064	Arad County	RO
Néa Raidestós	40.5245	23.0538	4061	Central Macedonia	GR
Miceşti	44.9500	24.8667	4061	Arges	RO
Dudeşti	44.8866	27.4346	4061	Brăila County	RO
Dīzaj Ḩoseyn Beyg	38.4669	45.6176	4060	East Azerbaijan	IR
Ostružnica	44.7277	20.3184	4060	Central Serbia	RS
Yalkhoy-Mokhk	43.1053	46.1904	4058	Chechnya	RU
Yağlıdere	40.5443	39.5276	4058	Gümüşhane Province	TR
Sarāb Ḩammām	33.1146	47.6934	4054	Lorestan Province	IR
Galicea	44.9167	24.2833	4054	Vâlcea County	RO
Braniştea	45.4500	27.8500	4052	Galați County	RO
Bălan	47.1560	23.3121	4050	Sălaj County	RO
Ingiri	42.4963	41.8122	4049	Samegrelo and Zemo Svaneti	GE
Străoane	45.9333	27.0500	4049	Vrancea	RO
Kostylivka	47.9933	24.2013	4049	Zakarpattia	UA
Deszk	46.2180	20.2432	4048	Csongrád	HU
Nyíracsád	47.6033	21.9721	4047	Hajdú-Bihar	HU
Sandata	46.2708	41.7583	4047	Rostov	RU
Keshmesh Tappeh	39.3400	44.4393	4046	West Azerbaijan	IR
Sireţel	47.4000	26.7333	4046	Iași County	RO
Hangu	47.0500	26.0333	4046	Neamț County	RO
Mogoşeşti-Siret	47.1333	26.7833	4044	Iași County	RO
Grushevskaya	47.4406	39.9511	4044	Rostov	RU
Pınardere	37.4720	40.8333	4044	Mardin	TR
Făurei	45.0833	27.2667	4043	Brăila County	RO
Orţişoara	45.9636	21.1983	4042	Timiș County	RO
Medgyesegyháza	46.5000	21.0333	4037	Bekes County	HU
Sulusaray	39.9939	36.0840	4037	Tokat Province	TR
Savyon	32.0497	34.8777	4036	Central District	IL
Păuliş	46.1167	21.5833	4036	Arad County	RO
Dolynske	47.5291	29.9289	4036	Odesa	UA
Schimatári	38.3500	23.5833	4035	Central Greece	GR
Vysokopillya	47.4893	33.5306	4035	Kherson	UA
Kulevcha	46.0332	29.9403	4032	Odesa	UA
Berzovia	45.4261	21.6281	4031	Caraș-Severin County	RO
Ceica	46.8500	22.1833	4028	Bihor County	RO
Pécsvárad	46.1603	18.4232	4024	Baranya	HU
Solnechnoye	43.2760	46.5070	4024	Dagestan	RU
Verin Artashat	39.9973	44.5889	4022	Ararat	AM
Amfilochía	38.8594	21.1664	4022	West Greece	GR
Prosotsáni	41.1833	23.9667	4021	East Macedonia and Thrace	GR
Ocna Sibiului	45.8833	24.0500	4021	Sibiu County	RO
Breznik	42.7409	22.9072	4020	Pernik	BG
Zelenikovo	41.8838	21.5896	4020	Zelenikovo	MK
Nicolae Bălcescu	47.5666	26.8963	4020	Botoșani County	RO
Krasnaya Polyana	43.6795	40.2040	4020	Krasnodar Krai	RU
Pocerski Pričinović	44.7222	19.7072	4018	Central Serbia	RS
Băceşti	46.8500	27.2333	4017	Vaslui County	RO
Adil’-Yangiyurt	43.5633	46.5846	4017	Dagestan	RU
Verpelét	47.8500	20.2333	4016	Heves County	HU
Përrenjas-Fshat	41.0667	20.5353	4015	Elbasan County	AL
Burtunay	42.9886	46.6303	4014	Dagestan	RU
Aleksandrovka	43.4937	43.6478	4014	Kabardino-Balkariya Republic	RU
Ağın	38.9438	38.7150	4014	Elazığ	TR
Hotonj	43.8934	18.3775	4013	Federation of B&H	BA
Cursi	40.1485	18.3161	4013	Apulia	IT
Jina	45.7833	23.6833	4013	Sibiu County	RO
Gălbinaşi	45.0833	26.9167	4013	Buzău County	RO
Abadzekhskaya	44.3939	40.2214	4010	Adygeya Republic	RU
Vyhoda	46.6166	30.4032	4010	Odesa	UA
Gornje Moštre	44.0191	18.1548	4009	Federation of B&H	BA
Gádoros	46.6667	20.6000	4008	Bekes County	HU
Kopanskaya	46.2787	38.4798	4008	Krasnodar Krai	RU
Urecheni	47.1667	26.5167	4007	Neamț County	RO
Motoşeni	46.3333	27.3833	4007	Bacău County	RO
Ineu	47.0833	22.1167	4007	Bihor County	RO
Câmpurile de Jos	46.0167	26.7833	4007	Vrancea	RO
Novi Banovci	44.9569	20.2808	4007	Vojvodina	RS
Troitskoye	43.7622	44.6842	4007	North Ossetia–Alania	RU
Kranídi	37.3797	23.1597	4006	Peloponnese	GR
Liopétri	35.0089	33.8926	4005	Ammochostos	CY
Bayır	37.2677	28.2168	4005	Muğla	TR
Timişeşti	47.2333	26.5500	4004	Neamț County	RO
Nyva Trudova	47.7309	33.6216	4004	Dnipropetrovsk	UA
Brezniţa Ocol	44.6667	22.6183	4002	Mehedinți County	RO
Spétses	37.2619	23.1594	4001	Attica	GR
Nagyvenyim	46.9576	18.8635	4000	Fejér	HU
Varniţa	46.8661	29.4664	4000	Anenii Noi	MD
Novyy Kostek	43.3353	46.8247	4000	Dagestan	RU
Novopavlivka	47.5756	34.4338	4000	Dnipropetrovsk	UA
Urecheşti	46.1333	27.0833	3999	Bacău County	RO
Ghioroc	46.1500	21.5833	3998	Arad County	RO
Hrushivka	47.5837	34.0152	3998	Dnipropetrovsk	UA
Irgakly	44.3611	44.7556	3997	Stavropol Kray	RU
Radomireşti	44.1167	24.6833	3995	Olt	RO
Mărgineni	46.9000	26.6333	3995	Neamț County	RO
Şenkaya	40.5565	42.3427	3995	Erzurum	TR
Tsar Kaloyan	43.6167	26.2500	3994	Razgrad	BG
Bezhta	42.1338	46.1283	3994	Dagestan	RU
Kol’chugino	44.9437	33.7886	3992	Crimea	UA
Szajol	47.1833	20.3000	3991	Jász-Nagykun-Szolnok	HU
Nezhinskiy	43.9283	42.6856	3991	Stavropol Kray	RU
Boljevci	44.7236	20.2235	3990	Central Serbia	RS
Sarız	38.4792	36.4990	3990	Kayseri	TR
Novoplatnirovskaya	46.1065	39.4191	3988	Krasnodar Krai	RU
Dobrinje	44.0501	18.1196	3987	Federation of B&H	BA
Loúros	39.1660	20.7561	3987	Epirus	GR
Fálanna	39.7199	22.3973	3987	Thessaly	GR
Sochós	40.8179	23.3555	3987	Central Macedonia	GR
Sükösd	46.2818	18.9952	3987	Bács-Kiskun	HU
Bich’vinta	43.1593	40.3398	3986	Abkhazia	GE
Gnojnica	44.6206	18.4468	3985	Federation of B&H	BA
Cernăteşti	45.2667	26.7667	3982	Buzău County	RO
Lumas	40.8182	19.9938	3981	Berat County	AL
Merdzavan	40.1814	44.4003	3981	Armavir	AM
Miercurea Sibiului	45.8833	23.8000	3981	Sibiu County	RO
Bogdăneşti	47.3667	26.2833	3981	Suceava	RO
Feketić	45.6643	19.6997	3980	Vojvodina	RS
Elifköy	37.3779	37.8810	3978	Gaziantep	TR
Şimian	47.4833	22.1000	3977	Bihor County	RO
Bahate	45.4072	28.9425	3977	Odesa	UA
Mitocu Dragomirnei	47.7333	26.2500	3976	Suceava	RO
Radens’k	46.5486	32.9279	3972	Kherson	UA
Ivaylovgrad	41.5267	26.1249	3969	Haskovo	BG
Kállósemjén	47.8608	21.9393	3968	Szabolcs-Szatmár-Bereg	HU
Valea Nucarilor	45.0333	28.9333	3968	Tulcea County	RO
Teişani	45.2333	25.9833	3968	Prahova	RO
Gherghiţa	44.8000	26.2667	3968	Prahova	RO
Ilia	45.9333	22.6500	3967	Hunedoara County	RO
Martvili	42.4143	42.3789	3966	Samegrelo and Zemo Svaneti	GE
Vaghashen	40.1361	45.3307	3964	Gegharkunik	AM
Călineşti	44.0833	25.2333	3964	Teleorman County	RO
Perieţi	44.4000	24.5500	3963	Olt	RO
Cernat	45.9500	26.0333	3963	Covasna County	RO
Balahovit	40.2515	44.6083	3962	Kotayk	AM
K’urdghelauri	41.9294	45.4881	3962	Kakheti	GE
Călăraşi	47.6063	27.2600	3962	Botoșani County	RO
Khirbat Abū Falāḩ	32.0168	35.3013	3961	West Bank	PS
Valea Mare	44.4667	24.4333	3961	Olt	RO
Smârdan	45.4833	27.9333	3961	Galați County	RO
Axente Sever	46.1000	24.2167	3960	Sibiu County	RO
Azovskaya	44.7908	38.6264	3960	Krasnodar Krai	RU
Sânpaul	46.4500	24.3500	3959	Mureș County	RO
Bucşani	44.3761	25.6553	3959	Giurgiu County	RO
Abana	41.9786	34.0110	3956	Kastamonu	TR
Işalniţa	44.4000	23.7333	3955	Dolj	RO
Khunzakh	42.5429	46.7060	3955	Dagestan	RU
Careva Ćuprija	44.2663	18.4296	3954		BA
Fundeni	45.5412	27.5406	3954	Galați County	RO
Gropa e Erenikut	42.5215	20.1686	3952		XK
Kalinovskoye	44.8635	42.9622	3951	Stavropol Kray	RU
Krynychne	47.9563	39.7384	3951	Luhansk	UA
Bobota	47.3833	22.7667	3950	Sălaj County	RO
Soğucak	37.7824	27.2971	3950	Aydın	TR
Cernişoara	45.0333	23.9833	3948	Vâlcea County	RO
Alucra	40.3202	38.7641	3945	Giresun	TR
Kanlıca	41.1002	29.0667	3943	Istanbul	TR
Victoria	44.8167	27.6167	3942	Brăila County	RO
Culciu Mic	47.7615	23.0338	3941	Satu Mare County	RO
Nyírábrány	47.5531	22.0240	3940	Hajdú-Bihar	HU
Mera	45.7667	26.9500	3938	Vrancea	RO
Castromediano	40.3280	18.1788	3937	Apulia	IT
Aydınlıkevler	38.4908	27.0801	3937	İzmir Province	TR
Ermióni	37.3849	23.2469	3936	Peloponnese	GR
Măgura	46.5667	26.8500	3936	Bacău County	RO
Iana	46.3833	27.5500	3936	Vaslui County	RO
Bărcăneşti	44.6333	26.6500	3936	Ialomița County	RO
Maşloc	45.9981	21.4497	3935	Timiș County	RO
Surduc	47.2500	23.3500	3934	Sălaj County	RO
Zavetnoye	44.7492	41.5995	3932	Stavropol Kray	RU
Lunca Banului	46.5950	28.1683	3931	Vaslui County	RO
Poiana	44.5667	25.6833	3930	Dâmbovița County	RO
Atamanskaya	46.1773	39.6358	3930	Krasnodar Krai	RU
Korzhevskiy	45.1941	37.7195	3927	Krasnodar Krai	RU
Arslanbey	40.6905	30.0306	3927	Kocaeli	TR
Rubanivka	46.9980	34.1701	3927	Kherson	UA
Iedera de Jos	45.0333	25.6333	3925	Dâmbovița County	RO
Bârnova	47.0667	27.6167	3925	Iași County	RO
Yayladere	39.2261	40.0695	3925	Bingöl	TR
Gümüşgöze	36.1478	36.1328	3925	Hatay	TR
Unirea	46.4039	23.8131	3924	Alba County	RO
Şelaru	44.4767	25.3000	3924	Dâmbovița County	RO
Oštra Luka	44.9972	18.5846	3923	Srpska	BA
Vynohradivka	45.6790	28.5757	3923	Odesa	UA
Bāyqūt	37.1562	46.0536	3920	East Azerbaijan	IR
Sakçagöz	37.1715	36.9163	3920	Gaziantep	TR
Çorovodë	40.5042	20.2272	3918	Berat County	AL
Mramor	44.5923	18.5646	3918	Federation of B&H	BA
Andros	37.8367	24.9367	3918	South Aegean	GR
Helvécia	46.8366	19.6225	3918	Bács-Kiskun	HU
Yeşilyurt	36.8925	36.5632	3918	Gaziantep	TR
Batak	41.9431	24.2183	3917	Pazardzhik	BG
Satu Nou Calopăr	44.1667	23.7667	3917	Dolj	RO
Valea Ursului	46.8167	27.0833	3916	Neamț County	RO
Sovkhoznyy	45.2946	38.1138	3916	Krasnodar Krai	RU
Kafr al Labad	32.2997	35.1095	3915	West Bank	PS
Ano Arhanes	35.2333	25.1667	3913	Crete	GR
Siğacık	38.1937	26.7858	3913	İzmir Province	TR
Moviliţa	45.9500	27.1000	3911	Vrancea	RO
Çevrik	40.8698	30.9571	3910	Düzce	TR
Čajniče	43.5571	19.0719	3909	Srpska	BA
Rasova	44.2462	27.9347	3909	Constanța County	RO
Khumalag	43.2403	44.4752	3906	North Ossetia–Alania	RU
Karamakhi	42.6193	47.2602	3904	Dagestan	RU
Sântandrei	47.0662	21.8535	3902	Bihor County	RO
Vasylivka	45.6433	28.8330	3902	Odesa	UA
Shabla	43.5398	28.5343	3901	Dobrich	BG
Tsalka	41.5982	44.0911	3900	Kvemo Kartli	GE
Petrítsi	37.0067	21.8366	3900	Peloponnese	GR
El Mazra‘a	32.9834	35.0984	3900	Northern District	IL
Karbinci	41.8177	22.2325	3900	Karbinci	MK
Ulmi	44.9000	25.5000	3899	Dâmbovița County	RO
Köyiçi	38.4969	27.0620	3898	İzmir Province	TR
Taraklı	40.3969	30.4928	3897	Sakarya	TR
Viişoara	46.3833	27.8833	3894	Vaslui County	RO
Butea	47.0667	26.9167	3893	Iași County	RO
Kuli	42.0185	47.2434	3893	Dagestan	RU
Oinacu	43.9500	26.0167	3892	Giurgiu County	RO
Küre	41.8058	33.7116	3890	Kastamonu	TR
Perovo	44.9251	34.0575	3890	Crimea	UA
Krasnoyarskaya	47.4955	42.1856	3889	Rostov	RU
Kotlyarevskaya	43.5734	44.0613	3887	Kabardino-Balkariya Republic	RU
Gohor	46.0667	27.4000	3886	Galați County	RO
Bucovineni	47.8500	26.3333	3885	Botoșani County	RO
Uzdin	45.2051	20.6234	3885	Vojvodina	RS
Dăneşti	44.9667	23.3333	3879	Gorj County	RO
Amărăştii de Sus	43.9833	24.1500	3879	Dolj	RO
Ulaş	39.4449	37.0390	3879	Sivas	TR
Yeşilovacık	36.1882	33.6623	3877	Mersin	TR
Sveti Vlas	42.7136	27.7587	3875	Burgas	BG
Şuşani	44.5833	24.1000	3875	Vâlcea County	RO
Altınova	40.6949	29.5099	3875	Yalova	TR
K’ardenakhi	41.6736	45.8893	3873	Kakheti	GE
Dniprovka	47.4284	34.6182	3873	Zaporizhzhia	UA
Gračanica	43.7333	18.2833	3871	Federation of B&H	BA
Pahleh	33.0097	46.8844	3870	Ilam Province	IR
Dubravica	44.4413	18.1188	3868	Federation of B&H	BA
Dowlatābād	38.4544	45.8277	3868	East Azerbaijan	IR
Breasta	44.3333	23.6833	3867	Dolj	RO
Solonţ	46.5500	26.5167	3866	Bacău County	RO
Breţcu	46.0500	26.3000	3866	Covasna County	RO
Albota de Jos	44.7667	24.8333	3866	Arges	RO
Bašaid	45.6410	20.4143	3864	Vojvodina	RS
Stoeneşti	45.1167	24.1667	3863	Vâlcea County	RO
Independenţa	44.2833	27.1500	3863	Călărași County	RO
Bammatyurt	43.3458	46.6082	3863	Dagestan	RU
Radushne	47.8155	33.5102	3863	Dnipropetrovsk	UA
Soleşti	46.7667	27.7833	3862	Vaslui County	RO
Ciorăşti	45.4333	27.3000	3861	Vrancea	RO
Ardıçlı	36.7296	36.5181	3860	Hatay	TR
Kumköy	41.2454	29.0401	3860	Istanbul	TR
Tunari	44.5500	26.1500	3859	Ilfov	RO
Fărcăşeşti	44.8667	23.2000	3857	Gorj County	RO
Deskáti	39.9242	21.8103	3856	West Macedonia	GR
Sânmartin	47.0073	21.9742	3856	Bihor County	RO
Chernoyerkovskaya	45.4331	37.7686	3856	Krasnodar Krai	RU
Mesopotamía	40.5025	21.1611	3855	West Macedonia	GR
Rediu	45.7167	27.8333	3855	Galați County	RO
Neméa	37.8207	22.6610	3853	Peloponnese	GR
Stăncuţa	44.9000	27.8333	3852	Brăila County	RO
Prylymanske	46.4237	30.6145	3852	Odesa	UA
Apriltsi	42.8414	24.9176	3851	Lovech	BG
Mborje	40.6033	20.8031	3850	Korçë County	AL
Dealu	46.4000	25.3000	3850	Harghita County	RO
Cristian	45.6167	25.4667	3849	Brașov County	RO
Staryy Urukh	43.3404	44.0187	3848	Kabardino-Balkariya Republic	RU
Turia	46.0333	26.0500	3846	Covasna County	RO
Duruca	37.0927	41.3103	3846	Mardin	TR
Ninotsminda	41.2670	43.5896	3844	Samtskhe-Javakheti	GE
Ilok	45.2222	19.3769	3842	Vukovar-Srijem	HR
Aksu	37.7989	31.0711	3842	Isparta	TR
Oţeleni	47.0833	27.0333	3841	Iași County	RO
Potamós	39.6242	19.8783	3840	Ionian Islands	GR
Braloştiţa	44.5000	23.5167	3840	Dolj	RO
Büyükçavuşlu	41.2400	28.0633	3840	Istanbul	TR
Prymorske	47.6449	35.2907	3840	Zaporizhzhia	UA
Movileni	44.3667	24.6500	3839	Olt	RO
Bod	45.7667	25.6500	3839	Brașov County	RO
Külső-Ferencváros	47.4570	19.0902	3838	Budapest	HU
Parincea	46.4833	27.1000	3836	Bacău County	RO
Iacobeni	47.4333	25.3167	3836	Suceava	RO
Gura Teghii	45.4833	26.4167	3835	Buzău County	RO
Ortaköy	41.1015	28.3759	3835	Istanbul	TR
Sungurlare	42.7667	26.7833	3834	Burgas	BG
Ketchenery	47.3082	44.5238	3834	Kalmykiya Republic	RU
Kürtün	40.6952	39.0947	3834	Gümüşhane Province	TR
Ip	47.2333	22.6500	3833	Sălaj County	RO
Şieu-Măgheruş	47.0833	24.3833	3830	Bistrița-Năsăud County	RO
Bujoreni	45.1433	24.3590	3830	Vâlcea County	RO
Shovgenovskiy	45.0189	40.2259	3830	Adygeya Republic	RU
Çavdır	36.3661	29.3519	3830	Antalya	TR
Tayirove	46.3590	30.6478	3830	Odesa	UA
Cantemir	46.2775	28.2005	3829	Cantemir	MD
Dițești	44.9799	25.7265	3829	Prahova	RO
Nova Karakuba	47.5579	37.0745	3828	Donetsk	UA
Pokrovskoye	43.2887	46.6653	3827	Dagestan	RU
Muntenii de Jos	46.6167	27.7667	3826	Vaslui County	RO
Aradac	45.3835	20.3014	3825	Vojvodina	RS
Esentepe	41.0052	36.1404	3825	Samsun	TR
Munteni Buzău	44.6333	26.9833	3824	Ialomița County	RO
Bechet	43.7819	23.9571	3824	Dolj	RO
Bazna	46.2000	24.2833	3824	Sibiu County	RO
Sogliano Cavour	40.1483	18.1974	3823	Apulia	IT
Colibaşi	44.2022	26.1947	3823	Giurgiu County	RO
Dobrosloveni	44.1833	24.3667	3821	Olt	RO
Kishcha	42.1768	47.5812	3821	Dagestan	RU
Agronom	45.1402	39.1948	3820	Krasnodar Krai	RU
Fulga de Sus	44.8977	26.4483	3819	Prahova	RO
Cetariu	47.1333	22.0167	3819	Bihor County	RO
Eremitu	46.6667	24.9333	3818	Mureș County	RO
Tápiógyörgye	47.3351	19.9528	3817	Pest County	HU
Izvoarele	45.0333	28.5333	3817	Tulcea County	RO
Dăneasa	44.1500	24.5667	3816	Olt	RO
Turulung	47.9333	23.0833	3815	Satu Mare County	RO
Dragoman	42.9219	22.9311	3814	Sofia	BG
Adony	47.1194	18.8649	3812	Fejér	HU
Ganztelep	47.4301	19.2267	3812	Budapest	HU
Elqana	32.1101	35.0323	3812	West Bank	PS
Mezraa	37.6541	43.1882	3812	Şırnak	TR
Dubrave Donje	44.4806	18.6971	3811	Federation of B&H	BA
Temizhbekskaya	45.4508	41.0387	3811	Stavropol Kray	RU
Gandzak	40.3231	45.1103	3810	Gegharkunik	AM
Cartojani	44.4322	25.4899	3810	Giurgiu County	RO
Çalışkan	37.2966	42.6412	3810	Şırnak	TR
Şintereag	47.1833	24.3000	3806	Bistrița-Năsăud County	RO
Mintiu Gherlii	47.0500	23.9500	3806	Cluj County	RO
Dobra	44.7833	25.7167	3806	Dâmbovița County	RO
Rūjayb	32.1906	35.2933	3805	West Bank	PS
Ileana	44.5167	26.6667	3805	Călărași County	RO
Coşteiu	45.7411	21.8492	3805	Timiș County	RO
Bărbăteşti	45.1833	24.1167	3805	Vâlcea County	RO
Varbitsa	43.0000	26.6333	3803	Shumen	BG
Kossuthfalva	47.4394	19.1230	3803	Budapest	HU
Alibunar	45.0808	20.9658	3803	Vojvodina	RS
Pirok	41.9108	20.9106	3801	Tetovo	MK
Tepecik	37.8236	27.8750	3801	Aydın	TR
Vatra	47.0746	28.7369	3800	Chișinău Municipality	MD
Bekeshevskaya	44.1139	42.4269	3800	Stavropol Kray	RU
Polje	43.8801	18.0745	3799	Federation of B&H	BA
Pálairos	38.7830	20.8818	3799	West Greece	GR
Mica	47.1333	23.9333	3799	Cluj County	RO
Valandovo	41.3176	22.5630	3798	Valandovo	MK
Păstrăveni	47.1667	26.5667	3798	Neamț County	RO
Sandıklı	37.8451	27.7327	3798	Aydın	TR
Gulripshi	42.9306	41.1026	3797	Abkhazia	GE
Hort	47.6908	19.7893	3797	Heves County	HU
Şagu	46.0500	21.2833	3797	Arad County	RO
Lupşanu	44.3833	26.9000	3797	Călărași County	RO
Frecăţei	45.1000	28.6667	3797	Tulcea County	RO
Balveren	37.4844	42.5488	3796	Şırnak	TR
Farmos	47.3607	19.8462	3793	Pest County	HU
Izvoarele	44.2667	24.5167	3792	Olt	RO
Barcani	45.7000	26.0833	3792	Covasna County	RO
Chiojdu	45.3500	26.2000	3791	Buzău County	RO
Yeşilalan	37.4632	40.7872	3791	Mardin	TR
Tuzi	42.3658	19.3297	3789	Tuzi Municipality	ME
Budeasa Mică	44.9500	24.8500	3789	Arges	RO
Irákleia	41.1822	23.2824	3786	Central Macedonia	GR
Napkor	47.9380	21.8676	3786	Szabolcs-Szatmár-Bereg	HU
Corbeanca	44.6000	26.0500	3786	Ilfov	RO
Botashyurt	43.3080	46.5099	3786	Dagestan	RU
Voineşti	46.5667	27.4167	3785	Vaslui County	RO
Ranilug	42.4922	21.5989	3785	Gjilan	XK
Stolnici	44.5667	24.7833	3784	Arges	RO
Rudozem	41.4875	24.8495	3783	Smolyan	BG
Rāzhān	37.3833	44.8667	3783	West Azerbaijan	IR
Donja Međiđa	44.8023	18.4048	3782	Federation of B&H	BA
Páno Polemídia	34.7056	32.9927	3781	Limassol	CY
Perişani	45.3833	24.4000	3781	Vâlcea County	RO
Doğanşar	40.2084	37.5312	3781	Sivas	TR
Primorka	47.2795	39.0533	3780	Rostov	RU
Pildești	46.9967	26.8256	3779	Neamț County	RO
Krupanj	44.3656	19.3619	3779	Central Serbia	RS
Salve	39.8611	18.2949	3778	Apulia	IT
Slivileşti	44.7833	23.1333	3778	Gorj County	RO
Gerga	42.3464	47.9633	3778	Dagestan	RU
Marcelová	47.7879	18.2826	3778	Nitra Region	SK
Jászalsószentgyörgy	47.3667	20.1000	3777	Jász-Nagykun-Szolnok	HU
Oraovica	41.6258	22.5133	3776	Radovish	MK
Blideşti	46.3000	23.1333	3776	Alba County	RO
Felsőpakony	47.3433	19.2370	3775	Pest County	HU
Păuşeşti-Măglaşi	45.1333	24.2500	3775	Vâlcea County	RO
Găneşti	46.3333	24.3500	3775	Mureș County	RO
Századosnegyed	47.4932	19.1068	3774	Budapest	HU
Podareš	41.6139	22.5422	3774	Radovish	MK
Naz̧arlū	38.1796	45.9125	3773	East Azerbaijan	IR
Keles	39.9136	29.2294	3772	Bursa Province	TR
Vultureşti	47.5167	26.4500	3771	Suceava	RO
Meghri	38.9012	46.2431	3770	Syunik	AM
Nyáregyháza	47.2617	19.5015	3770	Pest County	HU
Arıklı	37.0392	40.1903	3770	Mardin	TR
Ghioca	44.3167	24.7333	3769	Olt	RO
Roşieşti	46.4333	27.8833	3769	Vaslui County	RO
Lăpuş	47.5000	24.0167	3769	Maramureş	RO
Mūrmūrī	32.7262	47.6784	3768	Ilam Province	IR
Segarcea Vale	43.8167	24.8000	3768	Teleorman County	RO
Măgura Ilvei	47.3833	24.8000	3767	Bistrița-Năsăud County	RO
Lupşa	46.3667	23.2000	3766	Alba County	RO
Agía Marína	37.8204	23.8442	3765	Attica	GR
Malešići	44.7382	18.2734	3764	Federation of B&H	BA
Feleacu	46.7167	23.6167	3764	Cluj County	RO
Érsekvadkert	47.9962	19.2023	3762	Nógrád	HU
Qarāwat Banī Ḩasan	32.1257	35.1006	3761	West Bank	PS
Murighiol	45.0333	29.1667	3761	Tulcea County	RO
Glăvăneşti	46.2500	27.3833	3760	Bacău County	RO
Cerneşti	47.5167	23.7500	3760	Maramureş	RO
Măxineni	45.4000	27.6333	3758	Brăila County	RO
Evropós	40.8970	22.5528	3757	Central Macedonia	GR
Hlipiceni	47.6000	27.1500	3756	Botoșani County	RO
Igalo	42.4601	18.5065	3754	Herceg Novi	ME
Conţeşti	43.8000	25.4833	3754	Teleorman County	RO
Bahnea	46.3667	24.4833	3754	Mureș County	RO
Ahrarne	45.0160	34.0573	3754	Crimea	UA
Andravída	37.9059	21.2694	3753	West Greece	GR
Bărbulești	44.7263	26.5993	3753	Ialomița County	RO
Gradec	41.8970	20.9040	3751	Vrapchishte	MK
Az Zabābidah	32.3867	35.3241	3751	West Bank	PS
Aghavnatun	40.2333	44.2529	3750	Armavir	AM
Poiana	45.2454	25.6630	3750	Prahova	RO
Güzelyurt	38.2772	34.3719	3748	Aksaray	TR
Jilavele	44.7667	26.5333	3747	Ialomița County	RO
Kozatske	46.7855	33.3500	3746	Kherson	UA
Yenifoça	38.7333	26.8333	3742	İzmir Province	TR
Lypetske	47.7365	29.7152	3740	Odesa	UA
Afidnés	38.2033	23.8398	3739	Attica	GR
Ālanī	38.4395	47.7284	3739	Ardabil Province	IR
Novyy Yegorlyk	46.3927	41.8716	3739	Rostov	RU
Kula	43.8879	22.5224	3738	Vidin	BG
Grădinari	44.3922	25.8156	3738	Giurgiu County	RO
Shīshavān	37.4643	45.8891	3737	East Azerbaijan	IR
Gradsko	41.5785	21.9426	3737	Gradsko	MK
Bahçeköy	41.1788	28.9921	3737	Istanbul	TR
Maliq	40.7058	20.6997	3735	Korçë County	AL
Norashen	40.0013	44.5930	3733	Ararat	AM
Cujmir	44.2067	22.9267	3733	Mehedinți County	RO
Novolabinskaya	45.1096	39.8940	3733	Krasnodar Krai	RU
Gornja Breza	44.0376	18.2456	3732	Federation of B&H	BA
Piatra	43.8167	25.1667	3731	Teleorman County	RO
Bahçesaray	38.1246	42.7983	3731	Van	TR
Öcsöd	46.9000	20.4000	3730	Jász-Nagykun-Szolnok	HU
Dayr Istiyā	32.1310	35.1396	3730	West Bank	PS
Ungureni	46.5167	26.9500	3728	Bacău County	RO
Aştileu	47.0333	22.3833	3728	Bihor County	RO
Krasnaya Polyana	46.1129	41.5016	3728	Rostov	RU
Semlac	46.1167	20.9333	3727	Arad County	RO
Putna	47.8667	25.6167	3727	Suceava	RO
Cupşeni	47.5500	23.9333	3727	Maramureş	RO
Cocora	44.7333	27.0500	3726	Ialomița County	RO
Zagra	47.3333	24.2833	3725	Bistrița-Năsăud County	RO
Gay	40.0844	44.3053	3723	Armavir	AM
Săcel	47.6333	24.4333	3723	Maramureş	RO
Chamlykskaya	44.7158	40.8786	3722	Krasnodar Krai	RU
Tomruksuyu	36.1544	36.0423	3722	Hatay	TR
Mihăileşti	44.9167	26.6667	3719	Buzău County	RO
Glodeni	46.6500	24.6000	3719	Mureș County	RO
Süleymanlı	38.9839	27.7756	3718	Manisa	TR
Doğankent	40.8075	38.9172	3718	Giresun	TR
Paşabahçe	41.1124	29.0965	3717	Istanbul	TR
Harta	46.6976	19.0311	3716	Bács-Kiskun	HU
Lipniţa	44.1000	27.6000	3716	Constanța County	RO
Fărcaşa	47.5833	23.3333	3716	Maramureş	RO
Krasnoarmeyskiy	47.0114	42.2072	3716	Rostov	RU
Matviivka	47.0739	35.1449	3716	Zaporizhzhia	UA
Vădăstriţa	43.8500	24.3333	3715	Olt	RO
Sinyavskoye	47.2769	39.2784	3715	Rostov	RU
Lechainá	37.9333	21.2667	3714	West Greece	GR
Palazu Mare	44.2290	28.6011	3714	Constanța County	RO
Utamysh	42.4072	47.7511	3714	Dagestan	RU
Căteasca	44.7667	25.0833	3713	Arges	RO
Caşin	46.2000	26.7500	3713	Bacău County	RO
Bahna	46.7833	26.7833	3713	Neamț County	RO
Akunk	40.1606	45.7271	3712	Gegharkunik	AM
Mizia	43.6862	23.8537	3712	Vratsa	BG
Iki Burul	45.8233	44.6457	3709	Kalmykiya Republic	RU
Yenice	39.7609	28.9073	3708	Bursa Province	TR
Beymelek	36.2478	30.0159	3708	Antalya	TR
Micula	47.9000	22.9500	3707	Satu Mare County	RO
Cerrah	40.0712	29.4466	3707	Bursa Province	TR
Jrashen	40.7903	44.1866	3706	Lori	AM
Manoleasa	47.9833	27.0667	3705	Botoșani County	RO
Liebling	45.5775	21.3217	3705	Timiș County	RO
Emporeiós	38.1882	26.0288	3704	North Aegean	GR
Emporeío	36.3582	25.4461	3704	South Aegean	GR
Livezeni	46.5500	24.6333	3704	Mureș County	RO
Vrdnik	45.1217	19.7923	3704	Vojvodina	RS
Broska	45.3694	28.7880	3704	Odesa	UA
Vânători	46.2333	24.9333	3702	Mureș County	RO
Podkumskiy	44.0756	43.2103	3702	Stavropol Kray	RU
Khojavend	39.7950	47.1117	3700	Khojavend	AZ
Karadaglije	44.5707	18.0177	3700	Federation of B&H	BA
Zagyvarékas	47.2667	20.1333	3700	Jász-Nagykun-Szolnok	HU
Kuchurhan	46.7219	29.9776	3700	Odesa	UA
Horodniceni	47.5333	26.1667	3699	Suceava	RO
Nebug	44.1717	39.0026	3698	Krasnodar Krai	RU
Barice	44.5406	18.4807	3697	Federation of B&H	BA
Valchidol	43.4000	27.5500	3697	Varna	BG
Otrado-Kubanskoye	45.2442	40.8408	3697	Krasnodar Krai	RU
Néa Manoláda	38.0538	21.3819	3696	West Greece	GR
Râciu	46.6833	24.4000	3694	Mureș County	RO
Plugari	47.4833	27.1000	3694	Iași County	RO
Griviţa	45.7167	27.6500	3694	Galați County	RO
Dunapataj	46.6440	18.9963	3693	Bács-Kiskun	HU
‘Immanu‘el	32.1608	35.1361	3693	West Bank	PS
Răpănaşu	47.3833	24.1833	3693	Bistrița-Năsăud County	RO
Pietroasele	45.1000	26.5667	3690	Buzău County	RO
Marmarashen	40.0583	44.4723	3689	Ararat	AM
Hernád	47.1624	19.4330	3689	Pest County	HU
Ion Roată	44.6667	26.7667	3689	Ialomița County	RO
Gaziler	37.2561	31.1844	3689	Antalya	TR
Prychornomorske	46.7445	30.9149	3689	Odesa	UA
Várda	38.0306	21.3651	3687	West Greece	GR
Paltin	45.7833	26.7167	3687	Vrancea	RO
Turmus‘ayyā	32.0354	35.2856	3686	West Bank	PS
Petropavlovskaya	43.3801	45.8282	3686	Chechnya	RU
Simoneşti	46.3333	25.1000	3685	Harghita County	RO
Probota	47.3833	27.5000	3685	Iași County	RO
Hereclean	47.2500	23.0167	3685	Sălaj County	RO
Traian	45.1833	27.7333	3684	Brăila County	RO
Kál	47.7333	20.2667	3683	Heves County	HU
Kafr Barā	32.1314	34.9708	3678	Central District	IL
Vratnica	42.1433	21.1169	3678	Jegunovce	MK
Ungheni	44.5000	24.9667	3678	Arges	RO
Baturinskaya	45.7927	39.3706	3678	Krasnodar Krai	RU
Aluniş	45.2000	25.8667	3677	Prahova	RO
Dărmăneşti	45.0167	24.9000	3676	Arges	RO
Hasankeyf	37.7061	41.4048	3676	Batman	TR
Kurisove	46.9689	30.9587	3676	Odesa	UA
Nizhniy Kurkuzhin	43.7483	43.3497	3674	Kabardino-Balkariya Republic	RU
Rákosliget	47.4895	19.2575	3673	Budapest	HU
Stavrós	40.6650	23.7002	3672	Central Macedonia	GR
Yenice	40.0878	29.4219	3672	Bursa Province	TR
Amýntaio	40.6897	21.6797	3671	West Macedonia	GR
Pregradnoye	45.8218	41.7469	3671	Stavropol Kray	RU
Gldani	41.8221	44.8301	3669	Tbilisi	GE
Otlukbeli	39.9700	40.0187	3669	Erzincan	TR
Toflea	46.0637	27.3341	3667	Galați County	RO
Kobilja Glava	43.8819	18.3886	3666	Federation of B&H	BA
Liptáktelep	47.4465	19.1604	3666	Budapest	HU
Al Jiftlik	32.1407	35.4874	3666	West Bank	PS
Adyge-Khabl	44.3343	41.9392	3666	Karachayevo-Cherkesiya Republic	RU
Ghaşam	32.5458	36.3754	3666	Daraa	SY
Ullubiyaul	42.5969	47.7182	3665	Dagestan	RU
Dumbrăveşti	45.0833	26.0000	3664	Prahova	RO
Šerići	44.4667	18.5637	3663	Federation of B&H	BA
Ştefăneşti	44.6167	24.2500	3663	Vâlcea County	RO
Bustuchin	44.9667	23.7333	3661	Gorj County	RO
Mačvanska Mitrovica	44.9674	19.5931	3661	Vojvodina	RS
Hatundere	38.7022	27.0487	3660	İzmir Province	TR
Oleksandrivka	46.6115	30.8644	3660	Odesa	UA
Drymós	40.7810	22.9589	3659	Central Macedonia	GR
Yeşilyuva	37.5746	29.4286	3659	Denizli	TR
Altunhisar	37.9916	34.3733	3658	Niğde Province	TR
Alaçatı	38.2825	26.3746	3658	İzmir Province	TR
Rusko Selo	45.7629	20.5712	3657	Vojvodina	RS
Rumelikavağı	41.1820	29.0725	3657	Istanbul	TR
Néa Palátia	38.3194	23.7965	3656	Attica	GR
Tâmna	44.5667	23.0167	3656	Mehedinți County	RO
Azovske	45.5860	34.5668	3656	Crimea	UA
Brodina	47.8833	25.4167	3654	Suceava	RO
Klenje	44.8079	19.4351	3653	Central Serbia	RS
Libohovë	40.0311	20.2631	3651	Gjirokastër County	AL
Krivodol	43.3744	23.4844	3651	Vratsa	BG
Póros	37.4994	23.4536	3651	Attica	GR
Vyshchetarasivka	47.5711	34.8811	3651	Dnipropetrovsk	UA
‘Anīn	32.5026	35.1667	3647	West Bank	PS
Pieleştí	44.3333	23.9500	3647	Dolj	RO
Vâlcele	45.8500	25.6833	3646	Covasna County	RO
Turcoaia	45.1090	28.1876	3646	Tulcea County	RO
Storobăneasa	43.8833	25.4500	3645	Teleorman County	RO
Căpuşu Mare	46.7833	23.3000	3645	Cluj County	RO
Aragats	40.4889	44.3529	3643	Aragatsotn	AM
Maglizh	42.6000	25.5500	3643	Stara Zagora	BG
Oítilon	36.7062	22.3896	3643	Peloponnese	GR
Bóly	45.9672	18.5183	3642	Baranya	HU
Kabadüz	40.8610	37.8847	3642	Ordu	TR
Dobreni	46.9833	26.4167	3641	Neamț County	RO
Borăscu	44.7000	23.2833	3641	Gorj County	RO
Akhaldaba	41.6540	42.1516	3640	Adjara	GE
Perieţi	44.5500	27.2167	3638	Ialomița County	RO
Forino	41.8233	20.9617	3637	Gostivar	MK
Khuchni	41.9514	47.9489	3637	Dagestan	RU
Burlatskoye	45.0564	43.6350	3637	Stavropol Kray	RU
Kaspichan	43.3167	27.1667	3635	Shumen	BG
Tigveni	45.1333	24.5833	3634	Arges	RO
Burqah	32.3018	35.1926	3631	West Bank	PS
Vădastra	43.8667	24.3667	3631	Olt	RO
Toslak	36.6292	31.9106	3630	Antalya	TR
Nikopol	43.7053	24.8952	3629	Pleven	BG
Srbinovo	41.7059	20.9586	3629	Gostivar	MK
Mykolayivka	47.5390	30.7601	3629	Odesa	UA
Chenār-e Soflá	34.7710	47.9764	3628	Hamadan Province	IR
Lungeşti	44.5667	24.1833	3628	Vâlcea County	RO
Dūzdūzān	37.9497	47.1199	3627	East Azerbaijan	IR
Etyek	47.4479	18.7533	3626	Fejér	HU
Arteni	40.2973	43.7667	3625	Aragatsotn	AM
Dumeşti	46.8500	27.2833	3625	Vaslui County	RO
Jaša Tomić	45.4472	20.8555	3625	Vojvodina	RS
Steierdorf	45.0636	21.8522	3624	Caraș-Severin County	RO
Finiş	46.6333	22.3167	3624	Bihor County	RO
Făureşti	44.5667	24.0167	3623	Vâlcea County	RO
Owltān	39.6066	47.7703	3622	Ardabil Province	IR
Apateu	46.6167	21.7833	3622	Arad County	RO
Olshanske	47.1724	31.7650	3622	Mykolaiv	UA
Gaziosmanpaşa	39.8962	32.8665	3621	Ankara	TR
Oboga	44.4167	24.1000	3620	Olt	RO
Erpeli	42.8058	46.9773	3619	Dagestan	RU
Moldoveneşti	46.5000	23.6500	3618	Cluj County	RO
Drăcşani	44.2167	24.9833	3616	Teleorman County	RO
Costeşti	45.1500	24.0667	3616	Vâlcea County	RO
Plav	42.5969	19.9442	3615	Opština Plav	ME
Bekilli	38.2311	29.4197	3615	Denizli	TR
Lopare	44.6350	18.8434	3614	Srpska	BA
Orašje	45.0337	18.6933	3613	Federation of B&H	BA
Vaskút	46.1078	18.9851	3613	Bács-Kiskun	HU
Nikolayevskaya	47.6139	41.5023	3613	Rostov	RU
Leptokaryá	40.0603	22.5612	3612	Central Macedonia	GR
Miskindzha	41.4240	47.8467	3611	Dagestan	RU
Mártonhegy	47.4947	18.9957	3610	Pest County	HU
Tunelu-Teliu	45.7000	25.8500	3610	Brașov County	RO
Sintea Mare	46.5167	21.6000	3609	Arad County	RO
Gighera	43.8500	23.8000	3609	Dolj	RO
Severnoye	44.8319	42.8583	3607	Stavropol Kray	RU
Rebricea	46.8667	27.5500	3605	Vaslui County	RO
Căzăneşti	44.6167	27.0167	3604	Ialomița County	RO
Vrakháti	37.9590	22.8057	3603	Peloponnese	GR
Kyzyl-Oktyabr’skiy	43.8257	41.7861	3603	Karachayevo-Cherkesiya Republic	RU
Plataiés	38.2136	23.2675	3602	Central Greece	GR
Josipovac	45.5828	18.5814	3602	County of Osijek-Baranja	HR
Margahovit	40.7338	44.6847	3601	Lori	AM
Mihalţ	46.1500	23.7333	3601	Alba County	RO
Novobeysugskaya	45.4719	39.8861	3601	Krasnodar Krai	RU
Hajimalik	40.6332	46.4102	3600	Goygol Rayon	AZ
Koróni	36.7953	21.9579	3600	Peloponnese	GR
Matan	32.1586	34.9741	3600	Central District	IL
San Pietro in Lama	40.3071	18.1279	3600	Apulia	IT
Vipereşti	45.2333	26.4667	3600	Buzău County	RO
I. L. Caragiale	44.9096	25.7025	3600	Dâmbovița County	RO
Novomykolaivka	46.2290	32.7343	3600	Kherson	UA
Šamac	45.0599	18.4676	3599	Srpska	BA
Frumoasa	46.4500	25.8500	3599	Harghita County	RO
Chilia Veche	45.4167	29.2833	3599	Tulcea County	RO
Gimry	42.7597	46.8396	3599	Dagestan	RU
Peshkovo	47.0166	39.3916	3596	Rostov	RU
Erfelek	41.8793	34.9184	3596	Sinop	TR
Miggiano	39.9618	18.3112	3595	Apulia	IT
Dörtdivan	40.7205	32.0631	3595	Bolu	TR
Mircea Vodă	45.1167	27.3833	3594	Brăila County	RO
Xylotymbou	35.0163	33.7435	3593	Larnaka	CY
Tavşancıl	40.7708	29.5719	3593	Kocaeli	TR
Slimnic	45.9167	24.1667	3592	Sibiu County	RO
Poienari	45.2167	25.0500	3592	Arges	RO
Zavet	43.7604	26.6806	3589	Razgrad	BG
Gulyantsi	43.6411	24.6937	3589	Pleven	BG
Csepel-Királymajor	47.4250	19.0887	3589	Budapest	HU
Kaukab Abū el Hījā	32.8316	35.2485	3589	Northern District	IL
Gorbăneşti	47.7833	26.8500	3587	Botoșani County	RO
Kozachi Laheri	46.7054	32.9819	3587	Kherson	UA
Haghartsin	40.7761	44.9685	3586	Tavush	AM
Stara Kresna	41.8000	23.1833	3586	Blagoevgrad	BG
Priboieni	44.8833	25.0833	3583	Arges	RO
Optaşi	44.5833	24.6500	3581	Olt	RO
Todireni	47.6167	27.1167	3579	Botoșani County	RO
Prisăcani	47.0833	27.8833	3578	Iași County	RO
Novoalekseyevskaya	44.8189	40.9339	3578	Krasnodar Krai	RU
Vama	47.8333	23.4000	3576	Satu Mare County	RO
Aţel	46.1500	24.4667	3576	Sibiu County	RO
Ravno Selo	45.4497	19.6210	3574	Vojvodina	RS
Gözpınar	37.9772	41.4576	3574	Siirt	TR
Arnavutköy	41.0683	29.0434	3574	Istanbul	TR
Mănăstirea Humorului	47.6000	25.8667	3573	Suceava	RO
Ciochina	44.5833	27.0667	3573	Ialomița County	RO
Uriu	47.2000	24.0500	3572	Bistrița-Năsăud County	RO
Galbenu	45.2167	27.1667	3572	Brăila County	RO
Novoukrainskiy	44.8942	38.0489	3572	Krasnodar Krai	RU
Novosilske	45.3342	28.5717	3572	Odesa	UA
Roman	43.1500	23.9167	3571	Vratsa	BG
Otok	45.1467	18.8839	3571	Vukovar-Srijem	HR
Frumosu	47.6167	25.6500	3571	Suceava	RO
Dayr Ballūţ	32.0655	35.0245	3566	West Bank	PS
Sarnaghbyur	40.5237	43.9125	3564	Shirak	AM
Gandzakar	40.8429	45.1613	3563	Tavush	AM
Kazımkarabekir	37.2303	32.9589	3563	Karaman	TR
Bărăganul	44.8000	27.5167	3561	Brăila County	RO
Liješnica	44.4950	18.0764	3559	Federation of B&H	BA
Dublje	44.8012	19.5090	3558	Central Serbia	RS
Cilieni	43.9000	24.6167	3556	Olt	RO
Kuzhorskaya	44.6751	40.3103	3556	Adygeya Republic	RU
Borovo	45.4053	18.9758	3555	Vukovar-Srijem	HR
Lăzarea	46.7500	25.5333	3555	Harghita County	RO
Kısas	37.1058	38.9315	3555	Şanlıurfa	TR
Lagyná	40.7235	23.0042	3552	Central Macedonia	GR
Yenişakran	38.8864	27.0669	3552	İzmir Province	TR
Frumoasa	46.6630	26.5420	3550	Bacău County	RO
Preobrazhenka	47.5805	35.8008	3550	Zaporizhzhia	UA
Velika Obarska	44.8046	19.1618	3549	Srpska	BA
Tianeti	42.1099	44.9678	3549	Mtskheta-Mtianeti	GE
Zandak	43.0571	46.4557	3549	Chechnya	RU
Murgul	41.2805	41.5644	3549	Artvin	TR
Schela	45.5000	27.8367	3548	Galați County	RO
Cavadineşti	46.0667	28.0169	3547	Galați County	RO
Produleşti	44.7000	25.5000	3546	Dâmbovița County	RO
Gura Râului	45.7333	23.9833	3546	Sibiu County	RO
Olur	40.8216	42.1305	3546	Erzurum	TR
Nanov	44.0000	25.3000	3545	Teleorman County	RO
Ulukapı	36.8117	31.4865	3545	Antalya	TR
Esfanjān	37.9031	46.1744	3544	East Azerbaijan	IR
Tulgheş	46.9500	25.7667	3543	Harghita County	RO
Arshan’	46.2732	44.2200	3542	Kalmykiya Republic	RU
Muntele Mic	45.3833	22.3333	3541	Caraș-Severin County	RO
Šajkaš	45.2732	20.0905	3541	Vojvodina	RS
Costişa	46.7500	26.6500	3540	Neamț County	RO
Brūqīn	32.0722	35.0994	3538	West Bank	PS
Zatyshshya	47.3350	29.8780	3538	Odesa	UA
Yālqūz Āghāj	38.4824	45.6519	3537	East Azerbaijan	IR
Berveni	47.7500	22.4667	3536	Satu Mare County	RO
Kalcheva	45.7361	28.8077	3536	Odesa	UA
Vukovije Donje	44.4621	18.7494	3535	Federation of B&H	BA
Chiselet	44.1833	26.8500	3535	Călărași County	RO
Kapandríti	38.2158	23.8794	3534	Attica	GR
Lefkónas	41.1003	23.4966	3534	Central Macedonia	GR
Chirnogeni	43.9000	28.2333	3533	Constanța County	RO
Kevsala	45.7983	42.6903	3532	Stavropol Kray	RU
Primorsko	42.2679	27.7561	3531	Burgas	BG
Ardino	41.5832	25.1337	3531	Kardzhali	BG
Şotrile	45.2167	25.7167	3530	Prahova	RO
Aría	37.6202	22.5522	3529	Peloponnese	GR
Devesel	44.4689	22.6672	3529	Mehedinți County	RO
Crângeni	44.0333	24.7833	3529	Teleorman County	RO
Letnitsa	43.3117	25.0733	3528	Lovech	BG
Comani	44.1829	24.4916	3528	Olt	RO
Tambovka	47.3153	47.3777	3528	Astrakhan Oblast	RU
Gerzel’-Aul	43.2473	46.4025	3527	Chechnya	RU
Sukhaya Buyvola	45.1533	42.9956	3525	Stavropol Kray	RU
Kamenka	43.5333	43.5167	3525	Kabardino-Balkariya Republic	RU
Cireşu	44.9500	27.3500	3524	Brăila County	RO
Rykove	46.3307	34.7486	3524	Kherson	UA
Hajós	46.3986	19.1206	3520	Bács-Kiskun	HU
Chiochiş	46.9833	24.1833	3520	Bistrița-Năsăud County	RO
Pokr Vedi	39.9029	44.6029	3519	Ararat	AM
Svojat	44.3955	18.7385	3516		BA
Néa Péramos	40.8385	24.3013	3516	East Macedonia and Thrace	GR
Dămoc	46.4667	26.8667	3516	Bacău County	RO
Urma	42.5389	47.2864	3515	Dagestan	RU
Kalampáki	41.0500	24.1833	3514	East Macedonia and Thrace	GR
Tápióbicske	47.3610	19.6861	3514	Pest County	HU
Glubokiy	44.9467	41.0185	3513	Krasnodar Krai	RU
Balc	47.2833	22.5333	3512	Bihor County	RO
Blahodatne	47.8812	38.4838	3512	Donetsk	UA
Bambakashat	40.1083	44.0195	3511	Armavir	AM
Sarnitsa	41.7383	24.0243	3511	Pazardzhik	BG
Sohatu	44.3167	26.5000	3511	Călărași County	RO
Lokve	45.1520	21.0307	3511	Vojvodina	RS
Râu de Mori	45.4833	22.8500	3510	Hunedoara County	RO
Brădeşti	46.3500	25.3500	3510	Harghita County	RO
Yurovka	45.1147	37.4188	3510	Krasnodar Krai	RU
Rodhítsa	38.8883	22.4641	3509	Central Greece	GR
Táborfalva	47.0994	19.4784	3509	Pest County	HU
Hălmagiu	46.2667	22.5833	3507	Arad County	RO
Novobohdanivka	47.0843	35.3190	3506	Zaporizhzhia	UA
Kheẕerlū	37.4305	45.9587	3505	East Azerbaijan	IR
Szent Lőrinc-lakótelep	47.4345	19.1718	3504	Budapest	HU
Tarcău	46.8667	26.1333	3504	Neamț County	RO
Krasnoye	46.7356	39.5662	3504	Krasnodar Krai	RU
Troianul	44.0000	25.0000	3502	Teleorman County	RO
Şoimuş	45.9167	22.9000	3502	Hunedoara County	RO
Voskresenka	47.4650	36.3587	3502	Zaporizhzhia	UA
Gaptsakh	41.4517	47.9303	3501	Dagestan	RU
Sásd	46.2552	18.1078	3500	Baranya	HU
Kaff al-Jaa	35.0864	36.2060	3500	Tartus	SY
Mâsca	46.2961	21.6723	3498	Arad County	RO
Haft Cheshmeh	33.6272	46.3593	3497	Ilam Province	IR
Catalina	45.9667	26.1500	3497	Covasna County	RO
Peştera	44.1833	28.1333	3496	Constanța County	RO
Kangly	44.2544	43.0308	3494	Stavropol Kray	RU
Holod	46.7833	22.1333	3493	Bihor County	RO
Bocsig	46.4167	21.9500	3493	Arad County	RO
Biharia	47.1500	21.9167	3493	Bihor County	RO
Suseni	44.7167	24.9500	3492	Arges	RO
Kuşçular	38.2989	26.7496	3492	İzmir Province	TR
Rodnikovo	45.0430	33.9541	3492	Crimea	UA
Komyshivka	45.5188	29.1238	3491	Odesa	UA
Donja Dubica	45.0756	18.4102	3489	Federation of B&H	BA
Hodász	47.9183	22.2015	3489	Szabolcs-Szatmár-Bereg	HU
Şoldanu	44.2167	26.5167	3488	Călărași County	RO
Racova	46.7000	26.7500	3488	Bacău County	RO
Bayt Dajan	32.1930	35.3713	3487	West Bank	PS
Zaliznychne	45.7488	28.6144	3487	Odesa	UA
Teliu	45.6986	25.8559	3485	Brașov County	RO
Bucium-Orlea	45.5833	22.9667	3485	Hunedoara County	RO
Lisky	46.7635	36.7661	3485	Zaporizhzhia	UA
Eleoúsa	39.7064	20.7925	3484	Epirus	GR
Eirinoúpoli	40.6781	22.1928	3484	Central Macedonia	GR
Ghioșești	45.2424	25.6267	3484	Prahova	RO
Dondar Quşçu	40.9539	45.6194	3482	Tovuz District	AZ
Zăvoaia	44.9500	27.4833	3482	Brăila County	RO
Planovskoye	43.3985	44.1949	3482	Kabardino-Balkariya Republic	RU
Prigoria	45.0667	23.6833	3481	Gorj County	RO
Sofiivka	45.0946	34.0013	3481	Crimea	UA
Akasztó	46.6917	19.2042	3480	Bács-Kiskun	HU
Lazarevo	45.3889	20.5400	3480	Vojvodina	RS
Dolna Mitropolia	43.4667	24.5333	3479	Pleven	BG
Ostrovu Mare	44.3793	22.5158	3479	Mehedinți County	RO
Brusturoasa	46.5167	26.2000	3479	Bacău County	RO
Umurbey	40.4147	29.1831	3479	Bursa Province	TR
Pérasma	40.7529	21.4676	3478	West Macedonia	GR
Kam'yanka	45.5639	28.8819	3478	Odesa	UA
Singureni	44.2336	25.9433	3477	Giurgiu County	RO
Ciobanu	44.7176	27.9870	3477	Constanța County	RO
Hatipler	37.1667	30.7833	3477	Antalya	TR
Konče	41.4953	22.3855	3475	Konche	MK
Sárosd	47.0427	18.6436	3474	Fejér	HU
Remetea Mare	45.7794	21.3761	3473	Timiș County	RO
Lueta	46.2667	25.4833	3473	Harghita County	RO
Orgovány	46.7509	19.4726	3472	Bács-Kiskun	HU
Bălăciţa	44.3833	23.1333	3471	Mehedinți County	RO
Kalynivka	47.0473	32.1807	3471	Mykolaiv	UA
Evrostína	38.0717	22.3939	3468	Peloponnese	GR
Bobiceşti	44.3833	24.1500	3468	Olt	RO
Kavaklıdere	37.4446	28.3628	3466	Muğla	TR
Padej	45.8276	20.1628	3465	Vojvodina	RS
Ojdula	45.9833	26.2500	3464	Covasna County	RO
Utsmiyurt	43.5348	46.4695	3464	Dagestan	RU
Kaytazdere	40.6823	29.5324	3464	Yalova	TR
Kyrylivka	46.3718	35.3701	3464	Zaporizhzhia	UA
Roşia de Amaradia	45.0500	23.7500	3463	Gorj County	RO
Răcoasa	46.0000	26.8833	3463	Vrancea	RO
Hafik	39.8564	37.3864	3462	Sivas	TR
Puračić	44.5456	18.4786	3461	Federation of B&H	BA
Kurşunlu	40.0371	29.6597	3461	Bursa Province	TR
Besenyszög	47.3000	20.2667	3460	Jász-Nagykun-Szolnok	HU
Bilca	47.9167	25.7500	3460	Suceava	RO
Dobra	45.9167	22.5667	3459	Hunedoara County	RO
Albeşti	43.8000	28.4167	3459	Constanța County	RO
Ecséd	47.7327	19.7670	3457	Heves County	HU
Mociu	46.8000	24.0333	3454	Cluj County	RO
Pungeşti	46.7000	27.3333	3453	Vaslui County	RO
Măraşu	44.8500	27.9667	3453	Brăila County	RO
Ugljevik	44.6777	19.0338	3452	Srpska	BA
Vetrişoaia	46.4300	28.2083	3452	Vaslui County	RO
Frénaros	35.0412	33.9224	3450	Ammochostos	CY
Harkány	45.8500	18.2367	3450	Baranya	HU
Demirtaş	36.4261	32.1925	3449	Antalya	TR
Velventós	40.2553	22.0754	3448	West Macedonia	GR
Kiseljak	44.4890	18.5698	3447	Federation of B&H	BA
Kelenvölgy	47.4496	19.0236	3447	Pest County	HU
Voróklini	34.9814	33.6565	3446	Larnaka	CY
Humulești	47.1985	26.3527	3446	Neamț County	RO
Goleşti	45.6667	27.1653	3446	Vrancea	RO
Şinca Veche	45.7667	25.1667	3445	Brașov County	RO
Novobessergenovka	47.1851	38.8476	3445	Rostov	RU
Şuncuiuş	46.9333	22.5333	3444	Bihor County	RO
Gagatli	42.8013	46.2916	3442	Dagestan	RU
Dmitriyevskoye	45.8053	41.8967	3442	Stavropol Kray	RU
Shchebetovka	44.9385	35.1583	3442	Crimea	UA
Verguleasa	44.6500	24.3167	3439	Olt	RO
Gologanu	45.6098	27.2709	3439	Vrancea	RO
Polichnítos	39.0791	26.1822	3438	North Aegean	GR
Butoieşti	44.5833	23.3667	3438	Mehedinți County	RO
Melissochóri	40.7680	22.9286	3437	Central Macedonia	GR
Cristian	45.7833	24.0333	3437	Sibiu County	RO
Budeşti	47.7333	23.9500	3437	Maramureş	RO
Tishchenskoye	45.4606	41.6738	3437	Stavropol Kray	RU
Balástya	46.4228	20.0082	3436	Csongrád	HU
Gol Soleymānābād	36.9497	46.2526	3436	West Azerbaijan	IR
Măerişte	47.3167	22.8000	3436	Sălaj County	RO
Tóalmás	47.5078	19.6666	3434	Pest County	HU
Putyla	47.9934	25.0876	3434	Chernivtsi	UA
Predeşti	44.3500	23.6000	3433	Dolj	RO
Dorobanţu	44.2167	26.9500	3433	Călărași County	RO
Sütçüler	37.4974	30.9773	3433	Isparta	TR
Ilva Mică	47.3167	24.6667	3431	Bistrița-Năsăud County	RO
Janfida	40.0445	44.0279	3430	Armavir	AM
Mikepércs	47.4500	21.6333	3430	Hajdú-Bihar	HU
Broscăuţi	47.9500	26.4500	3430	Botoșani County	RO
Armavir	40.0830	44.0578	3428	Armavir	AM
Hulubeşti	44.8333	25.2333	3428	Dâmbovița County	RO
Crângurile de Sus	44.7650	25.2418	3428	Dâmbovița County	RO
Áyios Nikólaos	38.4205	23.6477	3426	Central Greece	GR
Faqqū‘ah	32.4900	35.4016	3426	West Bank	PS
Dorolţ	47.8500	22.8167	3426	Satu Mare County	RO
Perevalne	44.8484	34.3127	3426	Crimea	UA
Siukh	42.5999	46.5446	3425	Dagestan	RU
Kimméria	41.1479	24.9387	3424	East Macedonia and Thrace	GR
Saronída	37.7481	23.9106	3424	Attica	GR
Buteni	46.3167	22.1167	3424	Arad County	RO
Adunații-Copăceni	44.2541	26.0493	3424	Giurgiu County	RO
Belaya Rechka	43.4381	43.5350	3424	Kabardino-Balkariya Republic	RU
Ustynivka	47.9562	32.5394	3424	Kirovohrad	UA
Kalinin	47.2465	39.5053	3423	Rostov	RU
Slatino	42.0678	21.0390	3422	Tearce	MK
Certeju de Sus	45.9667	22.9667	3422	Hunedoara County	RO
Carcaliu	45.1833	28.1500	3422	Tulcea County	RO
Osečina	44.3731	19.6014	3422	Central Serbia	RS
Geghanist	40.1459	44.4305	3419	Ararat	AM
Ágios Athanásios	41.0746	24.2455	3419	East Macedonia and Thrace	GR
Traian	44.0167	24.4500	3419	Olt	RO
Dobrun	44.2667	24.2167	3419	Olt	RO
Arzni	40.2964	44.5958	3417	Kotayk	AM
Gacko	43.1672	18.5353	3417	Srpska	BA
Costeştii din Vale	44.6500	25.4833	3417	Dâmbovița County	RO
Mouríki	38.0514	21.9231	3416	West Greece	GR
Lemnia	46.0500	26.2667	3416	Covasna County	RO
Elyakhin	32.4081	34.9250	3415	Central District	IL
Ruseni	46.7984	26.5394	3415	Neamț County	RO
Tatkavaklı	40.0333	28.3667	3415	Bursa Province	TR
Gropniţa	47.3500	27.2500	3414	Iași County	RO
Clejani	44.3197	25.6994	3414	Giurgiu County	RO
Suveren	39.8048	44.0615	3414	Iğdır	TR
Crucea	44.5333	28.2333	3413	Constanța County	RO
Qeshlāq-e Chelqā’ī	37.3202	46.1013	3412	East Azerbaijan	IR
Dmitriyevskaya	45.6564	40.7653	3412	Krasnodar Krai	RU
Ratkovo	45.4557	19.3373	3411	Vojvodina	RS
Yandyki	45.7691	47.1258	3411	Astrakhan Oblast	RU
Artemísio	39.0096	23.2280	3410	Central Greece	GR
Tăcuta	46.9167	27.6833	3410	Vaslui County	RO
Cornu de Jos	45.1566	25.7045	3410	Prahova	RO
Soborne	46.2251	29.2002	3410	Odesa	UA
Yuxarı Salahlı	41.2435	45.2668	3406	Qazax	AZ
Valea Crişului	45.9167	25.7667	3405	Covasna County	RO
Budila	45.6667	25.8000	3405	Brașov County	RO
Strejeşti	44.5333	24.2667	3404	Olt	RO
Gura Bîcului	46.9298	29.4598	3401	Anenii Noi	MD
Dilove	47.9356	24.1713	3400	Zakarpattia	UA
Moúdhros	39.8749	25.2710	3398	North Aegean	GR
Sânsimion	46.2500	25.8833	3397	Harghita County	RO
Jirlău	45.1667	27.1667	3397	Brăila County	RO
Noha	40.1532	18.1657	3396	Apulia	IT
Nazimiye	39.1799	39.8284	3396	Tunceli	TR
Huhlyne	47.1569	37.5777	3396	Donetsk	UA
Koran	43.8104	18.5700	3395	Srpska	BA
Ostojićevo	45.8886	20.1664	3395	Vojvodina	RS
Bocşa	47.2939	22.9140	3394	Sălaj County	RO
Stari Banovci	44.9842	20.2838	3393	Vojvodina	RS
Kızılcabölük	37.6119	29.0184	3392	Denizli	TR
Oglinzi	47.2505	26.3503	3391	Neamț County	RO
Sérvia	40.1797	21.9944	3390	West Macedonia	GR
Ponezhukay	44.8876	39.3855	3390	Adygeya Republic	RU
Klenak	44.7885	19.7100	3388	Vojvodina	RS
Ştefan cel Mare	46.9848	26.5107	3386	Neamț County	RO
Pietroasa	46.5833	22.5500	3386	Bihor County	RO
Lunca Cetățuii	47.0966	27.5632	3386	Iași County	RO
Chişlaz	47.2833	22.2333	3386	Bihor County	RO
Berevoeşti	45.2333	24.9167	3385	Arges	RO
Bălcăuţi	47.8915	26.0728	3384	Suceava	RO
Csolnok	47.6912	18.7161	3381	Komárom-Esztergom	HU
Zall-Bastar	41.4297	19.9303	3380	Tirana	AL
Vlăsineşti	47.9333	26.8833	3380	Botoșani County	RO
Baldovineşti	44.3833	24.0500	3380	Olt	RO
Uchkent	43.1143	47.0825	3380	Dagestan	RU
Pogana	46.3167	27.5667	3378	Vaslui County	RO
Bogdan Vodă	47.6920	24.2660	3377	Maramureş	RO
Bereşti-Bistriţa	46.7167	26.8333	3377	Bacău County	RO
Natyrbovo	44.7300	40.6264	3377	Adygeya Republic	RU
Mugi	42.2994	47.4208	3377	Dagestan	RU
Kafr Qaddūm	32.2216	35.1447	3376	West Bank	PS
Beldibi	36.7192	30.5638	3376	Antalya	TR
Ganzkertváros	47.4186	19.2152	3375	Budapest	HU
Lunca de Sus	46.5333	25.9667	3375	Harghita County	RO
Zagorochória	39.8809	20.8733	3374	Epirus	GR
Scorţoasa	45.3640	26.6612	3374	Buzău County	RO
Spitsevka	45.1231	42.5125	3374	Stavropol Kray	RU
Kafr Kammā	32.7219	35.4404	3373	Northern District	IL
Gostavăţu	44.0833	24.5333	3373	Olt	RO
Orleşti	44.8000	24.2167	3372	Vâlcea County	RO
Tililan	37.3743	42.0339	3372	Şırnak	TR
Gülyazı	37.3897	42.9892	3372	Şırnak	TR
Dunavtsi	43.9211	22.8211	3371	Vidin	BG
Nuradilovo	43.2845	46.4576	3371	Dagestan	RU
Szada	47.6333	19.3167	3370	Pest County	HU
Mūchesh	35.0573	47.1523	3370	Kurdistan Province	IR
Ştefan cel Mare	46.7167	27.6287	3370	Vaslui County	RO
Kardía	40.4691	22.9938	3369	Central Macedonia	GR
Răteşti	44.7333	25.1333	3368	Arges	RO
Şambayat	37.6844	38.0468	3368	Adıyaman Province	TR
Vintilă Vodă	45.4667	26.7167	3367	Buzău County	RO
Parava	46.3000	27.0000	3367	Bacău County	RO
Dioşti	44.1167	24.1833	3366	Dolj	RO
Pleşoiu	44.4667	24.2667	3365	Olt	RO
Kurakh	41.5849	47.7821	3364	Dagestan	RU
Kairy	46.9461	33.7052	3364	Kherson	UA
Chornianka	46.6517	33.3596	3363	Kherson	UA
Buruienești	46.9960	26.9773	3361	Neamț County	RO
Giorgilorio	40.3868	18.1487	3360	Apulia	IT
Cervenia	43.8333	25.4667	3360	Teleorman County	RO
Qāẕī Jahān	37.7758	45.9413	3359	East Azerbaijan	IR
Trivalea-Moşteni	44.2667	25.2333	3359	Teleorman County	RO
Kara-Tyube	44.6336	45.4369	3359	Stavropol Kray	RU
Mărginenii de Jos	44.9591	25.7599	3354	Prahova	RO
Călineşti	47.7842	23.9696	3354	Maramureş	RO
Nurluca	41.0327	40.9082	3354	Rize Province	TR
Verőce	47.8247	19.0348	3352	Pest County	HU
Olteni	44.1833	25.2833	3352	Teleorman County	RO
Sinjë	40.6468	19.8692	3351	Berat County	AL
Pietroşani	43.7138	25.6441	3351	Teleorman County	RO
Castrignano del Capo	39.8328	18.3509	3350	Apulia	IT
Lunca Corbului	44.6839	24.7585	3350	Arges	RO
Upornaya	44.3914	41.0196	3350	Krasnodar Krai	RU
Uluyatır	36.9633	37.6936	3350	Gaziantep	TR
Esentepe	37.0421	35.2274	3350	Adana	TR
Urozhaynoye	45.0452	34.1351	3350	Crimea	UA
Didi Lilo	41.7361	44.9647	3349	Kvemo Kartli	GE
Star Dojran	41.1869	22.7186	3348	Dojran	MK
Braniştea	47.1667	24.0667	3347	Bistrița-Năsăud County	RO
Borş	47.1167	21.8167	3346	Bihor County	RO
Melikhovskaya	47.4811	40.4867	3346	Rostov	RU
Incekum	36.6443	31.7352	3345	Antalya	TR
Vulturu	45.6167	27.4167	3344	Vrancea	RO
Velykoploske	47.0140	29.6688	3344	Odesa	UA
Berdavan	41.2050	44.9997	3343	Tavush	AM
Rast	43.8833	23.2833	3343	Dolj	RO
Akhtanizovskaya	45.3213	37.1007	3342	Krasnodar Krai	RU
Thesprotikó	39.2511	20.7853	3341	Epirus	GR
Salama	32.8929	35.3711	3340	Northern District	IL
Zletovo	41.9886	22.2361	3340	Probishtip	MK
Andrano	39.9855	18.3823	3339	Apulia	IT
Dobrošte	42.1033	21.0778	3339	Tetovo	MK
Novyye Vikri	42.3005	47.9938	3338	Dagestan	RU
Salcia	44.1408	22.9278	3337	Mehedinți County	RO
Reviga	44.7167	27.1000	3337	Ialomița County	RO
Strogonovka	44.9497	34.1792	3337	Crimea	UA
Malko Tarnovo	41.9796	27.5248	3336	Burgas	BG
Nyírbogát	47.8034	22.0656	3336	Szabolcs-Szatmár-Bereg	HU
Spongano	40.0178	18.3656	3335	Apulia	IT
Poeni	44.4000	25.3333	3335	Teleorman County	RO
Ciuani	44.2333	25.6500	3334	Teleorman County	RO
Aninoasa	45.1833	24.9333	3334	Arges	RO
Uglovoye	44.8215	33.6045	3334	Crimea	UA
Ecser	47.4439	19.3245	3333	Pest County	HU
Săhăteni	45.0333	26.5167	3333	Buzău County	RO
Godeni	45.2333	24.9833	3333	Arges	RO
Banatsko Veliko Selo	45.8196	20.6077	3332	Vojvodina	RS
Temiraul	43.2532	46.8254	3331	Dagestan	RU
Dyshne-Vedeno	42.9644	46.1158	3330	Chechnya	RU
Dzhebel	41.4957	25.3036	3329	Kardzhali	BG
Giuleşti	47.8167	23.9333	3328	Maramureş	RO
Bertea	45.2333	25.8667	3328	Prahova	RO
Balatonkenese	47.0402	18.1067	3326	Veszprém	HU
Poduri	46.6167	24.0667	3326	Mureș County	RO
Ashotsk	41.0377	43.8584	3325	Shirak	AM
Ormeniş	46.0167	25.5500	3325	Brașov County	RO
Mykhaylivka	45.1133	33.6107	3325	Crimea	UA
Vladislavovka	45.1665	35.3727	3324	Crimea	UA
Punghina	44.2819	22.9347	3322	Mehedinți County	RO
Brâncoveni	44.3167	24.3000	3321	Olt	RO
Perivólia	35.4849	23.9942	3320	Crete	GR
Īvāowghlī	38.7146	45.2065	3320	West Azerbaijan	IR
Yuzhnyy	44.7211	39.8792	3320	Krasnodar Krai	RU
Malokaterynivka	47.6557	35.2573	3320	Zaporizhzhia	UA
Văleni	44.2333	24.7833	3317	Olt	RO
Ghirdoveni	44.9406	25.6737	3317	Dâmbovița County	RO
Akkışla	39.0022	36.1738	3317	Kayseri	TR
Yelizavetinskoye	45.0072	43.3494	3316	Stavropol Kray	RU
Aygehovit	40.9795	45.2503	3315	Tavush	AM
Poiana Mărului	45.6000	25.3000	3315	Brașov County	RO
Galyugayevskaya	43.6969	44.9344	3313	Stavropol Kray	RU
Podgoria	45.4180	27.0300	3312	Buzău County	RO
Karaburun	38.6364	26.5109	3312	İzmir Province	TR
Vişina	43.8667	24.4500	3311	Olt	RO
Bököny	47.7333	21.7500	3310	Szabolcs-Szatmár-Bereg	HU
Pomezeu	46.7833	22.2833	3310	Bihor County	RO
Beriu	45.7833	23.1833	3309	Hunedoara County	RO
Nagyréde	47.7654	19.8482	3308	Heves County	HU
Pianu de Sus	45.9000	23.4833	3308	Alba County	RO
Vynohradivka	45.8282	29.3823	3306	Odesa	UA
Olovo	44.1277	18.5806	3305	Federation of B&H	BA
Tīl	38.2484	45.4618	3303	East Azerbaijan	IR
Alekseyevskaya	45.7717	40.1553	3303	Krasnodar Krai	RU
Lití	40.7453	22.9798	3302	Central Macedonia	GR
Deveselu	44.0667	24.3833	3302	Olt	RO
Lymans’ke	45.4295	28.4133	3302	Odesa	UA
Lugavčina	44.5231	21.0708	3300	Central Serbia	RS
El’brus	43.2577	42.6444	3300	Kabardino-Balkariya Republic	RU
Hosszúhetény	46.1641	18.3508	3299	Baranya	HU
Iaslovăț	47.7586	25.9774	3299	Suceava	RO
Cevizli	37.0172	29.2986	3299	Denizli	TR
Pietroşiţa	45.1833	25.4333	3298	Dâmbovița County	RO
Cumhuriyet	41.2035	36.6884	3298	Samsun	TR
Căpățânești	45.1833	26.8000	3296	Buzău County	RO
Gropeni	45.0755	27.8797	3296	Brăila County	RO
Bátorove Kosihy	47.8294	18.4202	3296	Nitra Region	SK
Garāb	33.4738	47.2362	3295	Lorestan Province	IR
Ustia	47.2552	29.1241	3295	Dubăsari District	MD
Baracs	46.8820	18.9066	3294	Fejér	HU
Uggiano la Chiesa	40.1009	18.4487	3294	Apulia	IT
Folteşti	45.7500	28.0500	3294	Galați County	RO
Tsur Moshe	32.2983	34.9124	3291	Central District	IL
Plopana	46.6833	27.2167	3291	Bacău County	RO
Mihai Viteazu	44.6333	28.6833	3291	Constanța County	RO
Cornereva	45.0667	22.4167	3291	Caraș-Severin County	RO
Abram	47.3167	22.3833	3291	Bihor County	RO
Tavryiske	47.6531	35.6951	3291	Zaporizhzhia	UA
Sarafovo	42.5608	27.5220	3290	Burgas	BG
Ássiros	40.8211	23.0314	3290	Central Macedonia	GR
Jamu Mare	45.2542	21.4169	3289	Timiș County	RO
Crivina	45.5833	25.9833	3289	Brașov County	RO
Brăeşti	47.1500	27.1000	3289	Iași County	RO
Musaler	40.1557	44.3779	3287	Armavir	AM
Azdavay	41.6427	33.3000	3287	Kastamonu	TR
Tufeni	44.3667	24.7833	3286	Olt	RO
Bolboşi	44.7500	23.2167	3286	Gorj County	RO
Dusnok	46.3909	18.9630	3284	Bács-Kiskun	HU
Oniceni	46.8167	27.1500	3284	Neamț County	RO
Seyitgazi	39.4447	30.6947	3284	Eskişehir	TR
Buhovo	42.7667	23.5667	3283	Sofia-Capital	BG
Ulmeni	45.0667	26.6500	3283	Buzău County	RO
Shīrāmīn	37.6404	45.8686	3282	East Azerbaijan	IR
Grojdibodu	43.7500	24.2667	3282	Olt	RO
Arguvan	38.7737	38.2633	3282	Malatya	TR
Srpski Itebej	45.5671	20.7135	3281	Vojvodina	RS
Stăuceni	47.7167	26.7500	3279	Botoșani County	RO
Coţofăneşti	46.1500	26.9833	3279	Bacău County	RO
Albeşti	46.5000	27.8667	3279	Vaslui County	RO
Ugrinovci	44.8764	20.1876	3278	Central Serbia	RS
Horia	46.9070	26.9192	3277	Neamț County	RO
‘Uzayr	32.7907	35.3247	3276	Northern District	IL
Rummanah	32.5245	35.2048	3275	West Bank	PS
Lunca Ilvei	47.3667	24.9833	3275	Bistrița-Năsăud County	RO
Níkaia	39.5667	22.4667	3274	Thessaly	GR
Beliu	46.4833	21.9833	3274	Arad County	RO
Hacıpaşa	36.0691	36.3708	3274	Hatay	TR
Poienari	46.8878	27.1276	3273	Neamț County	RO
Çatalzeytin	41.9531	34.2163	3273	Kastamonu	TR
Vostan	39.9652	44.5594	3272	Ararat	AM
Oichalía	39.6083	21.9800	3271	Thessaly	GR
Dobreni	44.4167	25.1167	3271	Teleorman County	RO
Soluno-Dmitriyevskoye	44.4074	42.7240	3270	Stavropol Kray	RU
Yeniköy	37.8804	41.0500	3269	Batman	TR
Zsombó	46.3257	19.9746	3268	Csongrád	HU
Ierissós	40.3975	23.8751	3266	Central Macedonia	GR
Al Fandaqūmīyah	32.3206	35.2033	3266	West Bank	PS
Zhemtala	43.2841	43.6559	3266	Kabardino-Balkariya Republic	RU
Aknalich	40.1473	44.1667	3265	Armavir	AM
Prăjeni	47.5167	27.0167	3265	Botoșani County	RO
Grajduri	46.9667	27.5167	3264	Iași County	RO
Lutkun	41.4808	47.6858	3264	Dagestan	RU
Cerneți	44.6348	22.7093	3263	Mehedinți County	RO
Klos	40.9461	20.0097	3262	Elbasan County	AL
Hidişelu de Sus	46.9500	22.0500	3262	Bihor County	RO
Urtsadzor	39.9195	44.8251	3261	Ararat	AM
Halfeti	37.2453	37.8687	3261	Şanlıurfa	TR
Racoviţa	45.6983	21.6358	3260	Timiș County	RO
Kızılırmak	40.3456	33.9864	3260	Çankırı	TR
Laki	41.8500	24.8167	3258	Plovdiv	BG
Aluniş	46.8929	24.8285	3258	Mureș County	RO
Pietrari	45.1000	24.1333	3257	Vâlcea County	RO
Buda	45.5000	26.9000	3257	Buzău County	RO
Koiláda	39.5736	22.3036	3256	Thessaly	GR
Berteştii de Jos	44.8333	27.7500	3256	Brăila County	RO
Földeák	46.3167	20.5000	3255	Csongrád	HU
Sa‘īdābād	38.5651	45.0228	3255	West Azerbaijan	IR
Koutsopódi	37.6843	22.7136	3254	Peloponnese	GR
Belgatoy	43.1900	45.8308	3254	Chechnya	RU
Şura Mare	45.8500	24.1667	3253	Sibiu County	RO
Mahmudlu	40.8529	46.1602	3252	Şǝmkir	AZ
Slivo Pole	43.9425	26.2046	3252	Ruse	BG
Lugaşu de Jos	47.0667	22.3500	3252	Bihor County	RO
Vinogradnyy	45.0561	37.3212	3250	Krasnodar Krai	RU
Kruglolesskoye	44.6589	42.8142	3249	Stavropol Kray	RU
Kalofer	42.6167	24.9833	3248	Plovdiv	BG
Skotoússa	41.1284	23.3817	3248	Central Macedonia	GR
Vârfurile	46.3167	22.5167	3247	Arad County	RO
Afumaţi	44.0000	23.4667	3247	Dolj	RO
Neápoli	40.3127	21.3877	3246	West Macedonia	GR
Madaras	46.0587	19.2612	3246	Bács-Kiskun	HU
Ordzhonikidzevskiy	43.8423	41.8964	3246	Karachayevo-Cherkesiya Republic	RU
Argel	40.3712	44.5962	3245	Kotayk	AM
Avlónas	38.2515	23.6955	3244	Attica	GR
Solaklı	36.8125	35.3356	3244	Adana	TR
Gjinkar	40.1994	20.4061	3243	Gjirokastër County	AL
Salcia	43.9500	24.9167	3243	Teleorman County	RO
Gherăseni	45.0259	26.7913	3243	Buzău County	RO
Gioseni	46.4293	26.9924	3243	Bacău County	RO
Krasnyy Kurgan	43.9422	42.6108	3243	Karachayevo-Cherkesiya Republic	RU
Röszke	46.1880	20.0337	3241	Csongrád	HU
Sitagroí	41.1107	24.0276	3240	East Macedonia and Thrace	GR
Batinci	41.9191	21.4798	3239	Studenichani	MK
Săvârşin	46.0167	22.2333	3239	Arad County	RO
Yablanitsa	43.0281	24.1024	3237	Lovech	BG
Pârcovaci	47.4359	26.8508	3237	Iași County	RO
Zrnovci	41.8554	22.4445	3236	Zrnovci	MK
Ștefan cel Mare	44.4264	27.6456	3236	Călărași County	RO
Orlovka	44.6914	44.1744	3236	Stavropol Kray	RU
Dneprovskaya	45.6236	38.8081	3236	Krasnodar Krai	RU
Thásos	40.7781	24.7094	3234	East Macedonia and Thrace	GR
Săpânţa	47.9642	23.7000	3234	Maramureş	RO
Beltiug	47.5500	22.8500	3233	Satu Mare County	RO
Valcău de Jos	47.1273	22.7420	3232	Sălaj County	RO
Mateeşti	45.0667	23.8500	3232	Vâlcea County	RO
Loamneş	45.9333	24.1000	3231	Sibiu County	RO
Recea	44.5333	25.0167	3229	Arges	RO
Stăneşti	43.9167	25.8333	3228	Giurgiu County	RO
Dayr Mākir	33.2329	36.0275	3228	Rif-dimashq	SY
Laituri	41.9125	41.9092	3225	Guria	GE
Csanádpalota	46.2500	20.7333	3224	Csongrád	HU
Lepsény	46.9904	18.2436	3224	Fejér	HU
Kápolnásnyék	47.2400	18.6756	3224	Fejér	HU
Voskehat	40.1417	44.3307	3223	Armavir	AM
Felsőtárkány	47.9667	20.4167	3223	Heves County	HU
Vișeu de Mijloc	47.7156	24.4066	3223	Maramureş	RO
Scărişoara	44.0000	24.5667	3221	Olt	RO
Nuşeni	47.1000	24.2000	3221	Bistrița-Năsăud County	RO
Karşıyaka	40.6936	29.9415	3221	Kocaeli	TR
Mârșa	45.7000	24.3705	3220	Sibiu County	RO
Roma	47.8333	26.6000	3218	Botoșani County	RO
Lunga	47.2430	29.1872	3217	Transnistria	MD
Redea	44.0500	24.3000	3217	Olt	RO
Aygezard	39.9544	44.6023	3215	Ararat	AM
Seydiler	41.6200	33.7182	3215	Kastamonu	TR
Vităneşti	44.0000	25.4167	3214	Teleorman County	RO
Valea Dragului	44.2122	26.3036	3214	Giurgiu County	RO
Recea	45.7133	24.9315	3213	Brașov County	RO
Pavel Banya	42.6000	25.2000	3212	Stara Zagora	BG
Erdőtelek	47.6833	20.3167	3212	Heves County	HU
Dârlos	46.1833	24.4000	3212	Sibiu County	RO
Crâmpoia	44.3021	24.7451	3212	Olt	RO
Lipolist	44.6978	19.5010	3212	Central Serbia	RS
Kýmina	40.6135	22.6928	3210	Central Macedonia	GR
Mihail Kogălniceanu	45.0333	28.7333	3210	Tulcea County	RO
Novi Slankamen	45.1255	20.2391	3210	Vojvodina	RS
Vozuća	44.3588	18.3540	3209		BA
Shaami-Yurt	43.2265	45.3882	3209	Chechnya	RU
Kremikovtsi	42.7833	23.5000	3208	Sofia-Capital	BG
Néa Tírins	37.6079	22.8200	3207	Peloponnese	GR
Kulpin	45.4024	19.5881	3207	Vojvodina	RS
Dranda	42.8717	41.1533	3205	Abkhazia	GE
Kasrik	37.4018	42.1794	3204	Şırnak	TR
Vârtoapele de Jos	44.1833	25.2000	3201	Teleorman County	RO
Guzanli	40.1591	47.1653	3200	Ağdam	AZ
Vurghun	41.0952	45.4711	3200	Ağstafa	AZ
Movileni	45.7615	27.3718	3200	Galați County	RO
Kubanskiy	45.9292	40.5806	3200	Krasnodar Krai	RU
Suvorovskoye	45.2517	33.3719	3200	Crimea	UA
Pişcolt	47.5833	22.3000	3199	Satu Mare County	RO
Jayyūs	32.2013	35.0342	3196	West Bank	PS
Bisbin	37.3393	42.5695	3196	Şırnak	TR
Giurgiţa	44.0167	23.6333	3195	Dolj	RO
Kryzhanivka	46.5628	30.7950	3195	Odesa	UA
Rotunda	43.9833	24.3167	3194	Olt	RO
Orlat	45.7500	23.9667	3193	Sibiu County	RO
Aghireșu-Fabrici	46.8669	23.2713	3193	Cluj County	RO
Hoceni	46.5392	28.0067	3192	Vaslui County	RO
Cozmeşti	46.8833	27.9833	3192	Iași County	RO
Costeşti	46.5000	27.7500	3192	Vaslui County	RO
Čenta	45.1081	20.3895	3192	Vojvodina	RS
Zeytindağ	38.9672	27.0722	3192	İzmir Province	TR
Çatax	40.7262	45.5592	3189	Tovuz District	AZ
Abasár	47.7970	20.0032	3189	Heves County	HU
Besleney	44.2405	41.7387	3189	Karachayevo-Cherkesiya Republic	RU
Gherţa Mică	47.9333	23.2333	3188	Satu Mare County	RO
Sary-Tyuz	43.9018	41.8952	3188	Karachayevo-Cherkesiya Republic	RU
Sarıseki	36.6694	36.2147	3188	Hatay	TR
Lefkónoiko	35.2598	33.7319	3187	Ammochostos	CY
Pojejena	44.7742	21.5792	3187	Caraș-Severin County	RO
Moşna	46.0833	24.4000	3187	Sibiu County	RO
Bozovici	44.9389	22.0017	3187	Caraș-Severin County	RO
Riđica	45.9909	19.1063	3186	Vojvodina	RS
Perepravnaya	44.3366	40.7849	3186	Krasnodar Krai	RU
Güneren	36.7342	39.0886	3185	Şanlıurfa	TR
Tuzcular	41.5671	32.3104	3185	Bartın	TR
Domneşti	45.2000	24.8333	3182	Arges	RO
Pilisborosjenő	47.6074	18.9932	3180	Pest County	HU
Gălbinași	44.3172	26.4194	3180	Călărași County	RO
Oșorhei	47.0333	22.0500	3179	Bihor County	RO
Bogdand	47.4167	22.9333	3179	Satu Mare County	RO
Kuba-Taba	43.7761	43.4428	3179	Kabardino-Balkariya Republic	RU
Dumlupınar	38.8541	29.9772	3179	Kütahya	TR
Novoselovskoye	45.4428	33.5979	3179	Crimea	UA
Viile Satu Mare	47.6667	22.9500	3178	Satu Mare County	RO
Traian	44.7635	27.3434	3178	Ialomița County	RO
Gubskaya	44.3164	40.6358	3178	Krasnodar Krai	RU
Bakonycsernye	47.3240	18.0751	3177	Fejér	HU
Zamostea	47.8667	26.2000	3177	Suceava	RO
Obrovac	45.3211	19.3505	3177	Vojvodina	RS
Malodolynske	46.3564	30.6311	3177	Odesa	UA
Markov Grad	41.3572	21.5325	3175	Prilep	MK
Bayt Ībā	32.2372	35.2098	3175	West Bank	PS
Şugag	45.7667	23.6333	3175	Alba County	RO
Stâlpu	45.0833	26.7167	3175	Buzău County	RO
Gălăţeni	44.2167	25.3500	3175	Teleorman County	RO
Nuci	44.7167	26.3000	3174	Ilfov	RO
Fărcaşa	47.1667	25.8333	3173	Neamț County	RO
Cociuba Mare	46.7333	22.0000	3173	Bihor County	RO
Kardamítsia	39.6782	20.8196	3172	Epirus	GR
Fassūta	33.0488	35.3090	3172	Northern District	IL
Dmytrivka	47.9361	38.9366	3170	Donetsk	UA
Norakert	40.1973	44.3501	3168	Armavir	AM
Cotu Vameș	46.9060	26.9553	3168	Neamț County	RO
Prikubanskiy	45.0015	41.1795	3168	Krasnodar Krai	RU
Hadzhidimovo	41.5222	23.8686	3167	Blagoevgrad	BG
Hajdúszovát	47.3833	21.4833	3167	Hajdú-Bihar	HU
Baghramyan	40.1932	44.3693	3166	Armavir	AM
Qaraxanlı	41.0436	45.6553	3166	Tovuz District	AZ
Belitsa	41.9508	23.5583	3166	Blagoevgrad	BG
Galatás	35.4986	23.9634	3166	Crete	GR
Porumbacu de Jos	45.7500	24.4500	3166	Sibiu County	RO
Liţa	43.8000	24.8167	3166	Teleorman County	RO
Valea Mare	44.6667	24.0000	3165	Vâlcea County	RO
Popeşti	45.0057	24.0766	3164	Vâlcea County	RO
Kavaklıdere	38.4498	27.3144	3164	İzmir Province	TR
Bilje	45.6069	18.7439	3163	County of Osijek-Baranja	HR
Nyírpazony	47.9833	21.8000	3162	Szabolcs-Szatmár-Bereg	HU
Urdari	44.8000	23.3000	3162	Gorj County	RO
Čajetina	43.7498	19.7127	3162	Central Serbia	RS
Lovćenac	45.6816	19.6920	3161	Vojvodina	RS
Nikolaevo	42.6333	25.8000	3160	Stara Zagora	BG
Gyöngyössolymos	47.8172	19.9362	3160	Heves County	HU
Arménoi	35.4292	24.1584	3159	Crete	GR
Voitinel	47.8837	25.7573	3159	Suceava	RO
Scorţeni	46.5500	26.6500	3159	Bacău County	RO
Slobozia-Câmpineanca	45.7000	27.1333	3158	Vrancea	RO
Tepecik	38.1335	26.8359	3158	İzmir Province	TR
Săpoca	45.2500	26.7500	3156	Buzău County	RO
Coarnele Caprei	47.3833	27.1000	3156	Iași County	RO
Gornoye Loo	43.7129	39.6049	3156	Krasnodar Krai	RU
Tápiószőlős	47.3025	19.8513	3155	Pest County	HU
Kardzhin	43.2737	44.2908	3154	North Ossetia–Alania	RU
Caraşova	45.1986	21.8700	3153	Caraș-Severin County	RO
Druzhba	44.1953	42.0170	3153	Karachayevo-Cherkesiya Republic	RU
Pehlivanköy	41.3481	26.9252	3153	Kırklareli	TR
Lipovu	44.1000	23.6333	3152	Dolj	RO
Denta	45.3539	21.2492	3152	Timiș County	RO
Etoka	43.9130	43.0370	3152	Stavropol Kray	RU
Vani	42.0841	42.5119	3151	Imereti	GE
Shepsi	44.0355	39.1474	3151	Krasnodar Krai	RU
Shevchenkove	46.8629	32.2027	3150	Mykolaiv	UA
Alepoú	39.6159	19.8956	3149	Ionian Islands	GR
Drugovo	41.4849	20.9264	3149	Kichevo	MK
Rosh Pinna	32.9689	35.5418	3148	Northern District	IL
Laslea	46.2167	24.6500	3147	Sibiu County	RO
Zenzeli	45.9241	47.0474	3147	Astrakhan Oblast	RU
Elmalı	41.1390	29.1297	3147	Istanbul	TR
Kosh	40.3000	44.1525	3146	Aragatsotn	AM
Oşeşti	46.7667	27.4667	3146	Vaslui County	RO
Novoblagodarnoye	44.1433	42.8750	3146	Stavropol Kray	RU
Nagutskoye	44.4415	42.8762	3146	Stavropol Kray	RU
Üllés	46.3361	19.8445	3145	Csongrád	HU
Ostra	47.4000	25.7667	3145	Suceava	RO
Independenţa	43.9667	28.0833	3145	Constanța County	RO
Dmytrivka	45.6419	29.3722	3144	Odesa	UA
Komsomolets	44.0197	43.5697	3143	Stavropol Kray	RU
Shedok	44.2179	40.8487	3142	Krasnodar Krai	RU
Poieneşti	46.6167	27.5333	3141	Vaslui County	RO
Letnik	46.0110	41.2657	3141	Rostov	RU
Peresadivka	47.1135	32.1908	3141	Mykolaiv	UA
Seleuş	46.3833	21.7167	3140	Arad County	RO
Rozivka	47.3954	37.0708	3140	Zaporizhzhia	UA
Alexandru Vlăhuţă	46.4167	27.6333	3139	Vaslui County	RO
Kovalevskoye	45.1942	40.9761	3139	Krasnodar Krai	RU
Sălacea	47.4667	22.3167	3138	Bihor County	RO
Sokolovskoye	45.2583	40.6797	3138	Krasnodar Krai	RU
Slobozia	46.8489	26.5334	3136	Neamț County	RO
Obreja	45.4833	22.2500	3136	Caraș-Severin County	RO
Ibarac	42.8361	20.1619	3135	Rožaje Municipality	ME
Náousa	37.1218	25.2401	3134	South Aegean	GR
Săruleşti	44.4167	26.6500	3134	Călărași County	RO
Pryvitne	45.1197	35.0596	3134	Crimea	UA
Nuštar	45.3325	18.8414	3132	Vukovar-Srijem	HR
Karácsond	47.7296	20.0308	3132	Heves County	HU
Nagyigmánd	47.6409	18.0813	3132	Komárom-Esztergom	HU
Kifil Ḩāris	32.1183	35.1572	3132	West Bank	PS
Boldog	47.6028	19.6884	3131	Heves County	HU
Hodod	47.4000	23.0333	3131	Satu Mare County	RO
Khambi-Irze	43.2350	45.4530	3130	Chechnya	RU
Kafr Şaghīr	36.2926	37.2559	3130	Aleppo	SY
Movileni	47.3167	27.3500	3129	Iași County	RO
Verkhniy Kurkuzhin	43.6956	43.2747	3129	Kabardino-Balkariya Republic	RU
Taşköprü	40.6736	29.3911	3129	Yalova	TR
Şoimari	45.1833	26.2000	3127	Prahova	RO
Breaza	45.1000	26.5333	3127	Buzău County	RO
Megáli Panagía	40.4451	23.6800	3126	Central Macedonia	GR
Şendreni	45.4120	27.9267	3126	Galați County	RO
Gruia	44.2675	22.7047	3126	Mehedinți County	RO
Brateiu	46.1667	24.4167	3126	Sibiu County	RO
Jászkarajenő	47.0500	20.0667	3125	Pest County	HU
Rieni	46.5748	22.4458	3125	Bihor County	RO
Vezirhan	40.2447	30.0200	3123	Bilecik	TR
Gavojdia	45.6167	22.0167	3122	Timiș County	RO
Sacoşu Turcesc	45.6519	21.4289	3121	Timiș County	RO
Şerbăneşti	44.3333	24.7000	3120	Olt	RO
Lazurne	46.0829	32.5256	3119	Kherson	UA
Petrodolynske	46.4338	30.4038	3118	Odesa	UA
Ráckeresztúr	47.2736	18.8334	3117	Fejér	HU
Dragomireşti	47.6684	24.2911	3116	Maramureş	RO
Paralía Avlídhos	38.3800	23.6284	3115	Central Greece	GR
Văgiuleşti	44.7167	23.0833	3114	Gorj County	RO
Meteş	46.1000	23.4167	3114	Alba County	RO
Kıbrıscık	40.4078	31.8519	3114	Bolu	TR
Vințu de Jos	45.9946	23.4861	3113	Alba County	RO
Kinski Rozdory	47.4118	36.4227	3113	Zaporizhzhia	UA
Urzicuţa	44.0167	23.5500	3112	Dolj	RO
Schitu	44.3500	24.5667	3112	Olt	RO
Horleşti	47.1167	27.3667	3112	Iași County	RO
Gura Caliţei	45.5833	27.0167	3111	Vrancea	RO
Golubovci	42.3352	19.2310	3110	Zeta	ME
Pryshyb	47.2561	35.3243	3110	Zaporizhzhia	UA
Vedea	44.0920	25.0650	3108	Teleorman County	RO
Pobednoye	45.7011	34.4481	3108	Crimea	UA
Ujan	40.2967	44.2050	3107	Aragatsotn	AM
Shaumiani	41.3513	44.7645	3107	Kvemo Kartli	GE
Siminicea	47.7000	26.4000	3107	Suceava	RO
Pojorâta	47.5167	25.4500	3107	Suceava	RO
Starodzhereliyevskaya	45.4760	38.2968	3106	Krasnodar Krai	RU
Paravóla	38.6147	21.5205	3105	West Greece	GR
Jīsh	33.0222	35.4466	3105	Northern District	IL
Markīd	38.4990	45.6265	3104	East Azerbaijan	IR
Şieu	47.0167	24.6000	3103	Bistrița-Năsăud County	RO
Tran	42.8353	22.6517	3102	Pernik	BG
K’olkhida	43.2578	40.2877	3102	Abkhazia	GE
Valea Mare-Podgoria	44.8851	24.9061	3102	Arges	RO
Hévízgyörk	47.6333	19.5167	3101	Pest County	HU
Şāḩeb	36.2025	46.4609	3101	Kurdistan Province	IR
Negri	46.7000	26.9667	3101	Bacău County	RO
Ciocile	44.8167	27.2333	3101	Brăila County	RO
Chelopechene	42.7324	23.4739	3100	Sofia-Capital	BG
Dmanisi	41.3318	44.2030	3099	Kvemo Kartli	GE
Nizhniy Cherek	43.5131	43.9139	3098	Kabardino-Balkariya Republic	RU
Şamād	32.4764	36.5211	3098	Daraa	SY
Bordány	46.3184	19.9231	3097	Csongrád	HU
Sălsig	47.5333	23.3000	3097	Maramureş	RO
Grămeşti	47.9167	26.1500	3097	Suceava	RO
Grazhdanskoye	44.2300	42.7698	3097	Stavropol Kray	RU
Sholokhove	47.6916	33.9897	3097	Dnipropetrovsk	UA
Kheivani	43.3841	40.0436	3096	Abkhazia	GE
Vélo	37.9761	22.7599	3096	Peloponnese	GR
Solomenskoye	44.2167	44.3528	3096	Stavropol Kray	RU
Enginalan	39.9612	44.0315	3096	Iğdır	TR
Nicolae Titulescu	44.3000	24.8000	3095	Olt	RO
Mirskoy	45.5439	40.3998	3095	Krasnodar Krai	RU
Sălăţig	47.3667	23.1333	3094	Sălaj County	RO
Dângeni	47.8500	26.9667	3094	Botoșani County	RO
Răsuceni	44.0917	25.6639	3090	Giurgiu County	RO
Daia	44.0000	25.9833	3090	Giurgiu County	RO
Krasnaya Polyana	45.0548	41.1031	3090	Krasnodar Krai	RU
Vysokoye	43.4630	39.9670	3090	Krasnodar Krai	RU
Valea Danului	45.1833	24.6500	3089	Arges	RO
Muxtariyyat	40.8187	46.1051	3088	Şǝmkir	AZ
Jászjákóhalma	47.5204	19.9909	3088	Jász-Nagykun-Szolnok	HU
Lakihegy	47.3777	19.0103	3088	Pest County	HU
Morteni	44.6667	25.2333	3088	Dâmbovița County	RO
Apold	46.1167	24.8167	3086	Mureș County	RO
Poshtove	44.8354	33.9616	3086	Crimea	UA
Artsvanist	40.1486	45.5087	3084	Gegharkunik	AM
Borino	41.6853	24.2902	3084	Smolyan	BG
Remetea	46.7333	22.3500	3084	Bihor County	RO
Dămuc	46.8000	25.9000	3084	Neamț County	RO
Roşiori	44.8000	27.3833	3083	Brăila County	RO
Hida	47.0667	23.2833	3083	Sălaj County	RO
Adâncata	44.7667	26.4333	3083	Ialomița County	RO
Bicaz-Chei	46.8167	25.8833	3082	Neamț County	RO
Tansa	46.9167	27.2333	3081	Iași County	RO
Lunca	46.5167	22.4667	3081	Bihor County	RO
Staropavlovskaya	43.8489	43.6328	3081	Stavropol Kray	RU
Chlói	40.5392	21.2592	3079	West Macedonia	GR
Vysotskoye	45.0250	42.9064	3078	Stavropol Kray	RU
Bácsbokod	46.1250	19.1562	3077	Bács-Kiskun	HU
‘Ibwayn	32.0314	35.1999	3077	West Bank	PS
Stroeşti	45.0833	23.9000	3076	Vâlcea County	RO
Gornet	45.1167	26.0667	3076	Prahova	RO
Putinci	44.9926	19.9710	3075	Vojvodina	RS
Giurgiuleşti	45.4817	28.1972	3074	Cahul	MD
Scânteia	44.7340	27.4659	3073	Ialomița County	RO
Gura Ocniței	44.9417	25.5685	3073	Dâmbovița County	RO
Halıdere	40.7160	29.7522	3073	Kocaeli	TR
Far‘ūn	32.2861	35.0233	3072	West Bank	PS
Grabovac	44.6005	20.0854	3072	Central Serbia	RS
Néa Tríglia	40.3058	23.2066	3071	Central Macedonia	GR
Krepuska Géza-telep	47.4121	19.2003	3071	Budapest	HU
Măgura	44.0333	25.4000	3070	Teleorman County	RO
Buneşti	46.8323	27.9685	3070	Vaslui County	RO
Terskaya	43.7238	44.7244	3069	North Ossetia–Alania	RU
Irkliyevskaya	45.8563	39.6538	3068	Krasnodar Krai	RU
Beloye	45.0483	39.6514	3067	Adygeya Republic	RU
Gölköy	40.6991	31.5101	3067	Bolu	TR
Kaghtsrashen	39.9805	44.6251	3066	Ararat	AM
Bugac	46.6870	19.6807	3066	Bács-Kiskun	HU
Szob	47.8192	18.8702	3065	Pest County	HU
Palanca	46.5333	26.1167	3065	Bacău County	RO
Găiceana	46.3333	27.2167	3063	Bacău County	RO
Boroşneu Mare	45.8167	26.0000	3063	Covasna County	RO
Alexandru Odobescu	44.2667	27.0833	3062	Călărași County	RO
Petőfibánya	47.7696	19.6999	3061	Heves County	HU
Aleksandrovo	45.6375	20.5929	3061	Vojvodina	RS
Žitište	45.4850	20.5497	3060	Vojvodina	RS
Sződ	47.7244	19.1705	3059	Pest County	HU
Dunabogdány	47.7905	19.0413	3059	Pest County	HU
Izvoru Bârzii	44.7067	22.6742	3059	Mehedinți County	RO
Jrarat	40.0721	44.2714	3057	Armavir	AM
Podvinje	45.1903	18.0269	3057	Brod-Posavina	HR
Grădiştea	44.8776	23.8270	3057	Vâlcea County	RO
Daia Română	46.0167	23.6667	3057	Alba County	RO
Brânceni	43.8833	25.4000	3057	Teleorman County	RO
Bozieni	46.8333	27.1500	3057	Neamț County	RO
Miloşeşti	44.7333	27.2333	3056	Ialomița County	RO
Arras	41.7358	20.3242	3055	Dibër County	AL
Pemzashen	40.5861	43.9431	3055	Shirak	AM
Malu	43.8152	25.8186	3055	Giurgiu County	RO
Kocsord	47.9391	22.3833	3054	Szabolcs-Szatmár-Bereg	HU
Zaytā	32.3856	35.0512	3052	West Bank	PS
Kavkazskiy	44.2670	42.2322	3052	Karachayevo-Cherkesiya Republic	RU
Tillo	37.9491	42.0121	3052	Siirt	TR
Ishkhoy-Yurt	43.2128	46.3894	3051	Chechnya	RU
Frunze	45.0269	33.6296	3051	Crimea	UA
Golema Rečica	41.9880	20.9452	3050	Tetovo	MK
Slobozia Conachi	45.5833	27.7833	3050	Galați County	RO
Novi Karlovci	45.0764	20.1795	3050	Vojvodina	RS
Koruköy	40.6544	29.1629	3050	Yalova	TR
Stara Nekrasivka	45.3372	28.9232	3050	Odesa	UA
Godoberi	42.6267	46.1189	3049	Dagestan	RU
Bayramören	40.9433	33.2030	3049	Çankırı	TR
Orikhove	45.1294	33.6318	3049	Crimea	UA
Orlivka	45.3166	28.4405	3047	Odesa	UA
Stejari	44.7667	23.6833	3046	Gorj County	RO
Cukalat	40.7303	19.7906	3045	Berat County	AL
Pervomayskyi	47.9733	38.7900	3045	Donetsk	UA
Velestíno	39.3818	22.7462	3044	Thessaly	GR
Vranić	44.6024	20.3287	3044	Central Serbia	RS
Tekirova	36.5017	30.5272	3044	Antalya	TR
Copăceni	44.2630	26.0937	3043	Ilfov	RO
Țintea	45.0340	25.9046	3042	Prahova	RO
Olteneşti	46.5833	27.9000	3041	Vaslui County	RO
Pecineaga	43.9000	28.5000	3040	Constanța County	RO
Jvara	41.5251	44.3472	3038	Kvemo Kartli	GE
Néos Marmarás	40.0961	23.7832	3038	Central Macedonia	GR
Kisköre	47.5000	20.5000	3038	Heves County	HU
Lernanist	40.4668	44.7925	3037	Kotayk	AM
Slatina-Timiş	45.2500	22.2833	3037	Caraș-Severin County	RO
Agarak	38.8651	46.1946	3035	Syunik	AM
Ópályi	47.9977	22.3262	3035	Szabolcs-Szatmár-Bereg	HU
Bobryk Pershyy	47.9166	30.1785	3034	Odesa	UA
Cetăţeni	45.2000	25.1833	3032	Arges	RO
Berislăveşti	45.2500	24.4167	3032	Vâlcea County	RO
Dallıca	37.9067	28.2832	3032	Aydın	TR
Aratashen	40.1282	44.2280	3031	Armavir	AM
Unguraş	47.1167	24.0500	3031	Cluj County	RO
Blechepsin	44.8203	40.5003	3031	Adygeya Republic	RU
Poroszló	47.6500	20.6667	3030	Heves County	HU
Oprişor	44.2833	23.0833	3030	Mehedinți County	RO
Oltina	44.1667	27.6667	3030	Constanța County	RO
Pétra	39.3268	26.1765	3029	North Aegean	GR
Hőgyész	46.4970	18.4184	3029	Tolna County	HU
Geyikli	39.8047	26.2075	3029	Canakkale	TR
Plavni	45.3963	28.5824	3029	Odesa	UA
Rebra	47.3167	24.5000	3028	Bistrița-Năsăud County	RO
Darova Nouă	45.6333	21.7667	3028	Timiș County	RO
Khodz’	44.5102	40.7142	3028	Adygeya Republic	RU
Tătărani	44.8976	26.0351	3026	Prahova	RO
Bucoşniţa	45.3000	22.2667	3025	Caraș-Severin County	RO
Ochkhamuri	41.8571	41.8322	3024	Adjara	GE
Bila Tserkva	47.9498	23.8957	3024	Zakarpattia	UA
Sárrétudvari	47.2333	21.2000	3023	Hajdú-Bihar	HU
Bālānej	37.3964	45.1646	3023	West Azerbaijan	IR
Văleni	46.7473	27.7596	3023	Vaslui County	RO
Belinţ	45.7550	21.7603	3023	Timiș County	RO
Valea Voievozilor	44.9380	25.4852	3023	Dâmbovița County	RO
Unţeni	47.8000	26.7833	3022	Botoșani County	RO
Nyírbéltek	47.7000	22.1333	3021	Szabolcs-Szatmár-Bereg	HU
Leonídio	37.1668	22.8577	3020	Peloponnese	GR
Cerna	45.1819	18.6894	3019	Vukovar-Srijem	HR
Kuyular	38.4310	40.2754	3019	Diyarbakır Province	TR
Arevik	40.1001	44.0945	3018	Armavir	AM
Moláoi	36.8076	22.8513	3018	Peloponnese	GR
Vrâncioaia	45.8500	26.7333	3018	Vrancea	RO
Gornja Tuzla	44.5566	18.7616	3017	Federation of B&H	BA
Salcia Tudor	45.3667	27.5167	3017	Brăila County	RO
Meseşenii de Jos	47.1500	22.9833	3017	Sălaj County	RO
Broşteni	44.7608	22.9794	3017	Mehedinți County	RO
Bordei Verde	45.0833	27.5667	3016	Brăila County	RO
Stoicăneşti	44.1833	24.6333	3015	Olt	RO
Aliman	44.1833	27.8500	3015	Constanța County	RO
Baru Mic	45.4667	23.1500	3014	Hunedoara County	RO
Copăceni	45.0000	23.9833	3013	Vâlcea County	RO
Bethausen	45.8331	21.9528	3012	Timiș County	RO
Byala Cherkva	43.2000	25.3000	3010	Veliko Tarnovo	BG
Küllük	39.9849	43.9188	3010	Iğdır	TR
Bölme	38.6208	29.3737	3010	Uşak	TR
Grunji	45.5000	26.6500	3005	Buzău County	RO
Priozyornoye	45.2699	36.3340	3005	Crimea	UA
Vark’etili	41.6988	44.8818	3004	Tbilisi	GE
Nyírlugos	47.6932	22.0448	3004	Szabolcs-Szatmár-Bereg	HU
Rétság	47.9282	19.1372	3004	Nógrád	HU
Akadémiaújtelep	47.4832	19.2221	3004	Budapest	HU
Rila	42.1262	23.1328	3002	Kyustendil	BG
Opaka	43.4500	26.1667	3002	Targovishte	BG
Tazlău	46.7167	26.4667	3002	Neamț County	RO
Remeţi	47.9833	23.6333	3001	Maramureş	RO
Oteşani	45.0667	24.0333	3001	Vâlcea County	RO
Logreşti	44.9000	23.7000	3001	Gorj County	RO
Vrap	41.1475	19.7875	3000	Tirana	AL
Aïnâta	34.1869	36.0811	3000	Baalbek-Hermel Governorate	LB
Abrau-Dyurso	44.6997	37.6010	3000	Krasnodar Krai	RU
Kafr Mūsá Al-Hmidiya	34.5829	36.5339	3000	Homs	SY
Kalkan	36.2651	29.4137	3000	Antalya	TR
Novoselivka	46.0024	29.6146	3000	Odesa	UA
Monakhy	47.9836	37.8858	3000	Donetsk	UA
Sóskút	47.4066	18.8225	2998	Pest County	HU
Părteştii de Jos	47.6333	25.9667	2998	Suceava	RO
Păncești	46.2112	27.0680	2998	Bacău County	RO
Ciocârlia	44.1000	28.2833	2998	Constanța County	RO
Skalistoye	44.8169	33.9779	2997	Crimea	UA
Amfíkleia	38.6391	22.5917	2996	Central Greece	GR
Gratia	44.4333	25.4500	2996	Teleorman County	RO
Tetoiu	44.7500	23.9167	2995	Vâlcea County	RO
Ksamil	39.7689	19.9997	2994	Vlorë County	AL
Eşelniţa	44.6992	22.3622	2994	Mehedinți County	RO
Someş-Odorhei	47.3167	23.2667	2993	Sălaj County	RO
Recsk	47.9333	20.1167	2992	Heves County	HU
Giulvăz	45.5489	20.9844	2992	Timiș County	RO
Azatavan	39.9861	44.5057	2991	Ararat	AM
Gorban	46.8761	28.0789	2991	Iași County	RO
Dârvari	44.2000	23.0500	2990	Mehedinți County	RO
Varjavī	37.3348	46.2407	2989	East Azerbaijan	IR
Kolašin	42.8223	19.5165	2989	Opština Kolašin	ME
Şaydā	32.3849	35.1186	2988	West Bank	PS
Şercaia	45.8333	25.1333	2988	Brașov County	RO
Măluşteni	46.1833	27.9167	2988	Vaslui County	RO
Bughea de Jos	45.2667	25.0000	2988	Arges	RO
Răuseni	47.5667	27.2000	2987	Botoșani County	RO
Creaca	47.2000	23.2500	2987	Sălaj County	RO
Baia de Criş	46.1667	22.7167	2987	Hunedoara County	RO
Kelebia	46.1968	19.6166	2985	Bács-Kiskun	HU
Roşiile	44.8667	23.9333	2985	Vâlcea County	RO
Feliceni	46.2667	25.2667	2984	Harghita County	RO
Uzunbağ	36.1402	36.0360	2984	Hatay	TR
Qaxbaş	41.4325	46.9646	2983	Qax	AZ
Szalkszentmárton	46.9757	19.0118	2982	Bács-Kiskun	HU
Bāyrām	37.9355	46.0717	2982	East Azerbaijan	IR
Lăzăreni	46.8667	22.0667	2982	Bihor County	RO
Rociu	44.6667	25.0333	2980	Arges	RO
Picior de Munte	44.7825	25.3905	2979	Dâmbovița County	RO
Bonțida	46.9155	23.8148	2979	Cluj County	RO
Ljig	44.2301	20.2382	2979	Central Serbia	RS
Carpen	44.3333	23.2500	2978	Dolj	RO
Auşeu	47.0333	22.5000	2978	Bihor County	RO
Kubachi	42.0860	47.6034	2977	Dagestan	RU
Tairov	40.1608	44.4344	2976	Armavir	AM
Dhráfi	38.0237	23.9079	2976	Attica	GR
Dobroye	44.8663	34.2266	2976	Crimea	UA
Eksochí	39.6874	20.8224	2975	Epirus	GR
Căldăraru	44.4500	24.9500	2975	Arges	RO
Bârzava	46.1167	21.9833	2975	Arad County	RO
Tymoshivka	47.1828	35.1085	2975	Zaporizhzhia	UA
Pişchia	45.9031	21.3372	2974	Timiș County	RO
Orlianske	47.3339	35.0987	2974	Zaporizhzhia	UA
Târşolţel	47.9500	23.3500	2973	Satu Mare County	RO
Kyslytsya	45.4080	29.0362	2973	Odesa	UA
Vulcana Băi	45.0798	25.3822	2972	Dâmbovița County	RO
Dărăşti-Ilfov	44.3089	26.0183	2972	Ilfov	RO
Coşbuc	47.3654	24.3911	2972	Bistrița-Năsăud County	RO
Loznitsa	43.3667	26.6000	2971	Razgrad	BG
Pravokubanskiy	43.9070	41.8830	2971	Karachayevo-Cherkesiya Republic	RU
Khobi	42.3175	41.9002	2970	Samegrelo and Zemo Svaneti	GE
Roșu	44.4502	26.0112	2970	Ilfov	RO
Dealu Morii	46.3167	27.2333	2970	Bacău County	RO
Bogdana	43.9333	25.0833	2970	Teleorman County	RO
Ţuglui	44.1833	23.8167	2969	Dolj	RO
Limín Khersonísou	35.3230	25.3927	2968	Crete	GR
Mărtiniş	46.2333	25.3833	2968	Harghita County	RO
Ḩāris	32.1142	35.1419	2967	West Bank	PS
Gângiova	43.9000	23.8500	2966	Dolj	RO
Ugarchin	43.1000	24.4167	2965	Lovech	BG
Remetea Chioarului	47.5333	23.5500	2965	Maramureş	RO
Khoronk	40.1361	44.2473	2964	Armavir	AM
Mădăraş	46.8333	21.6833	2964	Bihor County	RO
Tass	47.0209	19.0299	2963	Bács-Kiskun	HU
Vlădeni	44.8755	25.7732	2963	Dâmbovița County	RO
Derna	47.2000	22.3000	2963	Bihor County	RO
Abrămuţ	47.3167	22.2500	2962	Bihor County	RO
Safyany	45.4027	28.8777	2962	Odesa	UA
Năpradea	47.3667	23.3167	2961	Sălaj County	RO
Micleşti	46.8167	27.8333	2961	Vaslui County	RO
Malu Spart	44.4439	25.7176	2961	Giurgiu County	RO
Leşu	47.3167	24.7500	2961	Bistrița-Năsăud County	RO
Coteana	44.3000	24.4667	2960	Olt	RO
Anamas	37.7667	30.8000	2960	Isparta	TR
Aléa	37.4547	22.4207	2959	Peloponnese	GR
Szabadkígyós	46.6167	21.1000	2959	Bekes County	HU
Câlnic	45.8833	23.6667	2959	Alba County	RO
Morunglav	44.4667	24.1167	2958	Olt	RO
Almaş	46.2833	22.2333	2957	Arad County	RO
İhsangazi	41.2043	33.5545	2957	Kastamonu	TR
Unirea	44.2667	27.6333	2954	Călărași County	RO
Petrovirivka	47.2379	30.3270	2954	Odesa	UA
Lehliu	44.4667	26.8167	2953	Călărași County	RO
Áyios Konstandínos	38.7561	22.8576	2952	Central Greece	GR
Kunágota	46.4333	21.0500	2951	Bekes County	HU
Rābā	32.3868	35.3830	2951	West Bank	PS
Şoimi	46.6833	22.1167	2951	Bihor County	RO
Matei	46.9833	24.2667	2949	Bistrița-Năsăud County	RO
Cârligele	45.6833	27.1000	2949	Vrancea	RO
Botiza	47.6667	24.1500	2949	Maramureş	RO
Dzoraghbyur	40.2004	44.6344	2948	Kotayk	AM
Levelek	47.9628	21.9854	2948	Szabolcs-Szatmár-Bereg	HU
Bölcske	46.7410	18.9674	2946	Tolna County	HU
Myrne	46.9503	35.4415	2944	Zaporizhzhia	UA
Şeitin	46.1000	20.8500	2943	Arad County	RO
Malovăţ	44.7044	22.7311	2943	Mehedinți County	RO
Kónitsa	40.0486	20.7567	2942	Epirus	GR
Topolovăţu Mare	45.7739	21.6189	2942	Timiș County	RO
Borovan	43.4296	23.7533	2941	Vratsa	BG
Blahovishchenka	47.4560	34.8282	2941	Zaporizhzhia	UA
Bagratashen	41.2436	44.8174	2940	Tavush	AM
Izvoru	44.4941	25.0647	2940	Arges	RO
Biertan	46.1333	24.5167	2939	Sibiu County	RO
Limonlu	36.5701	34.2384	2939	Mersin	TR
Tsalenjikha	42.6086	42.0669	2938	Samegrelo and Zemo Svaneti	GE
Perșinari	44.8019	25.4988	2938	Dâmbovița County	RO
Chulakivka	46.3586	32.3509	2938	Kherson	UA
Csanytelek	46.5950	20.1234	2937	Csongrád	HU
Târguşor	44.4500	28.4167	2937	Constanța County	RO
Biharnagybajom	47.2167	21.2333	2936	Hajdú-Bihar	HU
Imper	46.2167	26.1000	2936	Harghita County	RO
Panaitólion	38.5832	21.4473	2935	West Greece	GR
Fântânele	44.7167	25.8667	2934	Dâmbovița County	RO
Mizur	42.8513	44.0544	2934	North Ossetia–Alania	RU
Kallithéa	40.2739	22.5778	2933	Central Macedonia	GR
Ralja	44.5722	20.5622	2933	Central Serbia	RS
Okány	46.9000	21.3500	2930	Bekes County	HU
Apaţa	45.9500	25.5167	2929	Brașov County	RO
Olhynka	47.6953	37.5089	2929	Donetsk	UA
Gheaba	45.3092	26.0063	2928	Prahova	RO
Tomnatic	45.9886	20.6619	2927	Timiș County	RO
Koynare	43.3500	24.1333	2926	Pleven	BG
Krinídes	41.0140	24.2965	2925	East Macedonia and Thrace	GR
Szakoly	47.7667	21.9167	2925	Szabolcs-Szatmár-Bereg	HU
Dīzaj-e ‘Olyā	38.3996	45.7794	2925	East Azerbaijan	IR
Grădiştea	44.6667	26.2833	2924	Ilfov	RO
Azatamut	40.9885	45.2067	2923	Tavush	AM
Lupac	45.2800	21.8128	2922	Caraș-Severin County	RO
Luciu	44.9667	27.0833	2922	Buzău County	RO
Itum-Kali	42.7360	45.5771	2922	Chechnya	RU
Meriç	41.1918	26.4210	2921	Edirne	TR
Apátfalva	46.1667	20.5833	2920	Csongrád	HU
Hănțești	47.7551	26.3737	2920	Suceava	RO
Florești	44.6192	23.5284	2917	Gorj County	RO
Lipova	46.7167	27.2333	2916	Bacău County	RO
Berești	46.1000	27.8833	2916	Galați County	RO
Aroneanu	47.2000	27.6000	2916	Iași County	RO
Bisoca	45.5333	26.7000	2915	Buzău County	RO
Kolindrós	40.4789	22.4832	2914	Central Macedonia	GR
Ishun’	45.9240	33.8236	2913	Crimea	UA
Axintele	44.6000	26.7833	2912	Ialomița County	RO
Mala Tokmachka	47.5344	35.9007	2912	Zaporizhzhia	UA
Hladkivka	46.4111	32.6405	2912	Kherson	UA
Dzegvi	41.8457	44.6010	2911	Mtskheta-Mtianeti	GE
Sárisáp	47.6770	18.6793	2911	Komárom-Esztergom	HU
Polovragi	45.1833	23.8000	2911	Gorj County	RO
Levent	41.0812	29.0177	2911	Istanbul	TR
Șanț	47.4500	24.9000	2909	Bistrița-Năsăud County	RO
Olcea	46.6833	21.9833	2909	Bihor County	RO
Kömür	37.8677	38.4296	2909	Adıyaman Province	TR
Bekhtery	46.2486	32.2904	2909	Kherson	UA
Talfīt	32.0866	35.2909	2906	West Bank	PS
Ponoarele	44.9739	22.7644	2906	Mehedinți County	RO
Bilek	37.1298	37.5433	2905	Gaziantep	TR
Brebeni	44.3667	24.4500	2904	Olt	RO
Urzuf	46.9149	37.1043	2904	Donetsk	UA
Akkuzulu	40.2095	33.1367	2903	Ankara	TR
Stamáta	38.1255	23.8804	2901	Attica	GR
Nerašte	42.1071	21.1081	2901	Tearce	MK
Posof	41.5111	42.7292	2900	Ardahan	TR
Castri di Lecce	40.2736	18.2624	2899	Apulia	IT
Cuza Vodă	45.5960	27.7927	2898	Galați County	RO
Stubline	44.5748	20.1348	2898	Central Serbia	RS
Krasne	46.1315	32.7715	2898	Kherson	UA
Piáleia	39.5055	21.5952	2897	Thessaly	GR
Yatmā	32.1089	35.2691	2897	West Bank	PS
Şuici	45.2500	24.5333	2897	Arges	RO
Nădrag	45.6500	22.1833	2897	Timiș County	RO
Dobârceni	47.8167	27.0667	2897	Botoșani County	RO
Molodizhne	46.3121	30.6155	2897	Odesa	UA
Găleşti	46.5167	24.7500	2894	Mureș County	RO
Babugent	43.2775	43.5506	2893	Kabardino-Balkariya Republic	RU
Bregovo	44.1519	22.6388	2892	Vidin	BG
Tsovasar	40.1382	45.1910	2891	Gegharkunik	AM
Adács	47.6921	19.9770	2890	Heves County	HU
‘Ūrīf	32.1595	35.2223	2890	West Bank	PS
Marca	47.2167	22.5667	2890	Sălaj County	RO
Gurkovo	42.6667	25.8000	2889	Stara Zagora	BG
Ágios Vasíleios	38.3146	21.8164	2889	West Greece	GR
Esh Sheikh Dannūn	32.9941	35.1480	2887	Northern District	IL
Sannīryā	32.1288	35.0465	2887	West Bank	PS
Skópelos	39.1214	23.7269	2886	Thessaly	GR
Poian	46.0667	26.1500	2886	Covasna County	RO
Koprivshtitsa	42.6333	24.3500	2885	Sofia	BG
Mikínai	37.7195	22.7457	2885	Peloponnese	GR
Çayağzı	41.2244	29.2182	2885	Istanbul	TR
Dvin	40.0198	44.5838	2884	Ararat	AM
Panik	40.6639	43.9709	2883	Shirak	AM
Tsakkar	40.1735	45.2220	2881	Gegharkunik	AM
Csobánka	47.6464	18.9619	2881	Pest County	HU
Ovacık	38.2873	26.3152	2881	İzmir Province	TR
Râmnicelu	45.3638	27.1112	2880	Buzău County	RO
Prigor	44.9383	22.1133	2880	Caraș-Severin County	RO
Pervomayskoye	45.0619	35.1639	2880	Crimea	UA
Victor Vlad Delamarina	45.6406	21.8928	2879	Timiș County	RO
Balpınar	37.8680	41.0554	2879	Batman	TR
Tel Qatsir	32.7055	35.6179	2878	Northern District	IL
Čaška	41.6506	21.6622	2878	Chashka	MK
Nicşeni	47.8667	26.6333	2878	Botoșani County	RO
Dalj	45.4844	18.9861	2877	County of Osijek-Baranja	HR
Brebu Megieșesc	45.1677	25.7747	2877	Prahova	RO
Krčedin	45.1387	20.1331	2877	Vojvodina	RS
Alakhadzi	43.2183	40.2878	2876	Abkhazia	GE
Pshada	44.4710	38.4032	2875	Krasnodar Krai	RU
Toygarlı	36.2126	36.0726	2875	Hatay	TR
Ahmetli	41.1461	29.5776	2875	Istanbul	TR
Sadovoye	45.3104	34.6526	2874	Crimea	UA
Kocherinovo	42.0844	23.0571	2872	Kyustendil	BG
Drăgăneşti	46.6167	22.3833	2872	Bihor County	RO
Miratovac	42.2585	21.6646	2872	Central Serbia	RS
Pediní	39.5999	20.8426	2871	Epirus	GR
Semenivka	46.8951	35.4080	2869	Zaporizhzhia	UA
Geghakert	40.1852	44.2449	2868	Armavir	AM
Bošnjaci	45.0503	18.7556	2868	Vukovar-Srijem	HR
Parvomaytsi	43.1500	25.6500	2867	Veliko Tarnovo	BG
Petrăchioaia	44.5810	26.3127	2866	Ilfov	RO
Budacu de Jos	47.0833	24.5167	2866	Bistrița-Năsăud County	RO
Bjni	40.4538	44.6484	2865	Kotayk	AM
Karakuyu	39.8667	44.0333	2865	Iğdır	TR
Brădeanu	44.9333	26.8500	2864	Buzău County	RO
Érsekcsanád	46.2535	18.9846	2863	Bács-Kiskun	HU
Apalina	46.7521	24.6945	2863	Mureș County	RO
Srebrenica	44.1075	19.2967	2862	Srpska	BA
Băile Govora	45.0833	24.1833	2862	Vâlcea County	RO
Malokakhovka	46.7829	33.4466	2862	Kherson	UA
Gomba	47.3710	19.5306	2861	Pest County	HU
Movila Miresii	45.2167	27.6000	2860	Brăila County	RO
Myrne	46.7183	35.2643	2859	Zaporizhzhia	UA
Mândra	45.8167	25.0500	2856	Brașov County	RO
Racoș	46.0252	25.4108	2856	Brașov County	RO
Bademli	38.0817	28.0578	2856	İzmir Province	TR
Damal	41.3415	42.8368	2856	Ardahan	TR
Kholmske	45.7591	29.2276	2856	Odesa	UA
Banatsko Karađorđevo	45.5869	20.5642	2855	Vojvodina	RS
Hrtkovci	44.8815	19.7637	2855	Vojvodina	RS
Putineiu	43.9000	25.7333	2854	Giurgiu County	RO
Constantin Daicoviciu	45.5500	22.1500	2854	Caraș-Severin County	RO
Cârlogani	44.5167	24.1500	2854	Olt	RO
Ştiubieni	47.9667	26.7833	2853	Botoșani County	RO
Fitioneşti	45.9833	27.0500	2853	Vrancea	RO
Újhartyán	47.2198	19.3864	2852	Pest County	HU
Bivolărie	47.9146	25.6552	2852	Suceava	RO
Samoljica	42.3845	21.7371	2852	Central Serbia	RS
Oarja Sat	44.7643	24.9714	2851	Arges	RO
Strellc i Ulët	42.5806	20.3162	2850	Gjakova	XK
Brataj	40.2678	19.6692	2849	Vlorë County	AL
Tulca	46.7833	21.7833	2849	Bihor County	RO
23 August	43.9167	28.5833	2849	Constanța County	RO
Bughea de Sus	45.2981	25.0328	2849	Arges	RO
Ţāleb Khān	37.3933	46.2056	2848	East Azerbaijan	IR
Nagytarcsa	47.5313	19.2834	2846	Pest County	HU
Kisszállás	46.2801	19.4895	2846	Bács-Kiskun	HU
Kuruçeşme	41.0573	29.0332	2846	Istanbul	TR
Néo Rýsi	40.4960	22.9879	2845	Central Macedonia	GR
Neochoroúda	40.7382	22.8756	2844	Central Macedonia	GR
Cheţani	46.4667	24.0333	2844	Mureș County	RO
Cece	46.7706	18.6283	2843	Fejér	HU
Luncaviţa	45.0833	22.2667	2842	Caraș-Severin County	RO
Apa	47.7667	23.2000	2842	Satu Mare County	RO
Hârseşti	44.5333	24.7833	2841	Arges	RO
Livada	46.2228	21.3840	2840	Arad County	RO
Curtuișeni	47.5463	22.2026	2839	Bihor County	RO
Dánszentmiklós	47.2149	19.5469	2838	Pest County	HU
Balatonszabadi	46.8940	18.1374	2838	Somogy County	HU
Duacı	36.9744	30.6500	2837	Antalya	TR
Lozovo	41.7836	21.9062	2836	Lozovo	MK
Sefkerin	45.0050	20.4826	2836	Vojvodina	RS
Aragats	40.2195	44.2333	2835	Armavir	AM
Néos Mylótopos	40.8187	22.3549	2835	Central Macedonia	GR
Ibṭīn	32.7615	35.1140	2835	Haifa	IL
Valea Seacă	46.2428	27.0459	2835	Bacău County	RO
Babeţi	45.3167	26.3833	2835	Buzău County	RO
Orbeasca de Jos	44.1218	25.3295	2834	Teleorman County	RO
Floreşti	44.7631	22.9478	2832	Mehedinți County	RO
Katochí	38.4124	21.2526	2829	West Greece	GR
Şatırhüyük	37.2170	36.9745	2828	Gaziantep	TR
Oreoí	38.9503	23.0919	2827	Central Greece	GR
Neochórion	38.4085	21.2751	2827	West Greece	GR
Agiá	39.7190	22.7587	2827	Thessaly	GR
Gheorghe Doja	46.4667	24.5000	2827	Mureș County	RO
Adagum	45.0999	37.7253	2827	Krasnodar Krai	RU
Kran	42.6667	25.3833	2826	Stara Zagora	BG
Aianí	40.1638	21.8194	2826	West Macedonia	GR
Harmandalı	38.5332	27.0516	2826	İzmir Province	TR
Darakert	40.1055	44.4139	2825	Ararat	AM
Tarján	47.6104	18.5107	2825	Komárom-Esztergom	HU
Sárszentmihály	47.1532	18.3388	2824	Fejér	HU
Romos	45.8333	23.2833	2824	Hunedoara County	RO
Racoviţa	45.6833	24.3500	2824	Sibiu County	RO
Măgeşti	47.0167	22.4500	2824	Bihor County	RO
Sabasţīyah	32.2756	35.1987	2823	West Bank	PS
Tpig	41.7806	47.5891	2823	Dagestan	RU
Tiggiano	39.9028	18.3650	2822	Apulia	IT
Teslui	44.5167	24.3667	2822	Olt	RO
Putineiu	43.9000	24.9667	2822	Teleorman County	RO
Dolheşti	46.8667	27.9000	2821	Iași County	RO
Dumbrava	45.8167	22.1167	2820	Timiș County	RO
Bilbor	47.0500	25.5167	2820	Harghita County	RO
Albeni	45.0333	23.6000	2820	Gorj County	RO
Vişani	45.1500	27.2833	2819	Brăila County	RO
Mouttagiáka	34.7202	33.1007	2818	Limassol	CY
Kordlar	37.9589	45.9885	2818	East Azerbaijan	IR
Brytivka	46.1741	30.2801	2818	Odesa	UA
Skála	36.8500	22.6667	2817	Peloponnese	GR
Madárdomb	47.4769	19.2318	2817	Budapest	HU
Mărgineni	46.5876	26.8510	2817	Bacău County	RO
Nikolayevka	44.9621	33.6106	2817	Crimea	UA
Davideşti	45.0167	25.0333	2816	Arges	RO
Szentgálpuszta	46.3748	18.6260	2815	Tolna County	HU
Borsec	46.9500	25.5667	2815	Harghita County	RO
Radolista	41.1642	20.6233	2814	Struga	MK
Vernole	40.2883	18.3016	2813	Apulia	IT
Topleţ	44.7972	22.3944	2812	Caraș-Severin County	RO
Platičevo	44.8221	19.7949	2812	Vojvodina	RS
Csanádapáca	46.5500	20.8833	2811	Bekes County	HU
Negraşi	44.6000	25.1167	2811	Arges	RO
Cermei	46.5500	21.8500	2811	Arad County	RO
Şarrah	32.2097	35.1915	2810	West Bank	PS
Năsturelu	43.6667	25.4667	2809	Teleorman County	RO
Lunca	46.8500	24.5667	2809	Mureș County	RO
Băbana	44.9000	24.7000	2809	Arges	RO
Hinova	44.5406	22.7769	2808	Mehedinți County	RO
Iváncsa	47.1567	18.8203	2807	Fejér	HU
Çanakça	41.2467	28.4952	2807	Istanbul	TR
Koktebel	44.9646	35.2477	2807	Crimea	UA
Tsebrykove	47.1467	30.1079	2806	Odesa	UA
Eláteia	38.6277	22.7649	2804	Central Greece	GR
Belčišta	41.3035	20.8299	2804	Debarca	MK
Agara	42.0376	43.8238	2803	Shida Kartli	GE
Dospat	41.6446	24.1586	2802	Smolyan	BG
Vataša	41.4169	22.0189	2802	Kavadarci	MK
Almaşu	46.9455	23.1297	2801	Sălaj County	RO
Yakapınar	36.9734	35.6204	2801	Adana	TR
Brka	44.8284	18.7242	2800	Brčko	BA
Solovăstru	46.7667	24.7667	2800	Mureș County	RO
Gerger	38.0281	39.0342	2800	Adıyaman Province	TR
Dobreşti	43.9667	23.9500	2799	Dolj	RO
Geli	42.7295	47.4018	2798	Dagestan	RU
Artsvaberd	40.8395	45.4703	2797	Tavush	AM
Seaca	43.7500	25.0667	2797	Teleorman County	RO
Atid	46.4500	25.0500	2797	Harghita County	RO
Greaca	44.1094	26.3394	2796	Giurgiu County	RO
Göynücek	40.3992	35.5250	2796	Amasya	TR
Rantīs	32.0280	35.0188	2795	West Bank	PS
Bayt Imrīn	32.2930	35.2161	2794	West Bank	PS
Vadu Izei	47.9333	23.8833	2794	Maramureş	RO
Lukashin	40.1873	44.0039	2793	Armavir	AM
Hajmáskér	47.1451	18.0196	2793	Veszprém	HU
Volodymyrivka	47.5230	32.9258	2793	Mykolaiv	UA
Balovne	47.0511	31.8862	2792	Mykolaiv	UA
Suplacu de Barcău	47.2573	22.5319	2791	Bihor County	RO
Stoina	44.6833	23.6333	2791	Gorj County	RO
Kainoúryion	38.6045	21.4878	2790	West Greece	GR
Taxa Cheya	37.0355	43.7611	2790	Duhok	IQ
Vultureşti	44.7333	24.3167	2790	Olt	RO
Nalbant	45.0500	28.6167	2789	Tulcea County	RO
Miroşi	44.4167	24.9333	2789	Arges	RO
Horoatu Crasnei	47.1333	22.8833	2789	Sălaj County	RO
Cernele	44.3336	23.7414	2788	Dolj	RO
Nagydorog	46.6275	18.6557	2787	Tolna County	HU
Poiana Țapului	45.3934	25.5407	2787	Prahova	RO
Dăeşti	44.9679	24.1145	2787	Vâlcea County	RO
Mesopotam	39.9103	20.0922	2786	Vlorë County	AL
Mesopótamos	36.9770	21.8274	2786	Peloponnese	GR
Köröstarcsa	46.8833	21.0333	2786	Bekes County	HU
Vardadzor	40.1875	45.1939	2785	Gegharkunik	AM
Violí Charáki	35.3586	24.4386	2785	Crete	GR
Pericei	47.2333	22.8833	2785	Sălaj County	RO
Ghergheşti	46.5000	27.5167	2785	Vaslui County	RO
Nor Kyank	39.9020	44.6300	2784	Ararat	AM
Velyka Dolyna	47.5336	33.7198	2784	Dnipropetrovsk	UA
Kaloyanovo	42.3500	24.7333	2782	Plovdiv	BG
Géfyra	40.7325	22.6936	2782	Central Macedonia	GR
Durusu	41.3034	28.6763	2782	Istanbul	TR
Matejce	42.1256	21.5978	2781	Lipkovo	MK
Echínos	41.2756	24.9724	2780	East Macedonia and Thrace	GR
Blagovetschenskaya	45.0553	37.1328	2780	Krasnodar Krai	RU
Küplü	41.1069	26.3519	2780	Edirne	TR
Teleşti	45.0000	23.0833	2779	Gorj County	RO
Blizhnye	45.0569	35.3306	2779	Crimea	UA
Néa Kíos	37.5902	22.7434	2778	Peloponnese	GR
Valea Iaşului	45.1833	24.7167	2778	Arges	RO
Novoandreyevka	45.1990	34.0938	2778	Crimea	UA
Krasna Zor'ka	45.1343	34.0401	2777	Crimea	UA
Rododáfni	38.2698	22.0487	2776	West Greece	GR
Buciumi	47.0333	23.0667	2776	Sălaj County	RO
Dalar	39.9754	44.5278	2775	Ararat	AM
Kassándreia	40.0483	23.4136	2775	Central Macedonia	GR
Beremend	45.7911	18.4326	2775	Baranya	HU
Poiana Cristei	45.6500	26.9833	2775	Vrancea	RO
Pokrovske	47.5521	34.1521	2774	Dnipropetrovsk	UA
Topolčani	41.2277	21.4311	2773	Prilep	MK
Tomești	46.5562	25.7792	2773	Harghita County	RO
Stepojevac	44.5128	20.2950	2773	Central Serbia	RS
P’irveli Ot’obaia	42.4859	41.6230	2772	Abkhazia	GE
Loutrópoli Thermís	39.1802	26.4856	2772	North Aegean	GR
Iregszemcse	46.6929	18.1858	2772	Tolna County	HU
Remetekertváros	47.5508	18.9558	2771	Pest County	HU
Lâlapaşa	41.8395	26.7356	2771	Edirne	TR
Akbaba	41.1511	29.1174	2771	Istanbul	TR
Porcsalma	47.8833	22.5667	2770	Szabolcs-Szatmár-Bereg	HU
Akáki	35.1334	33.1287	2769	Nicosia	CY
Cămăraşu	46.7833	24.1333	2768	Cluj County	RO
Kryve Ozero Druhe	47.9304	30.3488	2766	Mykolaiv	UA
Laryne	47.8889	37.9281	2766	Donetsk	UA
Ruzsa	46.2881	19.7471	2764	Csongrád	HU
Alak	42.6184	46.1456	2764	Dagestan	RU
Găujani	43.7333	25.7000	2763	Giurgiu County	RO
Pervomayske	47.0427	32.4400	2763	Mykolaiv	UA
Babina Greda	45.1172	18.5369	2762	Vukovar-Srijem	HR
Kaména Voúrla	38.7784	22.7857	2761	Central Greece	GR
Tăuții-Măgherăuș	47.6500	23.4833	2761	Maramureş	RO
Stremţ	46.2167	23.6333	2761	Alba County	RO
Tápióság	47.4020	19.6305	2760	Pest County	HU
Palanca	44.4757	25.7257	2760	Giurgiu County	RO
Movila Banului	44.9833	26.6833	2760	Buzău County	RO
Işıklı	37.1453	37.1925	2760	Gaziantep	TR
Șepreuș	46.5712	21.7342	2759	Arad County	RO
Shnogh	41.1469	44.8404	2758	Lori	AM
Reteag	47.1958	24.0186	2758	Bistrița-Năsăud County	RO
Nyírmeggyes	47.9167	22.2667	2757	Szabolcs-Szatmár-Bereg	HU
Valea Argovei	44.3500	26.7833	2756	Călărași County	RO
Dănciuleşti	44.7333	23.7500	2756	Gorj County	RO
Qazānchī	34.4416	47.0241	2755	Kermanshah Province	IR
Andriyivka	47.0935	36.5895	2755	Zaporizhzhia	UA
Apc	47.7942	19.6943	2754	Heves County	HU
Şieuţ	46.9833	24.6500	2754	Bistrița-Năsăud County	RO
Káto Tithoréa	38.6075	22.7135	2753	Central Greece	GR
Ballószög	46.8622	19.5709	2753	Bács-Kiskun	HU
Komsomol’skiy	43.9783	46.6985	2753	Dagestan	RU
Çeltikçi	36.7969	31.4826	2753	Antalya	TR
Velika Moštanica	44.6649	20.3540	2751	Central Serbia	RS
Kafr Miṣr	32.6452	35.4215	2750	Northern District	IL
Zeytinliova	38.9912	27.6763	2750	Manisa	TR
Polihon	46.9778	32.1290	2750	Mykolaiv	UA
Amaru	44.9333	26.5833	2749	Buzău County	RO
Khebda	42.4454	46.5516	2749	Dagestan	RU
Sălaşu de Sus	45.5167	22.9500	2748	Hunedoara County	RO
Poiana Sibiului	45.8000	23.7333	2748	Sibiu County	RO
Băcani	46.3333	27.6667	2748	Vaslui County	RO
Ölüdeniz	36.5667	29.1447	2748	Muğla	TR
Qax İngiloy	41.4241	46.9386	2747	Qax	AZ
Zákányszék	46.2745	19.8897	2747	Csongrád	HU
Vértesszőlős	47.6211	18.3813	2747	Komárom-Esztergom	HU
Dragosloveni	46.0000	26.6667	2747	Vrancea	RO
Crivăț	44.1934	26.4385	2747	Călărași County	RO
Diósjenő	47.9397	19.0432	2746	Nógrád	HU
Chinteni	46.8667	23.5333	2746	Cluj County	RO
Mastara	40.4471	43.8817	2745	Aragatsotn	AM
Mârşa	44.3742	25.5569	2745	Giurgiu County	RO
Botrugno	40.0636	18.3225	2744	Apulia	IT
Agía Marína	37.1543	26.8516	2743	South Aegean	GR
Cuza Vodă	44.2877	28.3101	2742	Constanța County	RO
Kadıköy	40.6202	29.2254	2741	Yalova	TR
Bogdăneşti	46.2167	26.6833	2740	Bacău County	RO
Vanashen	39.9001	44.6889	2739	Ararat	AM
Nova Crnja	45.6683	20.6050	2739	Vojvodina	RS
Tlokh	42.6720	46.4683	2739	Dagestan	RU
Kamyanske	45.8191	29.2589	2739	Odesa	UA
Lusarat	39.8740	44.5868	2738	Ararat	AM
Ohanavan	40.3485	44.3872	2738	Aragatsotn	AM
Villány	45.8689	18.4539	2738	Baranya	HU
Lythrodóntas	34.9511	33.2978	2736	Nicosia	CY
Makhinjauri	41.6739	41.6940	2736	Adjara	GE
Erdevik	45.1172	19.4088	2736	Vojvodina	RS
Karakaj	44.4140	19.1243	2735	Srpska	BA
Sâncel	46.2000	23.9500	2735	Alba County	RO
Petelea	46.7289	24.7065	2735	Mureș County	RO
Cosmeşti	44.3000	25.3833	2735	Teleorman County	RO
Leorda	47.8167	26.4500	2734	Botoșani County	RO
Boteni	45.1833	25.1167	2733	Arges	RO
Arpaşu de Jos	45.7833	24.6167	2733	Sibiu County	RO
Maglić	45.3625	19.5321	2733	Vojvodina	RS
Tırtar	37.0543	34.3453	2733	Mersin	TR
Karacaköy	41.4034	28.3805	2733	Istanbul	TR
Mirkovci	45.2697	18.8511	2731	Vukovar-Srijem	HR
Plopiş	47.1333	22.6833	2731	Sălaj County	RO
Câinenii Mici	45.4833	24.3000	2731	Vâlcea County	RO
Băuţar	45.5167	22.5667	2731	Caraș-Severin County	RO
Tiszabura	47.4500	20.4667	2730	Jász-Nagykun-Szolnok	HU
Börezli	39.4980	27.0274	2729	Balıkesir	TR
Patkovača	44.7273	19.2306	2728	Srpska	BA
Báránd	47.3000	21.2333	2728	Hajdú-Bihar	HU
Ófehértó	47.9333	22.0500	2727	Szabolcs-Szatmár-Bereg	HU
Doba	47.7333	22.7167	2727	Satu Mare County	RO
Surdila-Găiseanca	45.0667	27.3333	2726	Brăila County	RO
Ghergheasa	45.2667	27.2000	2726	Buzău County	RO
Căzăneşti	44.7233	22.8906	2726	Mehedinți County	RO
Sic	46.9333	23.8833	2725	Cluj County	RO
Amygdaleónas	40.9635	24.3601	2724	East Macedonia and Thrace	GR
Gyöngyöspata	47.8150	19.7892	2724	Heves County	HU
Zanjīreh-ye ‘Olyā	33.8085	46.5673	2724	Ilam Province	IR
Goravan	39.9054	44.7313	2722	Ararat	AM
Újszilvás	47.2748	19.9248	2722	Pest County	HU
Veţel	45.9000	22.8167	2722	Hunedoara County	RO
Vaşcău	46.4667	22.4667	2722	Bihor County	RO
Pákozd	47.2137	18.5331	2721	Fejér	HU
Ebrāhīm Samī‘	38.9558	46.6683	2721	East Azerbaijan	IR
Trudfront	45.9346	47.6693	2721	Astrakhan Oblast	RU
Goştinari-Văcăreşti	44.1833	26.2167	2720	Giurgiu County	RO
Mija	44.9136	25.6759	2719	Dâmbovița County	RO
Balta Doamnei	44.7580	26.1740	2719	Prahova	RO
Úri	47.4143	19.5276	2718	Pest County	HU
Mihai Bravu	44.1406	26.0628	2718	Giurgiu County	RO
Gâlgău Almaşului	47.1973	23.3252	2718	Sălaj County	RO
Sečanj	45.3667	20.7722	2718	Vojvodina	RS
İnhisar	40.0493	30.3852	2718	Bilecik	TR
Ljubovija	44.1894	19.3767	2717	Central Serbia	RS
Gornyy	47.8159	40.2036	2716	Rostov	RU
Abīsh Aḩmad	39.0426	47.3164	2715	East Azerbaijan	IR
Yeni	40.8423	30.9229	2714	Düzce	TR
Kéfalos	36.7451	26.9596	2713	South Aegean	GR
Svätý Peter	47.8415	18.2541	2712	Nitra Region	SK
Aydınpınar	40.7596	31.1113	2712	Düzce	TR
Níkiti	40.2220	23.6684	2711	Central Macedonia	GR
Trăisteni	45.3386	25.7277	2711	Prahova	RO
Raukhivka	47.1667	30.8177	2711	Odesa	UA
Goranu	45.1052	24.3843	2710	Vâlcea County	RO
Isthmía	37.9136	23.0046	2709	Peloponnese	GR
Petrochóri	41.0874	24.8409	2709	East Macedonia and Thrace	GR
Pocsaj	47.2833	21.8167	2709	Hajdú-Bihar	HU
Jánoshida	47.3833	20.0667	2709	Jász-Nagykun-Szolnok	HU
Georgioupolis	35.3623	24.2601	2708	Crete	GR
Sultanköy	41.0214	27.9886	2708	Tekirdağ	TR
Lánycsók	46.0054	18.6253	2707	Baranya	HU
Kakucs	47.2420	19.3647	2707	Pest County	HU
Karakurt	45.6406	28.7051	2707	Odesa	UA
Zipári	36.8770	27.2053	2706	South Aegean	GR
Tormac	45.5208	21.4936	2706	Timiș County	RO
Dolyns’ke	45.4688	28.3255	2705	Odesa	UA
Dealu Aluniș	44.9825	23.8675	2704	Vâlcea County	RO
Mazgirt	39.0178	39.6006	2704	Tunceli	TR
Kardeşköy	37.8439	27.7697	2703	Aydın	TR
Albeşti	44.5333	27.1333	2702	Ialomița County	RO
Baracska	47.2822	18.7585	2701	Fejér	HU
Yeşildere	36.9820	37.4980	2701	Gaziantep	TR
Mi‘ilyā	33.0276	35.2563	2700	Northern District	IL
Hetit	37.0379	43.7285	2700	Duhok	IQ
Kuchka	37.0358	43.8503	2700	Erbil	IQ
Kaghsi	40.4720	44.7374	2699	Kotayk	AM
Malu cu Flori	45.1500	25.2000	2698	Dâmbovița County	RO
Ghimpați	44.1959	25.7834	2698	Giurgiu County	RO
Sarıkemer	37.5661	27.3643	2698	Aydın	TR
Novaci	45.1833	23.6667	2697	Gorj County	RO
Torda	45.5842	20.4590	2697	Vojvodina	RS
Babushara	42.8677	41.1241	2696	Abkhazia	GE
Pláka Dílesi	38.3495	23.6506	2696	Central Greece	GR
Lūmār	33.5652	46.8140	2696	Ilam Province	IR
Băleni	45.8167	27.8333	2696	Galați County	RO
Askaniya-Nova	46.4541	33.8713	2696	Kherson	UA
Cătina	45.3000	26.2500	2695	Buzău County	RO
Surenavan	39.7945	44.7751	2694	Ararat	AM
Kupusina	45.7376	19.0108	2694	Vojvodina	RS
Tiszakeszi	47.7833	21.0000	2692	Borsod-Abaúj-Zemplén	HU
Oktisi	41.2325	20.6072	2692	Struga	MK
Spercheiáda	38.9066	22.1279	2691	Central Greece	GR
Ney	35.4881	46.1266	2691	Kurdistan Province	IR
Plopeni	47.6587	26.3391	2691	Suceava	RO
Medkovets	43.6240	23.1688	2690	Montana	BG
Nofit	32.7600	35.1475	2689	Haifa	IL
Luminiș	46.8133	26.4528	2689	Neamț County	RO
Călăţele	46.7667	23.0167	2689	Cluj County	RO
Thouría	37.0836	22.0489	2688	Peloponnese	GR
Krókos	40.2635	21.8176	2687	West Macedonia	GR
Amurskoye	45.2782	34.1282	2687	Crimea	UA
Ploieștiori	44.9816	26.0179	2685	Prahova	RO
Drăgoteşti	44.8000	23.1667	2685	Gorj County	RO
Böyük Qaramurad	40.5763	45.6373	2684	Gadabay District	AZ
Szászvár	46.2767	18.3757	2684	Baranya	HU
Mozăceni	44.5667	25.1667	2684	Arges	RO
Gârcov	43.7591	24.6158	2684	Olt	RO
Crețești	44.2824	26.1353	2683	Ilfov	RO
Ebrāhīmābād	35.9725	46.8332	2682	Kurdistan Province	IR
Taşca	46.9000	26.0167	2682	Neamț County	RO
Dayr Sharaf	32.2533	35.1889	2681	West Bank	PS
Măgherani	46.5667	24.9000	2681	Mureș County	RO
Tsvetochnoye	45.0866	34.3852	2681	Crimea	UA
Fontany	44.8972	34.0730	2681	Crimea	UA
Sântimbru	46.1333	23.6500	2679	Alba County	RO
Armash	39.7667	44.8111	2678	Ararat	AM
Vitomireşti	44.8667	24.4000	2678	Olt	RO
Varch’a	42.8440	41.1436	2677	Abkhazia	GE
Reghiu	45.7833	26.8333	2677	Vrancea	RO
Barza	44.3333	24.7833	2677	Olt	RO
Giuvărăşti	43.8000	24.7000	2676	Olt	RO
Ddmashen	40.5701	44.8161	2675	Gegharkunik	AM
Ts’inandali	41.8931	45.5713	2675	Kakheti	GE
Akyeniköy	37.4947	27.3032	2675	Aydın	TR
Lovasberény	47.3100	18.5518	2674	Fejér	HU
Qarāwat Banī Zayd	32.0547	35.1291	2673	West Bank	PS
Lékhaio	37.9328	22.8500	2672	Peloponnese	GR
Muzykivka	46.7512	32.5625	2672	Kherson	UA
Pribeta	47.8998	18.3150	2671	Nitra Region	SK
Examília	37.8974	22.9283	2670	Peloponnese	GR
Xiropótamos	41.1921	24.1039	2670	East Macedonia and Thrace	GR
Gan Ner	32.5291	35.3371	2670	Northern District	IL
Curăţele	46.7000	22.4167	2670	Bihor County	RO
Vulpeni	44.4667	23.9167	2669	Olt	RO
Ghindăreşti	44.6500	28.0333	2669	Constanța County	RO
Zhelyabovka	45.3988	34.7578	2669	Crimea	UA
Novi Kozarci	45.7824	20.6229	2668	Vojvodina	RS
Pătârlagele	45.3208	26.3613	2667	Buzău County	RO
Bakır	39.0796	27.7026	2667	Manisa	TR
Zhuravki	45.1263	35.2151	2666	Crimea	UA
Yakimovo	43.6347	23.3535	2665	Montana	BG
Drăguşeni	47.2833	26.4833	2665	Suceava	RO
Baj	47.6459	18.3641	2664	Komárom-Esztergom	HU
Petrova	47.8298	24.2153	2664	Maramureş	RO
Vlădești	45.1500	24.9167	2663	Arges	RO
Fundeni	44.4589	26.1656	2663	Ilfov	RO
Cazasu	45.2717	27.8901	2663	Brăila County	RO
Kirazlı	40.0996	29.0416	2663	Bursa Province	TR
Cocu	44.8667	24.6500	2662	Arges	RO
Volgo-Kaspiyskiy	46.2031	47.9187	2662	Astrakhan Oblast	RU
Aralez	39.9001	44.6509	2661	Ararat	AM
Arıqıran	40.5397	45.6141	2659	Gadabay District	AZ
Sarāb Bāgh	32.8981	47.5738	2659	Ilam Province	IR
Alimănești	44.2569	24.5389	2659	Olt	RO
Pryvilne	47.4934	32.2970	2659	Mykolaiv	UA
Слупчане	42.1733	21.6278	2658	Lipkovo	MK
Smârdioasa	43.8500	25.4333	2658	Teleorman County	RO
Buciumeni	46.0000	27.3000	2658	Galați County	RO
Kumukh	42.1702	47.1160	2658	Dagestan	RU
Sadovo	42.1318	24.9400	2656	Plovdiv	BG
Gara	46.0319	19.0428	2656	Bács-Kiskun	HU
Burila Mare	44.4528	22.5736	2656	Mehedinți County	RO
Livádi	40.1262	22.1575	2655	Thessaly	GR
Kocs	47.6075	18.2152	2655	Komárom-Esztergom	HU
Martynivske	47.4708	31.2773	2654	Mykolaiv	UA
Mágocs	46.3500	18.2324	2652	Baranya	HU
Tarcea	47.4500	22.1833	2652	Bihor County	RO
Hărmăneasa	47.2000	26.8667	2652	Iași County	RO
Băiuţ	47.6167	24.0000	2652	Maramureş	RO
Oghlū	38.1770	46.2227	2651	East Azerbaijan	IR
Trestieni	44.5045	25.7579	2651	Giurgiu County	RO
Gornet-Cricov	45.0833	26.2667	2651	Prahova	RO
Császártöltés	46.4219	19.1836	2649	Bács-Kiskun	HU
Arzakan	40.4501	44.6083	2648	Kotayk	AM
Stăneşti	45.1167	23.2500	2647	Gorj County	RO
Amzacea	43.9500	28.4000	2647	Constanța County	RO
Shinuhayr	39.4367	46.3179	2646	Syunik	AM
Ograda	44.6146	27.5705	2646	Ialomița County	RO
Angut	39.0443	47.7453	2645	Ardabil Province	IR
Dumbrăviţa	45.7969	21.2425	2644	Timiș County	RO
Dobrovăţ	46.9500	27.7000	2644	Iași County	RO
Zhinvali	42.1318	44.7726	2643	Mtskheta-Mtianeti	GE
Taxe Cheya Azadiye	37.0480	43.3604	2643	Duhok	IQ
Sicheviţa	44.7350	21.8486	2643	Caraș-Severin County	RO
Ciofrângeni	45.0833	24.5333	2643	Arges	RO
Sekili	36.9788	37.6717	2643	Gaziantep	TR
Kotlovyna	45.5069	28.5744	2643	Odesa	UA
Kisláng	46.9574	18.3881	2641	Fejér	HU
Galgahévíz	47.6167	19.5667	2641	Pest County	HU
Izvoru de Sus	44.8167	24.6500	2641	Arges	RO
Machara	42.9444	41.0894	2640	Abkhazia	GE
Jászszentandrás	47.5833	20.1833	2640	Jász-Nagykun-Szolnok	HU
Urleta	45.0873	25.7935	2640	Prahova	RO
Mihai Bravu	44.9500	28.6500	2640	Tulcea County	RO
Capu Codrului	47.5312	25.9872	2640	Suceava	RO
Șivița	45.6129	28.0576	2638	Galați County	RO
Lovlinskaya	45.5161	40.2400	2638	Krasnodar Krai	RU
Bezimenne	47.1072	37.9397	2638	Donetsk	UA
Iacobeni	46.0500	24.7167	2637	Sibiu County	RO
Brăhășești	46.0333	27.3667	2637	Galați County	RO
Sineşti	44.9500	23.8500	2636	Vâlcea County	RO
Bozcaada	39.8350	26.0697	2635	Canakkale	TR
Magyarbánhegyes	46.4500	20.9667	2634	Bekes County	HU
Jakabszállás	46.7603	19.6072	2634	Bács-Kiskun	HU
Popeni	46.2467	27.8052	2634	Vaslui County	RO
Ayaş	36.4848	34.1760	2634	Mersin	TR
Siliștea Gumești	44.3833	25.0000	2633	Teleorman County	RO
Revava	32.1193	35.1290	2632		IL
Ştefan cel Mare	44.4928	25.2442	2632	Arges	RO
Kritsá	35.1582	25.6446	2630	Crete	GR
Ulaşlı	40.7058	29.6961	2630	Kocaeli	TR
Tunyogmatolcs	47.9667	22.4667	2629	Szabolcs-Szatmár-Bereg	HU
Szentistván	47.7667	20.6667	2629	Borsod-Abaúj-Zemplén	HU
Zărand	46.4000	21.6500	2629	Arad County	RO
Strugari	46.5333	26.7167	2629	Bacău County	RO
Drenovac	44.8665	19.7094	2629	Central Serbia	RS
Caraula	44.1833	23.2500	2628	Dolj	RO
Dachne	44.8845	34.9833	2628	Crimea	UA
Deleni	46.5500	27.7500	2627	Vaslui County	RO
Andrid	47.5167	22.3500	2627	Satu Mare County	RO
Görbeháza	47.8333	21.2333	2626	Hajdú-Bihar	HU
Slobozia	43.8500	25.9000	2626	Giurgiu County	RO
Grădiştea	45.2667	27.3833	2626	Brăila County	RO
Norabats	40.1055	44.4333	2625	Ararat	AM
Dunaszentgyörgy	46.5285	18.8177	2624	Tolna County	HU
Paradeísi	36.3997	28.0837	2623	South Aegean	GR
‘Azmūţ	32.2230	35.3099	2622	West Bank	PS
Budureasa	46.6740	22.5006	2622	Bihor County	RO
Buneşti	45.1167	24.1833	2620	Vâlcea County	RO
Atalar	37.1750	37.0217	2620	Gaziantep	TR
Tsotíli	40.2615	21.3253	2619	West Macedonia	GR
Gălăuţaş	46.9124	25.4008	2618	Harghita County	RO
Argavand	40.0611	44.0945	2617	Armavir	AM
Lunca Mureşului	46.4333	23.9000	2617	Alba County	RO
Andriyivka	47.4604	37.6554	2616	Donetsk	UA
Scutelnici	44.8500	26.9167	2615	Buzău County	RO
Evrenseki	36.8387	31.3556	2615	Antalya	TR
Fizeşu Gherlii	47.0167	23.9833	2614	Cluj County	RO
Covăsinţ	46.2000	21.6000	2613	Arad County	RO
Ciugud	46.0500	23.6167	2613	Alba County	RO
Ceptura de Jos	45.0209	26.3272	2613	Prahova	RO
Armeniş	45.2000	22.3167	2613	Caraș-Severin County	RO
Ritopek	44.7385	20.6550	2613	Central Serbia	RS
Maniákoi	40.5006	21.2445	2612	West Macedonia	GR
Seyyed Tāj od Dīn	38.3614	45.0382	2612	West Azerbaijan	IR
Nocrich	45.9000	24.4500	2612	Sibiu County	RO
Belin	45.9333	25.5667	2612	Covasna County	RO
Çakılköy	41.1251	28.4491	2612	Istanbul	TR
Anadoluhisarı	41.0874	29.0709	2612	Istanbul	TR
Parva	47.4000	24.5500	2611	Bistrița-Năsăud County	RO
Nahirne	45.4300	28.4485	2611	Odesa	UA
Chóra	37.0511	21.7169	2609	Peloponnese	GR
Sūlam	32.6060	35.3344	2609	Northern District	IL
Rus	47.2833	23.6000	2608	Sălaj County	RO
Câmpani de Pomezeu	46.8004	22.3178	2608	Bihor County	RO
Tiszanána	47.5667	20.5333	2607	Heves County	HU
Ghajar	33.2709	35.6233	2607	Northern District	IL
Nana	44.2667	26.5833	2606	Călărași County	RO
Laloşu	44.5500	24.0167	2606	Vâlcea County	RO
Crna Bara	44.8737	19.3948	2606	Central Serbia	RS
Hilal	37.4734	42.7892	2606	Şırnak	TR
Mihăileni	46.4667	25.8167	2605	Harghita County	RO
Orikum	40.3253	19.4714	2604	Vlorë County	AL
Andornaktálya	47.8500	20.4167	2604	Heves County	HU
Ţallūzah	32.2706	35.2950	2604	West Bank	PS
Nakovo	45.8750	20.5671	2604	Vojvodina	RS
Simeyiz	44.4065	34.0070	2604	Crimea	UA
Pórto Chéli	37.3279	23.1438	2603	Peloponnese	GR
Antirrio	38.3301	21.7641	2603	West Greece	GR
Pamukören	37.9232	28.5418	2603	Aydın	TR
Jászszentlászló	46.5669	19.7606	2602	Bács-Kiskun	HU
Nedelea	44.9719	25.8165	2602	Prahova	RO
Creţeni	44.6833	24.1833	2602	Vâlcea County	RO
Călmăţuiu	43.9667	24.8667	2602	Teleorman County	RO
Çavuşköy	36.3319	30.4314	2602	Antalya	TR
Yarma	37.8115	32.8828	2601	Konya	TR
Novoamvrosiivske	47.8332	38.5005	2601	Donetsk	UA
Topolovo	41.9000	25.0000	2600	Plovdiv	BG
Gunja	44.8877	18.8257	2600	Vukovar-Srijem	HR
Săbăreni	44.5018	25.8882	2600	Giurgiu County	RO
Yolağzı	37.5248	41.3531	2600	Batman	TR
Lativka	46.5656	30.7152	2600	Odesa	UA
Ortaca	37.4742	41.5560	2599	Mardin	TR
Yaniklar	36.7083	29.0508	2598	Muğla	TR
Galaxídhion	38.3807	22.3800	2597	Central Greece	GR
Dobromir	44.0167	27.7833	2597	Constanța County	RO
Ceamurlia de Jos	44.7333	28.7167	2596	Tulcea County	RO
Sălcioara	44.5333	26.8833	2595	Ialomița County	RO
Păltiniş	45.4333	22.1500	2595	Caraș-Severin County	RO
Belsőmajor	47.3958	19.1929	2594	Budapest	HU
Roşia	46.8000	22.4000	2594	Bihor County	RO
Dascălu	44.6000	26.2333	2594	Ilfov	RO
Coţofenii din Dos	44.4333	23.6167	2594	Dolj	RO
Abdipaşa	41.5166	32.5612	2593	Bartın	TR
Muereasca	45.1874	24.3156	2591	Vâlcea County	RO
Istria	44.5667	28.7167	2591	Constanța County	RO
Cămărzana	48.0000	23.3167	2591	Satu Mare County	RO
Mets Masrik	40.2195	45.7639	2589	Gegharkunik	AM
Anatolikó	40.6615	22.7119	2589	Central Macedonia	GR
Makry-Gialos	35.0371	25.9718	2589	Crete	GR
Besenyőtelek	47.7000	20.4333	2588	Heves County	HU
Hocalar	38.5782	29.9677	2588	Afyonkarahisar Province	TR
Frumoasa	43.8000	25.4667	2587	Teleorman County	RO
Íasmos	41.1275	25.1857	2586	East Macedonia and Thrace	GR
Székkutas	46.5000	20.5333	2586	Csongrád	HU
Rāsūn	32.3998	35.7597	2586	Ajloun	JO
Livezi	44.8403	23.8251	2586	Vâlcea County	RO
Corbu	44.4833	24.7167	2586	Olt	RO
Kuban’	45.3539	40.4105	2586	Krasnodar Krai	RU
Gyöngyöshalász	47.7416	19.9288	2585	Heves County	HU
Vlad Ţepeş	44.3500	27.0833	2584	Călărași County	RO
Suceviţa	47.7833	25.7167	2584	Suceava	RO
Tăuții de Sus	47.6566	23.6584	2583	Maramureş	RO
Gökçebağ	37.9034	41.8774	2583	Siirt	TR
Fīrūz Sālār	37.7888	45.9326	2582	East Azerbaijan	IR
Costache Negri	45.7000	27.7167	2582	Galați County	RO
Kholodna Balka	46.6063	30.5836	2582	Odesa	UA
Békéssámson	46.4167	20.6333	2581	Bekes County	HU
Santău	47.5167	22.5167	2580	Satu Mare County	RO
Deseşti	47.7667	23.8500	2580	Maramureş	RO
Cuca	45.7333	27.8833	2580	Galați County	RO
Tămădău Mare	44.4667	26.5700	2579	Călărași County	RO
Karahisar	37.6134	28.9576	2579	Denizli	TR
Turnu Roşu	45.6333	24.3000	2578	Sibiu County	RO
Izvoarele	43.8167	25.3833	2578	Teleorman County	RO
Halmăşd	47.1500	22.6167	2578	Sălaj County	RO
Cioranii de Sus	44.8392	26.3947	2578	Prahova	RO
Șieu	47.7246	24.2239	2577	Maramureş	RO
Ciupercenii Vechi	43.9451	22.8947	2577	Dolj	RO
Chieşd	47.3833	22.8833	2577	Sălaj County	RO
Mykhaylivka	45.9496	29.6966	2577	Odesa	UA
Lisa	43.8000	25.1333	2576	Teleorman County	RO
Gunib	42.3869	46.9610	2576	Dagestan	RU
Sineşti	44.5667	26.3833	2575	Ialomița County	RO
Popești	45.5953	27.0792	2575	Vrancea	RO
Peksimet	37.0413	27.2750	2575	Muğla	TR
Priponeşti	46.0833	27.4333	2574	Galați County	RO
Ilva Mare	47.3667	24.9000	2574	Bistrița-Năsăud County	RO
P’rimorsk’oe	43.0924	40.6965	2573	Abkhazia	GE
Miravci	41.3092	22.4364	2573	Gevgelija	MK
Spermezeu	47.3000	24.1500	2573	Bistrița-Năsăud County	RO
Grinţieş	47.0500	25.8667	2573	Neamț County	RO
Caprarica di Lecce	40.2606	18.2443	2572	Apulia	IT
Stara Zburivka	46.4723	32.4237	2572	Kherson	UA
Kayhador	44.9640	35.3558	2572	Crimea	UA
Sasunik	40.2501	44.3445	2571	Aragatsotn	AM
Vrachnaíika	38.1625	21.6669	2571	West Greece	GR
Şirineasa	44.9333	24.2000	2571	Vâlcea County	RO
Prajila	45.0827	24.1695	2570	Vâlcea County	RO
Khlibodarske	46.4845	30.5937	2570	Odesa	UA
Uznovë	40.6972	19.9803	2569	Berat County	AL
Lăceni	44.0847	25.3327	2569	Teleorman County	RO
Botoš	45.3084	20.6351	2569	Vojvodina	RS
Elbeyli	40.4861	29.7247	2569	Bursa Province	TR
Siedove	47.0787	38.1537	2569	Donetsk	UA
Paramythiá	39.4711	20.5111	2568	Epirus	GR
Comuna Radomireşti	44.0833	24.6833	2568	Olt	RO
Ghidfalău	45.9000	25.8500	2568	Covasna County	RO
Erythrés	38.2174	23.3223	2567	Attica	GR
Uda	44.9167	24.5667	2567	Arges	RO
Ovča	44.8835	20.5334	2567	Central Serbia	RS
Bradash	42.9403	21.1381	2567	Pristina	XK
Iablaniţa	44.9503	22.3142	2566	Caraș-Severin County	RO
Türkbükü	37.1332	27.3736	2566	Muğla	TR
Zarós	35.1303	24.9041	2565	Crete	GR
Lvove	46.7939	33.1547	2565	Kherson	UA
Krousón	35.2306	24.9829	2564	Crete	GR
Mazanka	45.0055	34.2558	2564	Crimea	UA
Chornomorka	46.6404	31.4978	2564	Mykolaiv	UA
Kamyanske	47.6182	34.4278	2563	Dnipropetrovsk	UA
Gârceni	46.7667	27.2833	2561	Vaslui County	RO
Loutrá Aidhipsoú	38.8569	23.0474	2560	Central Greece	GR
Beğendik	37.9752	42.6465	2560	Siirt	TR
Kesztölc	47.7127	18.8018	2559	Komárom-Esztergom	HU
Nasakirali	41.9731	42.0651	2558	Guria	GE
Gowharān	38.5731	45.0206	2557	West Azerbaijan	IR
Ploscuțeni	46.0786	27.2703	2557	Vrancea	RO
Ravda	42.6418	27.6771	2556	Burgas	BG
Előszállás	46.8309	18.8348	2556	Fejér	HU
Comana de Sus	45.9000	25.2667	2556	Brașov County	RO
Pavlivka	45.9610	29.4886	2556	Odesa	UA
Petalídi	36.9585	21.9270	2555	Peloponnese	GR
Casimcea	44.7193	28.3778	2555	Tulcea County	RO
Gheorghe Doja	44.6162	27.1874	2555	Ialomița County	RO
Măureni	45.4039	21.5025	2553	Caraș-Severin County	RO
Arnesano	40.3368	18.0914	2552	Apulia	IT
Tinosu	44.8167	26.0167	2551	Prahova	RO
Klokot	42.3714	21.3744	2551	Gjilan	XK
Bujan	42.3264	20.0764	2550	Kukës County	AL
Unirea	45.1097	27.7867	2550	Brăila County	RO
Băgaciu	46.2667	24.3667	2549	Mureș County	RO
Kemah	39.5961	39.0233	2549	Erzincan	TR
Pincehely	46.6810	18.4394	2548	Tolna County	HU
Tânganu	44.4063	26.3126	2547	Ilfov	RO
Grăniceri	46.5167	21.3000	2547	Arad County	RO
Ileanda	47.3333	23.6333	2546	Sălaj County	RO
Qendër Skrapar	40.5082	20.2342	2545	Berat County	AL
Anógeia	35.2908	24.8841	2545	Crete	GR
Tureni	46.6293	23.7024	2545	Cluj County	RO
Călăraşi	46.4833	23.8667	2544	Cluj County	RO
Çarıklar	36.1127	32.8791	2544	Mersin	TR
Zolotoye Pole	45.1277	34.9915	2543	Crimea	UA
Cungrea	44.6667	24.3833	2542	Olt	RO
Boldur	45.6942	21.7767	2542	Timiș County	RO
Stoeneşti	44.1444	25.8950	2540	Giurgiu County	RO
Ciceu	46.4133	25.7820	2540	Harghita County	RO
Ukrainka	44.8865	34.1407	2539	Crimea	UA
Shojā‘	38.9003	45.6435	2538	East Azerbaijan	IR
Ţepu	45.9667	27.3667	2538	Galați County	RO
Galátista	40.4682	23.2801	2537	Central Macedonia	GR
Leordina	47.7833	24.2500	2537	Maramureş	RO
Ortaköy	37.1819	28.4231	2537	Muğla	TR
Őcsény	46.3137	18.7575	2536	Tolna County	HU
Toporu	44.0106	25.6528	2536	Giurgiu County	RO
Căianu Mic	46.7953	23.8930	2536	Cluj County	RO
Gornji Breg	45.9200	20.0177	2536	Vojvodina	RS
Şuletea	46.2833	27.9000	2535	Vaslui County	RO
Socond	47.5667	22.9500	2535	Satu Mare County	RO
Leányfalu	47.7178	19.0859	2534	Pest County	HU
Mărişelu	47.0167	24.5167	2534	Bistrița-Năsăud County	RO
Bălăşeşti	46.1000	27.6667	2534	Galați County	RO
Valea Mare	44.7833	25.2333	2533	Dâmbovița County	RO
Göksüncük	37.2003	37.3649	2533	Gaziantep	TR
Kremidivka	46.7335	30.7847	2533	Odesa	UA
Chepintsi	42.7580	23.4260	2532	Sofia-Capital	BG
Batârăşti	44.8167	24.1500	2532	Vâlcea County	RO
Ardeoani	46.5333	26.6000	2532	Bacău County	RO
Prunişor	44.6094	22.9153	2531	Mehedinți County	RO
Néa Zíchni	41.0320	23.8287	2530	Central Macedonia	GR
Drăgoteşti	44.2500	24.1000	2530	Dolj	RO
Ciulniţa	44.5333	27.3500	2529	Ialomița County	RO
Şarţah	32.1045	35.0920	2528	West Bank	PS
Valea Caselor	45.3500	25.1667	2528	Arges	RO
Slătioara	44.4000	24.3167	2528	Olt	RO
Haytagh	40.1805	44.2333	2527	Armavir	AM
Káloz	46.9546	18.4826	2527	Fejér	HU
Teliucu Inferior	45.7167	22.8833	2527	Hunedoara County	RO
Şofronea	46.2667	21.3000	2527	Arad County	RO
Şieu-Odorhei	47.1519	24.2916	2526	Bistrița-Năsăud County	RO
Gladzor	39.7807	45.3473	2524	Vayots Dzor	AM
Sânpaul	46.8833	23.4167	2523	Cluj County	RO
Scurtești	45.1383	26.9040	2522	Buzău County	RO
Pusztavám	47.4295	18.2265	2521	Fejér	HU
Šušanj	42.1156	19.0883	2521	Bar	ME
Drăgeşti	46.8833	22.1333	2521	Bihor County	RO
Akköy	37.9569	29.0781	2520	Denizli	TR
Kuibyshevo	44.6290	33.8689	2520	Crimea	UA
Batanovtsi	42.5969	22.9563	2519	Pernik	BG
Strymonikó	41.0414	23.3149	2519	Central Macedonia	GR
Boldu	45.3333	27.2333	2518	Buzău County	RO
Skvortsovo	45.0754	33.8208	2517	Crimea	UA
Pietroșani	44.8396	26.1038	2516	Prahova	RO
Brăneşti	44.6500	23.4667	2516	Gorj County	RO
Vília	38.1672	23.3366	2514	Attica	GR
Shimshit	32.7332	35.2472	2514	Northern District	IL
Roshnik Qender	40.7328	20.0394	2513	Berat County	AL
Proviţa de Jos	45.1167	25.6500	2513	Prahova	RO
Ardusat	47.6500	23.3667	2513	Maramureş	RO
Choristí	41.1306	24.2084	2512	East Macedonia and Thrace	GR
Bucovăț	45.7557	21.3832	2512	Timiș County	RO
Glušci	44.8902	19.5491	2512	Central Serbia	RS
Ghindăoani	47.1098	26.3391	2510	Neamț County	RO
Caţa	46.0833	25.2667	2510	Brașov County	RO
Hlavani	45.8447	29.1950	2510	Odesa	UA
Selínia	37.9332	23.5315	2509	Attica	GR
Sălcuţa	44.2500	23.4333	2509	Dolj	RO
Özekli	38.2279	40.3947	2509	Diyarbakır Province	TR
Moldoveni	46.8333	26.7667	2508	Neamț County	RO
Gura Vadului	45.0500	26.4667	2508	Prahova	RO
Szank	46.5571	19.6610	2506	Bács-Kiskun	HU
Délegyháza	47.2413	19.0902	2506	Pest County	HU
Dăeni	44.8333	28.1167	2506	Tulcea County	RO
Cerţeşti	46.0167	27.6167	2506	Galați County	RO
Ioneşti	44.6167	23.4333	2505	Gorj County	RO
Nagymányok	46.2791	18.4549	2504	Tolna County	HU
Metsovo	39.7694	21.1822	2503	Epirus	GR
Fülöpszállás	46.8207	19.2375	2503	Bács-Kiskun	HU
Marino	41.9878	21.5915	2503	Ilinden	MK
Mrgavet	40.0279	44.4833	2502	Ararat	AM
Brăeşti	45.4333	26.5000	2502	Buzău County	RO
Vorona	47.5771	26.6308	2501	Botoșani County	RO
Ligourión	37.6123	23.0377	2500	Peloponnese	GR
Būrīn	32.1845	35.2501	2500	West Bank	PS
Costineşti	43.9500	28.6333	2500	Constanța County	RO
Shabel’skoye	46.8528	38.4728	2500	Krasnodar Krai	RU
Vostochny	44.3149	44.1964	2500	Stavropol Kray	RU
Prilep	42.5075	20.3178	2500	Gjakova	XK
Răstoaca	45.6608	27.2872	2499	Vrancea	RO
Gökçen	38.1137	27.8714	2499	İzmir Province	TR
Câmpulung la Tisa	47.9865	23.7726	2498	Maramureş	RO
Bağbaşı	37.2782	37.2724	2498	Gaziantep	TR
Tabaky	45.7267	28.6069	2498	Odesa	UA
Kilifarevo	42.9833	25.6333	2497	Veliko Tarnovo	BG
Căuaş	47.5667	22.5500	2497	Satu Mare County	RO
Krajišnik	45.4528	20.7298	2495	Vojvodina	RS
Bečmen	44.7798	20.2058	2494	Central Serbia	RS
Mar’yanovka	45.4463	34.2947	2494	Crimea	UA
Groşi	47.6167	23.6167	2493	Maramureş	RO
Montesano Salentino	39.9754	18.3228	2492	Apulia	IT
Romanovci	42.0947	21.6931	2492	Kumanovo	MK
Şpring	45.9667	23.7833	2492	Alba County	RO
Deleni	44.1000	28.0167	2492	Constanța County	RO
Breaza	46.7667	24.6333	2492	Mureș County	RO
Shahumyan	40.7748	44.5460	2491	Lori	AM
Chiraftei	45.7722	28.0272	2491	Galați County	RO
Bârza	46.5744	24.1428	2491	Mureș County	RO
Pınarbaşı	41.6039	33.1110	2491	Kastamonu	TR
Cosoba	44.5227	25.8190	2490	Giurgiu County	RO
Stavrós	38.8964	22.3708	2489	Central Greece	GR
Grădinari	44.5667	24.2667	2489	Olt	RO
Gložan	45.2795	19.5684	2487	Vojvodina	RS
Soúrpi	39.1032	22.8979	2485	Thessaly	GR
Balaci	44.3500	24.9167	2485	Teleorman County	RO
Yalıköy	37.4164	27.2231	2485	Aydın	TR
Hanu Conachi	45.5865	27.5948	2484	Galați County	RO
Kılavuz	37.4841	41.7790	2484	Mardin	TR
Mošorin	45.3020	20.1692	2483	Vojvodina	RS
Tepehan	36.1585	36.2286	2483	Hatay	TR
Prăjești	46.6547	26.9763	2482	Bacău County	RO
Bārūj	38.5034	45.6948	2481	East Azerbaijan	IR
Kafr Jammāl	32.2255	35.0434	2481	West Bank	PS
Corni	45.8500	27.7667	2481	Galați County	RO
Avrămeşti	46.3333	25.0167	2481	Harghita County	RO
Oni	42.5845	43.4436	2480	Racha-Lechkhumi and Kvemo Svaneti	GE
Vulcana-Pandele	45.0156	25.3932	2480	Dâmbovița County	RO
Bucsa	47.2000	21.0000	2479	Bekes County	HU
Szedres	46.4755	18.6831	2478	Tolna County	HU
Alexeni	44.6833	26.7000	2478	Ialomița County	RO
Handrabury	47.7173	29.8681	2477	Odesa	UA
Pélla	40.7617	22.5264	2476	Central Macedonia	GR
Viscri	46.0552	25.0939	2476	Brașov County	RO
Isverna	44.9797	22.6292	2476	Mehedinți County	RO
Gheorghe Lazăr	44.6333	27.4500	2476	Ialomița County	RO
Narlıkuyu	36.4427	34.1129	2476	Mersin	TR
Lesnovka	45.1535	33.6189	2476	Crimea	UA
Sarıdibek	41.1071	35.0744	2475	Samsun	TR
Ástros	37.4040	22.7212	2474	Peloponnese	GR
Zsámbok	47.5438	19.6105	2474	Pest County	HU
Sadova	47.5333	25.5000	2474	Suceava	RO
Dragoslavele	45.3480	25.1693	2474	Arges	RO
Forrópuszta	47.4550	19.6600	2473	Pest County	HU
Bostancı	37.1766	42.3293	2473	Şırnak	TR
Azovs'ke	46.8037	36.6794	2473	Zaporizhzhia	UA
Măieruş	45.9000	25.5333	2472	Brașov County	RO
Crucişor	47.6833	23.2500	2471	Satu Mare County	RO
Kuchugury	45.4070	36.9559	2471	Krasnodar Krai	RU
Laçin	40.7749	34.8807	2471	Çorum	TR
Taronik	40.1337	44.1996	2470	Armavir	AM
Kürkçüler	40.7334	32.2133	2470	Bolu	TR
Tureac	47.2297	24.8059	2469	Bistrița-Năsăud County	RO
Slon	45.3552	26.0419	2469	Prahova	RO
Jibert	46.0000	25.0667	2469	Brașov County	RO
Kırkkoyun	37.7985	39.9300	2469	Diyarbakır Province	TR
Zlataritsa	43.0500	25.9000	2468	Veliko Tarnovo	BG
Evciler	37.5984	28.0617	2468	Aydın	TR
Ştefan Vodă	44.3167	27.3167	2467	Călărași County	RO
Bâlteni	44.8692	23.2731	2467	Gorj County	RO
Norapat	40.1417	44.0333	2466	Armavir	AM
Bodoc	45.9500	25.8500	2466	Covasna County	RO
Zonūz	38.5880	45.8302	2465	East Azerbaijan	IR
Astromerítis	35.1410	33.0379	2463	Nicosia	CY
Gyöngyöstarján	47.8137	19.8672	2463	Heves County	HU
Pégeia	34.8839	32.3819	2462	Pafos	CY
Apele Vii	44.0667	24.0667	2462	Dolj	RO
Ónod	48.0000	20.9167	2461	Borsod-Abaúj-Zemplén	HU
Valkó	47.5639	19.5127	2461	Pest County	HU
Fesendūz	37.1090	45.8639	2461	West Azerbaijan	IR
Arevashogh	40.8604	44.2744	2460	Lori	AM
Galatádes	40.7559	22.2806	2459	Central Macedonia	GR
Dealu Dănicei	44.9000	24.4333	2459	Vâlcea County	RO
Kumluca	41.4472	32.4676	2459	Bartın	TR
Al Bādhān	32.2586	35.3325	2458	West Bank	PS
Galaţii Bistriţei	46.9833	24.4000	2458	Bistrița-Năsăud County	RO
Ceahlău	47.0500	25.9667	2458	Neamț County	RO
Chavān	37.9853	46.3915	2457	East Azerbaijan	IR
Saravale	46.0693	20.7408	2457	Timiș County	RO
Oleksandrivka	45.8907	28.9475	2457	Odesa	UA
Nociglia	40.0380	18.3276	2456	Apulia	IT
Valea Roșie	44.1775	26.6346	2456	Călărași County	RO
Szigetcsép	47.2649	18.9705	2455	Pest County	HU
Brezoaia	44.5568	25.7853	2455	Dâmbovița County	RO
Zmeyka	44.1428	43.1208	2455	Stavropol Kray	RU
Mešeišta	41.2381	20.7741	2452	Debarca	MK
Săuleşti	44.8000	23.4833	2452	Gorj County	RO
Lunca	47.2814	26.7371	2452	Iași County	RO
Bârsău de Sus	47.6000	23.2167	2452	Satu Mare County	RO
Akkent	38.1527	29.3789	2451	Denizli	TR
Marynivka	47.7760	30.8875	2450	Mykolaiv	UA
Yaponka	45.3685	36.4610	2450	Crimea	UA
Aygestan	40.0029	44.5583	2449	Ararat	AM
Chiojdeni	45.5500	26.8667	2449	Vrancea	RO
Kanaláki	39.2336	20.6000	2446	Epirus	GR
Fýllo	39.4308	22.1847	2446	Thessaly	GR
Tengelic	46.5288	18.7112	2445	Tolna County	HU
Nagybaracska	46.0425	18.9059	2445	Bács-Kiskun	HU
Bistreț	43.9000	23.5000	2445	Dolj	RO
Hanönü	41.6270	34.4667	2445	Kastamonu	TR
Ḩajjah	32.2043	35.1308	2444	West Bank	PS
Sarasău	47.9551	23.8287	2444	Maramureş	RO
Sárkeresztúr	47.0054	18.5439	2443	Fejér	HU
Fundeni	45.2914	26.8803	2443	Buzău County	RO
Myrne	46.4681	30.3714	2443	Odesa	UA
Prydniprovske	47.6197	34.4587	2443	Dnipropetrovsk	UA
Hayanist	40.1200	44.3730	2442	Ararat	AM
Dărăști-Vlașca	44.2940	26.0112	2442	Giurgiu County	RO
Filipeni	46.5333	27.1833	2441	Bacău County	RO
Pehčevo	41.7625	22.8898	2440	Pehchevo	MK
Vinerea	45.8863	23.3529	2440	Alba County	RO
Aráchova	38.4796	22.5835	2439	Central Greece	GR
Al Lubban ash Sharqīyah	32.0701	35.2403	2439	West Bank	PS
Fushë-Arrëz	42.0622	20.0167	2438	Shkodër County	AL
Mihălăşeni	47.8833	27.0667	2438	Botoșani County	RO
Yazdekān	38.4076	44.7953	2437	West Azerbaijan	IR
Cherechiu	47.3833	22.1333	2437	Bihor County	RO
Văleni-Dâmbovița	45.1667	25.1833	2435	Dâmbovița County	RO
Radna	46.0944	21.6873	2435	Arad County	RO
Căpreni	44.7500	23.6167	2435	Gorj County	RO
Buneşti	46.1000	25.0500	2435	Brașov County	RO
Bagamér	47.4488	21.9890	2433	Hajdú-Bihar	HU
Pylí	36.8447	27.1593	2430	South Aegean	GR
Sadu	45.6667	24.1833	2430	Sibiu County	RO
Belegiš	45.0192	20.3332	2430	Vojvodina	RS
Vevčani	41.2404	20.5928	2429	Vevchani	MK
Limenária	40.6274	24.5765	2428	East Macedonia and Thrace	GR
Orăştioara de Sus	45.7333	23.1667	2428	Hunedoara County	RO
Stravaj	41.0053	20.4231	2427	Elbasan County	AL
Şibot	45.9500	23.3333	2427	Alba County	RO
Năneşti	45.5500	27.5000	2427	Vrancea	RO
Copăcel	46.9833	22.1667	2427	Bihor County	RO
Godineşti	45.0000	22.9667	2426	Gorj County	RO
Ilandža	45.1690	20.9201	2426	Vojvodina	RS
Orikhivka	45.8068	28.9034	2426	Odesa	UA
Aspindza	41.5731	43.2484	2425	Samtskhe-Javakheti	GE
Cozieni	45.3333	26.4833	2425	Buzău County	RO
Nikinci	44.8502	19.8232	2425	Vojvodina	RS
Ākhī Jahān	37.7888	45.9443	2424	East Azerbaijan	IR
Ivanivka	46.9746	30.4694	2424	Odesa	UA
Novosel’skoye	45.5036	32.7225	2424	Crimea	UA
Cățelu	44.4029	26.2198	2422	Ilfov	RO
Bahşiş	36.8233	34.8877	2422	Mersin	TR
Símantra	40.3456	23.3103	2421	Central Macedonia	GR
Romhány	47.9262	19.2572	2421	Nógrád	HU
Kafr Qallīl	32.1935	35.2828	2421	West Bank	PS
Jalbūn	32.4596	35.4152	2421	West Bank	PS
Dăneşti	46.8500	27.6667	2420	Vaslui County	RO
Cizer	47.0667	22.8833	2420	Sălaj County	RO
Blăjel	46.2167	24.3167	2419	Sibiu County	RO
Dragomireşti	47.0167	26.5333	2418	Neamț County	RO
Kestanelik	41.2347	28.4947	2418	Istanbul	TR
Günyurdu	37.0000	35.1000	2416	Mersin	TR
Zarnaq	37.9811	46.4303	2415	East Azerbaijan	IR
Dolno Palčište	41.9686	20.9290	2414	Bogovinje	MK
Bansko	41.3839	22.7436	2414	Strumica	MK
Stroiești	47.6167	26.1333	2414	Suceava	RO
Baghdati	42.0694	42.8250	2412	Imereti	GE
Grindu	44.7667	26.9167	2412	Ialomița County	RO
Corocăiești	47.6333	26.4833	2412	Suceava	RO
Vlădeşti	45.1167	24.3000	2411	Vâlcea County	RO
Frăsinet	44.1804	25.3824	2411	Teleorman County	RO
Donji Milanovac	44.4659	22.1517	2410	Central Serbia	RS
Novohryhorivka	46.4080	34.9807	2408	Kherson	UA
Magliano	40.3374	18.0629	2407	Apulia	IT
Asproválta	40.7305	23.7118	2405	Central Macedonia	GR
Vlachiótis	36.8609	22.7083	2404	Peloponnese	GR
Ogra	46.4333	24.3167	2403	Mureș County	RO
Kızılören	38.2581	30.1517	2403	Afyonkarahisar Province	TR
Voiteg	45.4689	21.2392	2402	Timiș County	RO
Gârcina	46.9769	26.3457	2402	Neamț County	RO
Gârbou	47.1500	23.4333	2402	Sălaj County	RO
Kamaris	40.2369	44.6915	2401	Kotayk	AM
Marathókampos	37.7267	26.6896	2401	North Aegean	GR
Kevermes	46.4167	21.1833	2401	Bekes County	HU
Măneciu-Ungureni	45.3167	25.9833	2401	Prahova	RO
Khiv	41.7546	47.9307	2401	Dagestan	RU
Panik	39.9831	44.0544	2401	Iğdır	TR
Aanjar	33.7278	35.9311	2400	Bekaa	LB
Mărculeşti	47.8690	28.2411	2400	Floreşti	MD
Felsőtag	47.3893	19.0928	2399	Pest County	HU
Qaryūt	32.0700	35.2943	2399	West Bank	PS
Dodurga	39.7997	29.9172	2398	Bilecik	TR
Ungureni	47.8818	26.7990	2397	Botoșani County	RO
Akunk	40.2667	44.6861	2396	Kotayk	AM
Teiș	44.9629	25.4028	2396	Dâmbovița County	RO
Akhtala	41.1495	44.7817	2395	Lori	AM
Yanıqlı	40.8432	45.6803	2395	Tovuz District	AZ
Bijela	42.4533	18.6556	2395	Herceg Novi	ME
Kukurečani	41.0956	21.3245	2395	Bitola	MK
Konalga	37.8721	43.0512	2395	Van	TR
Morske	44.8259	34.8031	2394	Crimea	UA
Meghradzor	40.6068	44.6416	2393	Kotayk	AM
Zau de Câmpie	46.6138	24.1308	2393	Mureș County	RO
Luna	46.5066	23.9196	2392	Cluj County	RO
Vutcani	46.4667	27.9667	2391	Vaslui County	RO
Stoeneşti	44.1167	24.5000	2391	Olt	RO
Altınüzüm	36.9345	36.5695	2391	Gaziantep	TR
Crişeni	47.2333	23.0500	2390	Sălaj County	RO
Siliștea	46.7778	26.6930	2389	Neamț County	RO
Tupilaţi	47.0667	26.6333	2388	Neamț County	RO
Nufăru	45.1500	28.9167	2388	Tulcea County	RO
Gostinu	44.0000	26.1167	2388	Giurgiu County	RO
Aslanapa	39.2158	29.8699	2388	Kütahya	TR
Zlătunoaia	47.6503	27.0074	2386	Botoșani County	RO
Larzhanka	45.3549	28.7147	2386	Odesa	UA
Zagorá	39.4500	23.1000	2385	Thessaly	GR
Bănişor	47.1043	22.8373	2385	Sălaj County	RO
Kobleve	46.6650	31.2080	2385	Mykolaiv	UA
Nyárlőrinc	46.8602	19.8784	2384	Bács-Kiskun	HU
Micăsasa	46.0833	24.1167	2384	Sibiu County	RO
Pelasgía	38.9481	22.8398	2383	Central Greece	GR
Stancea	44.1368	26.8123	2383	Călărași County	RO
Niculești	44.6827	25.9422	2383	Dâmbovița County	RO
Satovcha	41.6167	23.9833	2382	Blagoevgrad	BG
Khān Amīr	37.7785	45.9919	2381	East Azerbaijan	IR
Fratoștița	44.5867	23.5704	2381	Dolj	RO
Novi Žednik	45.9412	19.6714	2381	Vojvodina	RS
Kafr Nāsij	33.1505	36.0388	2381	Daraa	SY
Nagyrábé	47.2000	21.3333	2380	Hajdú-Bihar	HU
Dombegyház	46.3333	21.1333	2380	Bekes County	HU
Seliatyn	47.8674	25.1989	2380	Chernivtsi	UA
Yeghegnut	40.0889	44.1667	2379	Armavir	AM
Bogdăneşti	46.6333	23.1333	2379	Cluj County	RO
Pirinçli	37.4644	39.9832	2379	Mardin	TR
Vólakas	41.3166	24.0022	2378	East Macedonia and Thrace	GR
Češinovo	41.8715	22.2896	2377	Češinovo-Obleševo	MK
Berehove	45.0970	35.4360	2377	Crimea	UA
Sayat-Nova	40.0751	44.4001	2376	Ararat	AM
Firá	36.4211	25.4309	2376	South Aegean	GR
Kufayrit	32.4438	35.2018	2376	West Bank	PS
Šimanovci	44.8739	20.0918	2376	Vojvodina	RS
Hacıveliler	36.3675	30.2733	2376	Antalya	TR
Pyatikhatka	45.3235	34.2552	2375	Crimea	UA
Dilisk’a	41.4292	43.4621	2374	Samtskhe-Javakheti	GE
Katymár	46.0340	19.2094	2374	Bács-Kiskun	HU
Getap	39.7639	45.3083	2373	Vayots Dzor	AM
Delphi	38.4794	22.4936	2373	Central Greece	GR
Turcineşti	45.0930	23.3033	2373	Gorj County	RO
Nămoloasa-Sat	45.5400	27.5784	2373	Galați County	RO
Chkhorotsqu	42.5195	42.1273	2372	Samegrelo and Zemo Svaneti	GE
Palaióchora	35.2313	23.6819	2372	Crete	GR
Vişineşti	45.1000	25.5500	2372	Dâmbovița County	RO
Mumra	45.7725	47.6540	2372	Astrakhan Oblast	RU
Svodín	47.9105	18.4997	2372	Nitra Region	SK
Kosd	47.8079	19.1782	2371	Pest County	HU
Poroj	42.0291	20.9927	2370	Tetovo	MK
Ovoshchi	45.3664	43.3233	2370	Stavropol Kray	RU
Faḩmah	32.3829	35.1791	2369	West Bank	PS
Novopetrivske	47.2127	31.8057	2369	Mykolaiv	UA
Immātīn	32.1916	35.1584	2368	West Bank	PS
Nadeş	46.3167	24.7333	2368	Mureș County	RO
Moraviţa	45.2558	21.2703	2368	Timiș County	RO
Yantarne	45.4347	34.2213	2368	Crimea	UA
Perístasi	40.2744	22.5416	2367	Central Macedonia	GR
Umbrărești-Deal	45.7000	27.4667	2367	Galați County	RO
Poboru	44.6667	24.5000	2367	Olt	RO
Turnasuyu	40.9624	37.9793	2366	Ordu	TR
Lajoskomárom	46.8420	18.3376	2365	Fejér	HU
Saharna	47.6911	28.9746	2365	Rezina	MD
Ştefeşti	45.2310	25.9040	2365	Prahova	RO
Anayazı	36.3211	36.1906	2365	Hatay	TR
Suhindol	43.1917	25.1811	2364	Veliko Tarnovo	BG
Merkez	40.7735	31.3194	2363	Düzce	TR
Ostoros	47.8667	20.4333	2362	Heves County	HU
Drăgoeşti	44.8167	24.3000	2362	Vâlcea County	RO
Lernagog	40.2401	43.8710	2359	Armavir	AM
Novaci	41.0420	21.4587	2357	Novaci	MK
Valea Seacă	46.4648	26.8805	2356	Bacău County	RO
Buceş	46.1833	22.9333	2355	Hunedoara County	RO
Jadranska Lešnica	44.5862	19.3470	2355	Central Serbia	RS
Sými	36.6155	27.8362	2354	South Aegean	GR
Dég	46.8681	18.4504	2354	Fejér	HU
Bulz	46.9167	22.6833	2352	Bihor County	RO
Negoi	43.9140	23.3729	2351	Dolj	RO
Sumulicë	42.3868	21.7340	2350	Central Serbia	RS
Biljača	42.3543	21.7437	2349	Central Serbia	RS
Apagy	47.9643	21.9354	2348	Szabolcs-Szatmár-Bereg	HU
Vál	47.3626	18.6793	2348	Fejér	HU
Bogyiszló	46.3864	18.8296	2348	Tolna County	HU
Almásfüzitő	47.7275	18.2615	2348	Komárom-Esztergom	HU
Siliștea Snagovului	44.7392	26.1794	2346	Ilfov	RO
Narazeni	42.3719	41.9108	2345	Samegrelo and Zemo Svaneti	GE
Pýlos	36.9130	21.6965	2345	Peloponnese	GR
Megála Kalývia	39.4969	21.7880	2345	Thessaly	GR
Lanurile	45.0415	27.7492	2344	Brăila County	RO
Homorod	46.0500	25.2667	2344	Brașov County	RO
Făurei	46.9167	26.6833	2344	Neamț County	RO
Klek	45.4225	20.4805	2344	Vojvodina	RS
Zlatibor	43.7290	19.7003	2344	Central Serbia	RS
Buják	47.8835	19.5438	2343	Nógrád	HU
Decindeni	44.9123	25.3261	2342	Dâmbovița County	RO
Mayakovski	40.2442	44.6341	2341	Kotayk	AM
‘Aşīrah al Qiblīyah	32.1784	35.2157	2341	West Bank	PS
Tănăsoaia	46.1000	27.3667	2341	Vrancea	RO
Oarja	44.7605	24.9760	2341	Arges	RO
Tiszaszentimre	47.4833	20.7333	2340	Jász-Nagykun-Szolnok	HU
Maklár	47.8000	20.4167	2340	Heves County	HU
Slobozia Moara	44.6000	25.7167	2340	Dâmbovița County	RO
Fântânele	45.0070	26.3772	2340	Prahova	RO
Ruen	42.8000	27.2833	2339	Burgas	BG
Văcăreni	45.3242	28.1951	2339	Tulcea County	RO
Hăneşti	47.9167	26.9833	2339	Botoșani County	RO
Ion Creangă	46.8703	26.9802	2339	Neamț County	RO
Iđoš	45.8265	20.3179	2338	Vojvodina	RS
Szárliget	47.5158	18.4948	2337	Fejér	HU
Băbiciu	44.0333	24.5667	2337	Olt	RO
Vadu Izei	47.8882	23.9321	2336	Maramureş	RO
Gheboaia	44.8020	25.7488	2336	Dâmbovița County	RO
Irganay	42.6465	46.9115	2336	Dagestan	RU
Slobidka	47.8837	29.3440	2336	Odesa	UA
Mérk	47.7882	22.3804	2335	Szabolcs-Szatmár-Bereg	HU
Valea Mărului	45.8387	27.6914	2335	Galați County	RO
Nistoreşti	45.8333	26.7333	2335	Vrancea	RO
Butimanu	44.6833	25.9000	2335	Dâmbovița County	RO
Bilolissya	45.8921	29.6989	2335	Odesa	UA
Iepureşti	44.2581	25.8822	2334	Giurgiu County	RO
Livanátes	38.7110	23.0503	2333	Central Greece	GR
Proviţa de Sus	45.1333	25.6333	2333	Prahova	RO
Margina	45.8584	22.2665	2333	Timiș County	RO
Cut	46.8826	26.4193	2333	Neamț County	RO
Izobilne	44.7028	34.3536	2333	Crimea	UA
Rubik	41.7744	19.7861	2332	Lezhë County	AL
Suplac	46.3833	24.5167	2332	Mureș County	RO
Mindilóglion	38.1839	21.7013	2331	West Greece	GR
Verkhnosadove	44.6893	33.7021	2331	Sevastopol City	UA
Tegh	39.5583	46.4805	2330	Syunik	AM
Jobbágyi	47.8324	19.6776	2329	Nógrád	HU
Unguriu	45.2793	26.6321	2329	Buzău County	RO
Izvoarele	45.2838	26.0012	2329	Prahova	RO
Ivanivka	47.4778	34.7600	2329	Zaporizhzhia	UA
Novosaratovka	40.5981	45.6008	2328	Gadabay District	AZ
Al Mughayyir	32.0192	35.3478	2328	West Bank	PS
Săliştea-Deal	45.9000	23.4000	2328	Alba County	RO
Fântânele	43.7210	25.2926	2328	Teleorman County	RO
Ciucurova	44.9333	28.4833	2328	Tulcea County	RO
Byala	42.8743	27.8886	2327	Varna	BG
Otlja	42.1431	21.5867	2326	Lipkovo	MK
Mrgashen	40.2861	44.5445	2325	Kotayk	AM
Iratoşu	46.3167	21.2000	2325	Arad County	RO
Nā‘ūra	32.6140	35.3917	2324	Northern District	IL
Husasău de Tinca	46.8167	21.9167	2324	Bihor County	RO
Tayāsīr	32.3404	35.3960	2323	West Bank	PS
Sáránd	47.4000	21.6333	2322	Hajdú-Bihar	HU
Vurpăr	45.9000	24.3500	2322	Sibiu County	RO
Belciugatele	44.4833	26.4333	2322	Călărași County	RO
Vultureşti	46.8167	27.5333	2320	Vaslui County	RO
Lónyaytelep	47.4504	19.1828	2319	Budapest	HU
Satu Nou	44.2692	28.2258	2319	Constanța County	RO
Gura Foii	44.7500	25.2833	2319	Dâmbovița County	RO
Băişoara	46.5833	23.4667	2319	Cluj County	RO
Sykoúrio	39.7595	22.5800	2318	Thessaly	GR
Ðurđenovac	45.5433	18.0458	2318	County of Osijek-Baranja	HR
Coroieşti	46.2436	27.4878	2318	Vaslui County	RO
Menzil	37.7802	38.7772	2318	Adıyaman Province	TR
Tiream	47.6167	22.4667	2317	Satu Mare County	RO
‘Aynabūs	32.1471	35.2451	2315	West Bank	PS
Poiana Stampei	47.3167	25.1333	2315	Suceava	RO
Cuca	44.9500	24.5167	2315	Arges	RO
Akori	41.0898	44.6173	2314	Lori	AM
Vârciorog	46.9667	22.3000	2314	Bihor County	RO
Barza	46.1199	22.8570	2314	Hunedoara County	RO
Troyitske	47.6394	30.2903	2314	Odesa	UA
Nazlat ‘Īsá	32.4156	35.0589	2313	West Bank	PS
Ghukasavan	40.1239	44.4156	2312	Ararat	AM
Alistráti	41.0644	23.9575	2312	Central Macedonia	GR
Pomi	47.7000	23.3167	2312	Satu Mare County	RO
Bogojevo	45.5301	19.1302	2312	Vojvodina	RS
Şura Mică	45.8333	24.0667	2311	Sibiu County	RO
Apostolache	45.1333	26.2667	2311	Prahova	RO
Piliscsév	47.6792	18.8187	2310	Komárom-Esztergom	HU
Voineasa	44.2833	24.1333	2310	Olt	RO
Mezőszilas	46.8111	18.4779	2309	Fejér	HU
Talpa-Trivalea	44.2833	25.2833	2309	Teleorman County	RO
Markópoulo Oropoú	38.2898	23.8248	2308	Attica	GR
Hercegszántó	45.9500	18.9392	2308	Bács-Kiskun	HU
Sternatia	40.2202	18.2275	2308	Apulia	IT
Panaci	47.2667	25.3833	2308	Suceava	RO
Ádánd	46.8593	18.1644	2306	Somogy County	HU
Bucinişu	43.9500	24.2500	2306	Olt	RO
Ārmardeh	35.9324	45.7960	2305	Kurdistan Province	IR
Morciano di Leuca	39.8472	18.3109	2304	Apulia	IT
Néa Mesimvría	40.7516	22.7690	2303	Central Macedonia	GR
Seaca	44.1667	24.7500	2302	Olt	RO
Kalinovka	45.3166	35.7464	2302	Crimea	UA
Stejaru	44.7667	28.5500	2301	Tulcea County	RO
Dobârlău	45.7333	25.8833	2301	Covasna County	RO
Laçın	39.6374	46.5498	2300	Lachin Rayon	AZ
Karkijahan	39.8027	46.7364	2300	Xankǝndi	AZ
Heydarabad	39.7229	44.8485	2300	Nakhchivan	AZ
Arnaía	40.4865	23.5954	2300	Central Macedonia	GR
Mališevo	42.4822	20.7458	2300	Prizren	XK
Mirăslău	46.3667	23.7167	2298	Alba County	RO
Groșii Țibleșului	47.4898	24.0637	2298	Maramureş	RO
Malyi Mayak	44.6136	34.3647	2298	Crimea	UA
Carpignano Salentino	40.1954	18.3383	2297	Apulia	IT
Mădăraș	46.4947	25.7475	2297	Harghita County	RO
Iecea Mare	45.8507	20.8931	2297	Timiș County	RO
Breaza de Jos	45.1713	25.6757	2297	Prahova	RO
Andarāb	37.8856	47.5180	2296	East Azerbaijan	IR
Cucuieți	46.3273	26.5550	2296	Bacău County	RO
Conop	46.1019	21.8797	2296	Arad County	RO
Kültür	40.8500	30.9405	2296	Düzce	TR
Ceauru	45.0117	23.2021	2295	Gorj County	RO
Mány	47.5335	18.6563	2294	Fejér	HU
Scăeşti	44.4667	23.5833	2294	Dolj	RO
Folói	37.7898	21.7198	2293	West Greece	GR
Aíyira	38.1485	22.3543	2293	West Greece	GR
Baks	46.5430	20.1021	2292	Csongrád	HU
Идризово	41.9608	21.5756	2292	Grad Skopje	MK
‘Ez Efrayim	32.1198	35.0470	2292	West Bank	PS
Boţeşti	46.8000	27.8833	2292	Vaslui County	RO
Noramarg	40.0223	44.4251	2291	Ararat	AM
Csengőd	46.7154	19.2680	2291	Bács-Kiskun	HU
Jarkovac	45.2698	20.7608	2291	Vojvodina	RS
Besleti	43.0124	41.0478	2290	Abkhazia	GE
Sajószöged	47.9500	21.0000	2289	Borsod-Abaúj-Zemplén	HU
Forráskút	46.3653	19.9097	2287	Csongrád	HU
Zomba	46.4108	18.5658	2286	Tolna County	HU
Sălciile	44.8167	26.4833	2286	Prahova	RO
Râmnicelu	45.2833	27.5333	2286	Brăila County	RO
Ulma	47.8833	25.3000	2285	Suceava	RO
Odradokamyanka	46.7857	33.3022	2285	Kherson	UA
Drăgugești	46.3680	26.7743	2284	Bacău County	RO
Condeești	44.6276	26.6915	2284	Ialomița County	RO
Samuil	43.5167	26.7500	2283	Razgrad	BG
Enina	42.6667	25.4000	2283	Stara Zagora	BG
Demir Hisar	41.2203	21.2040	2283	Demir Hisar	MK
Dragoș Vodă	44.4333	27.1500	2283	Călărași County	RO
Suseni	46.8138	24.7319	2282	Mureș County	RO
Plopu	45.0167	26.1500	2282	Prahova	RO
Köşkerler	36.2811	30.0008	2282	Antalya	TR
Sisavan	39.9080	44.6672	2281	Ararat	AM
Kunfehértó	46.3609	19.4145	2281	Bács-Kiskun	HU
Sudiţi	44.5833	27.6000	2281	Ialomița County	RO
Icoana	44.4167	24.7167	2281	Olt	RO
Roeşti	44.9167	24.0833	2280	Vâlcea County	RO
Sakule	45.1467	20.4862	2280	Vojvodina	RS
Csány	47.6483	19.8297	2279	Heves County	HU
Aẖuzzat Baraq	32.6433	35.3383	2279	Northern District	IL
Crucea	47.3500	25.6167	2279	Suceava	RO
Simin Han	44.5277	18.7419	2278	Federation of B&H	BA
Tisztviselőtelep	47.4808	19.0966	2277	Budapest	HU
Maxut	47.4404	26.8920	2277	Iași County	RO
Novoborysivka	47.1027	29.9896	2277	Odesa	UA
Tsovak	40.1825	45.6329	2276	Gegharkunik	AM
Akraifnía	38.4566	23.2209	2276	Central Greece	GR
Sykiá	40.0387	23.9405	2276	Central Macedonia	GR
Aiudul de Sus	46.3165	23.6905	2276	Alba County	RO
Pshatavan	40.0389	44.0667	2274	Armavir	AM
Méhkerék	46.7833	21.4500	2274	Bekes County	HU
Hidas	46.2568	18.4954	2274	Baranya	HU
Moacşa	45.8667	25.9667	2274	Covasna County	RO
Vitănești	44.5273	24.6959	2273	Olt	RO
Câmpuri	46.0153	26.7880	2272	Vrancea	RO
Andrăşeşti	44.5667	27.1333	2272	Ialomița County	RO
Üsküp	41.7358	27.4053	2272	Kırklareli	TR
Muşeteşti	45.1500	23.4667	2270	Gorj County	RO
Valea Mare	44.9378	24.2388	2269	Vâlcea County	RO
Tăriceni	44.7962	25.9696	2269	Prahova	RO
Răbăgani	46.7500	22.2333	2269	Bihor County	RO
Luica	44.2333	26.5833	2269	Călărași County	RO
Hrushivka	45.0216	34.9724	2269	Crimea	UA
Minervino di Lecce	40.0902	18.4214	2268	Apulia	IT
Biliești	45.7211	27.3488	2268	Vrancea	RO
Oyalı	37.2213	41.7386	2267	Mardin	TR
Capu Câmpului	47.5082	25.9796	2266	Suceava	RO
Mocsa	47.6700	18.1851	2265	Komárom-Esztergom	HU
Fierbinții de Sus	44.6899	26.3960	2265	Ialomița County	RO
Dudeștii Noi	45.8399	21.1022	2265	Timiș County	RO
Dobreni	44.2543	26.2134	2265	Giurgiu County	RO
Koprinka	42.6333	25.3333	2264	Stara Zagora	BG
Xiniás	39.0425	22.3138	2264	Central Greece	GR
Evka-Altı	38.5033	27.0889	2263	İzmir Province	TR
Azovske	46.2644	34.8637	2263	Kherson	UA
Khachpar	40.1251	44.4057	2262	Ararat	AM
Lýmpia	34.9989	33.4618	2262	Nicosia	CY
Izvoarele Sucevei	47.7500	25.1833	2262	Suceava	RO
Bălușești	46.8159	26.9989	2262	Neamț County	RO
Ovakavağı	37.7108	32.9348	2261	Konya	TR
Ópusztaszer	46.4859	20.0872	2260	Csongrád	HU
Dumbrăvița	47.2548	26.8417	2260	Iași County	RO
Hatsik	40.1714	43.9499	2259	Armavir	AM
Ripiceni	47.9500	27.1333	2259	Botoșani County	RO
Geçitli	36.9538	35.6275	2259	Adana	TR
Binatlı	37.8471	41.2161	2259	Batman	TR
Matroska	45.3421	28.7811	2259	Odesa	UA
Arbat	40.1389	44.4029	2257	Ararat	AM
Konyár	47.3167	21.6667	2257	Hajdú-Bihar	HU
Nikita	44.5134	34.2352	2257	Crimea	UA
Bedinje	42.1417	21.6964	2256	Kumanovo	MK
Dubky	44.9358	34.0236	2256	Crimea	UA
Iclănzel	46.5333	24.2833	2255	Mureș County	RO
Heci	47.3432	26.6623	2254	Iași County	RO
Okroq’ana	41.6874	44.7736	2253	Tbilisi	GE
Urmeniş	46.7667	24.3667	2253	Bistrița-Năsăud County	RO
Novovasylivka	46.8256	35.7560	2253	Zaporizhzhia	UA
Tílisos	35.2961	25.0159	2252	Crete	GR
Valea Chioarului	47.4333	23.4833	2252	Maramureş	RO
Păcureţi	45.1500	26.1333	2252	Prahova	RO
Găgeşti	46.3333	27.9667	2252	Vaslui County	RO
Antimácheia	36.8089	27.0976	2251	South Aegean	GR
Nyírcsaholy	47.9038	22.3363	2251	Szabolcs-Szatmár-Bereg	HU
Sălătrucu	45.3333	24.5167	2251	Arges	RO
Albeștii Ungureni	45.2253	24.6725	2251	Arges	RO
Kılıçlı	37.0792	35.4532	2250	Adana	TR
Stejaru	44.1833	24.8833	2249	Teleorman County	RO
Városföld	46.8167	19.7567	2248	Bács-Kiskun	HU
Socodor	46.5167	21.4333	2248	Arad County	RO
Văculeşti	47.8833	26.4167	2247	Botoșani County	RO
Adamclisi	44.0833	27.9500	2247	Constanța County	RO
Pervomayskoye	45.1121	34.0648	2247	Crimea	UA
Atsikí	39.9461	25.2245	2246	North Aegean	GR
Ocna Dejului	47.1158	23.8593	2246	Cluj County	RO
Mirşid	47.2333	23.1333	2246	Sălaj County	RO
Boka	45.3554	20.8299	2246	Vojvodina	RS
Mantoúdi	38.7981	23.4797	2245	Central Greece	GR
Pilisszántó	47.6691	18.8876	2245	Pest County	HU
Moldovka	43.4489	39.9417	2245	Krasnodar Krai	RU
Kyrnychky	45.7054	29.0691	2245	Odesa	UA
Kántorjánosi	47.9333	22.1500	2244	Szabolcs-Szatmár-Bereg	HU
Gogoşari	43.8667	25.7000	2244	Giurgiu County	RO
Jīt	32.2143	35.1708	2243	West Bank	PS
Viişoara	43.7833	25.1667	2242	Teleorman County	RO
Șipotu	45.0408	26.0171	2241	Prahova	RO
Oarda	46.0333	23.5667	2241	Alba County	RO
Karolino-Buhaz	46.1444	30.5307	2241	Odesa	UA
Mikhaylovka	45.5284	34.6406	2241	Crimea	UA
Dávod	45.9950	18.9172	2240	Bács-Kiskun	HU
‘Aţārah	32.0006	35.2047	2240	West Bank	PS
Lipnički Šor	44.5806	19.2657	2240	Central Serbia	RS
Aşağıışıklı	39.0525	43.3468	2240	Van	TR
Naszály	47.7033	18.2575	2239	Komárom-Esztergom	HU
Seimeni	44.3833	28.0667	2239	Constanța County	RO
Adunaţi	45.1333	25.6167	2239	Prahova	RO
Seaca de Câmp	43.9333	23.2167	2238	Dolj	RO
Ţânţăreni	44.6000	23.4833	2237	Gorj County	RO
Drăgăneşti de Vede	44.1333	25.0500	2237	Teleorman County	RO
Nikísiani	40.9474	24.1431	2236	East Macedonia and Thrace	GR
As Sāwiyah	32.0854	35.2578	2236	West Bank	PS
Sevkar	41.0160	45.1418	2234	Tavush	AM
Lojane	42.2328	21.6655	2234	Lipkovo	MK
Kholmovka	44.6583	33.7546	2234	Crimea	UA
Getashen	40.0445	43.9417	2233	Armavir	AM
Borovo	43.4980	25.8082	2232	Ruse	BG
Mátraderecske	47.9500	20.0833	2232	Heves County	HU
Răscăeți	44.5922	25.2699	2232	Dâmbovița County	RO
Muşeniţa	47.9667	26.0000	2232	Suceava	RO
Alimpeşti	45.0833	23.8000	2232	Gorj County	RO
Pećinci	44.9089	19.9664	2232	Vojvodina	RS
Ravesht-e Bozorg	37.3730	46.1105	2231	East Azerbaijan	IR
Qaramanlı	40.4813	46.9934	2230	Yevlax	AZ
Pordim	43.3833	24.8500	2230	Pleven	BG
Agía Paraskeví	39.2479	26.2718	2230	North Aegean	GR
Vlădeni	44.6167	27.8833	2230	Ialomița County	RO
Cotmeana	44.9667	24.6167	2230	Arges	RO
Tsenovo	43.5359	25.6576	2229	Ruse	BG
Bokod	47.4919	18.2474	2229	Komárom-Esztergom	HU
Shādbād-e ‘Olyā	37.9824	46.4207	2229	East Azerbaijan	IR
Hayredin	43.6019	23.6613	2228	Vratsa	BG
Pefkochóri	39.9878	23.6122	2228	Central Macedonia	GR
Vlădeşti	45.8500	28.0833	2228	Galați County	RO
Gârbești	46.9833	27.3000	2228	Iași County	RO
Gradište	45.1481	18.7067	2227	Vukovar-Srijem	HR
Schitu	44.1408	25.8367	2227	Giurgiu County	RO
Boyalıca	40.4819	29.5608	2227	Bursa Province	TR
Zorak	40.0917	44.3945	2226	Ararat	AM
Yāşīd	32.2969	35.2776	2226	West Bank	PS
Tomeşti	45.7833	22.3000	2226	Timiș County	RO
Socol	44.8608	21.3703	2226	Caraș-Severin County	RO
Knićanin	45.1868	20.3190	2226	Vojvodina	RS
Gültepe	36.8174	31.3785	2226	Antalya	TR
Tsaghkahovit	40.6388	44.2225	2225	Aragatsotn	AM
Jászdózsa	47.5661	20.0153	2225	Jász-Nagykun-Szolnok	HU
Karasungur	37.6067	39.9859	2225	Diyarbakır Province	TR
Stari Troyany	45.6726	29.1787	2225	Odesa	UA
Verishen	39.5312	46.3183	2224	Syunik	AM
Pilisszentkereszt	47.6914	18.9050	2224	Pest County	HU
Boşorod	45.6833	23.0833	2224	Hunedoara County	RO
Elbeyli	36.6742	37.4667	2224	Kilis	TR
Oreavu	45.3683	27.0230	2223	Buzău County	RO
Kermen	42.5000	26.2500	2222	Sliven	BG
Lipia	44.7100	26.2645	2222	Ilfov	RO
Brăeşti	47.8667	26.4500	2222	Botoșani County	RO
Moieciu de Jos	45.5031	25.3372	2222	Brașov County	RO
Zavet-Leninskiy	45.8626	34.3916	2222	Crimea	UA
Maslovo	45.7920	34.3630	2222	Crimea	UA
Griboyedov	40.1131	44.2717	2221	Armavir	AM
Monostorpályi	47.4000	21.7833	2221	Hajdú-Bihar	HU
Jānqūr	38.1499	46.8998	2221	East Azerbaijan	IR
Valea Vinului	47.7167	23.1833	2221	Satu Mare County	RO
Muncelu de Sus	47.1238	26.7352	2221	Iași County	RO
Glavinitsa	43.9167	26.8333	2220	Silistra	BG
Grozeşti	44.6500	23.3167	2219	Mehedinți County	RO
Néa Málgara	40.6099	22.6820	2218	Central Macedonia	GR
Karaçevre	37.6759	40.0577	2218	Diyarbakır Province	TR
Trópaia	37.7323	21.9590	2217	Peloponnese	GR
Kerecsend	47.8000	20.3500	2217	Heves County	HU
Kemer	37.3522	30.0631	2217	Burdur	TR
Ruşii Munţi	46.9167	24.8500	2216	Mureș County	RO
Traian Vuia	45.8000	22.0667	2215	Timiș County	RO
Băleşti	45.4333	27.2333	2214	Vrancea	RO
Fedorivka	47.5469	36.5479	2214	Zaporizhzhia	UA
Parpi	40.3223	44.3114	2212	Aragatsotn	AM
Petkovci	44.4685	19.0747	2212	Srpska	BA
Vela	44.2833	23.4167	2211	Dolj	RO
Ostrov	44.9333	28.1500	2210	Tulcea County	RO
Chiuza	47.2333	24.2500	2210	Bistrița-Năsăud County	RO
Konia	34.7852	32.4590	2209	Pafos	CY
Dragomirești-Deal	44.4624	25.9448	2208	Ilfov	RO
Erdőskert	47.3987	19.2053	2207	Budapest	HU
Beica de Jos	46.7333	24.8000	2207	Mureș County	RO
Sălătrucel	45.2500	24.3833	2206	Vâlcea County	RO
Ribari	44.7096	19.4247	2206	Central Serbia	RS
Valea Rece	46.6208	25.9583	2205	Harghita County	RO
Horia	46.2085	21.4629	2205	Arad County	RO
Skelky	47.4400	35.1242	2205	Zaporizhzhia	UA
Ágios Týchon	34.7261	33.1387	2204	Larnaka	CY
Reci	45.8500	25.9333	2204	Covasna County	RO
Liliești	45.0346	25.8855	2204	Prahova	RO
Stăniţa	47.0167	27.1000	2203	Neamț County	RO
Scundu	44.8333	24.2000	2203	Vâlcea County	RO
Cernăteşti	44.4500	23.4333	2203	Dolj	RO
Cărpinet	46.4500	22.4833	2203	Bihor County	RO
Uspenivka	46.1850	29.8639	2203	Odesa	UA
Kopanós	40.6338	22.1289	2202	Central Macedonia	GR
Murtino	41.4154	22.7259	2202	Strumica	MK
Pucheni	45.1833	25.2833	2201	Dâmbovița County	RO
Morăreşti	45.0167	24.5667	2201	Arges	RO
Iazu	44.7176	25.8312	2201	Dâmbovița County	RO
Căscioarele	44.4991	25.6382	2201	Giurgiu County	RO
Arıqdam	40.5931	45.7990	2200	Gadabay District	AZ
Tiraspolul Nou	46.8300	29.5640	2200	Transnistria	MD
Irzniq	42.5200	20.3472	2200	Gjakova	XK
Hârşeni	45.7500	25.0167	2199	Brașov County	RO
Styla	47.6965	37.8456	2199	Donetsk	UA
Vlădila	44.0000	24.4000	2198	Olt	RO
Kalkım	39.8117	27.2150	2198	Canakkale	TR
Mátraverebély	47.9742	19.7805	2197	Nógrád	HU
Getahovit	40.8952	45.1355	2196	Tavush	AM
Néa Lámpsakos	38.4373	23.6282	2196	Central Greece	GR
Săcele	44.4833	28.6500	2196	Constanța County	RO
Halytsynove	46.8004	31.9513	2196	Mykolaiv	UA
Galatás	37.4962	23.4489	2195	Attica	GR
Palaió Tsiflíki	40.9049	24.3508	2195	East Macedonia and Thrace	GR
Movila	44.5500	27.7000	2195	Ialomița County	RO
Bademler	38.2736	26.8303	2195	İzmir Province	TR
Chernomorets	42.4441	27.6390	2194	Burgas	BG
Zámoly	47.3167	18.4081	2194	Fejér	HU
Iklad	47.6653	19.4361	2194	Pest County	HU
Dayr al Ḩaţab	32.2173	35.3213	2194	West Bank	PS
Hisar	37.6011	41.2282	2194	Batman	TR
Eloúnda	35.2650	25.7213	2193	Crete	GR
Mokošica	42.6756	18.0903	2193	Dubrovnik-Neretva	HR
Răstoliţa	46.9726	24.9929	2193	Mureș County	RO
Oveselu	44.7500	24.0167	2193	Vâlcea County	RO
Privlaka	45.1947	18.8375	2192	Vukovar-Srijem	HR
Păuca	46.0167	23.9000	2191	Sibiu County	RO
Vysunsk	47.2610	32.8232	2191	Mykolaiv	UA
Peristeróna	35.1293	33.0786	2190	Nicosia	CY
Bátya	46.4880	18.9542	2190	Bács-Kiskun	HU
Cavtat	42.5811	18.2181	2189	Dubrovnik-Neretva	HR
Tyukod	47.8538	22.5633	2188	Szabolcs-Szatmár-Bereg	HU
Lădeşti	44.8833	24.0500	2188	Vâlcea County	RO
Komysh-Zorya	47.3307	36.6957	2188	Zaporizhzhia	UA
Mislīyah	32.3861	35.2878	2187	West Bank	PS
Vadu Părului	44.9313	26.2094	2187	Prahova	RO
Cezieni	44.1833	24.2667	2187	Olt	RO
Fârliug	45.4883	21.8494	2186	Caraș-Severin County	RO
Coloneşti	44.6500	24.6667	2186	Olt	RO
Lukićevo	45.3381	20.4990	2186	Vojvodina	RS
Köseçobanlı	36.4443	33.1359	2186	Mersin	TR
Vlădaia	44.3500	23.0333	2185	Mehedinți County	RO
Vârlezi	45.9000	27.8500	2185	Galați County	RO
Letca	47.3333	23.4500	2185	Sălaj County	RO
Vozsiyatske	47.6605	32.1128	2185	Mykolaiv	UA
Băneasa	45.9333	27.9333	2184	Galați County	RO
Yaqqir	32.1497	35.1153	2183	West Bank	PS
Groșani	45.2482	25.9479	2183	Prahova	RO
Štitar	44.7942	19.5953	2183	Central Serbia	RS
Máriapócs	47.8830	22.0250	2182	Szabolcs-Szatmár-Bereg	HU
Cserkeszőlő	46.8632	20.1870	2182	Jász-Nagykun-Szolnok	HU
Boychinovtsi	43.4706	23.3350	2181	Montana	BG
Şahinbey	36.9070	37.2041	2181	Gaziantep	TR
Bezirgân	36.2750	29.4597	2180	Antalya	TR
Karaçalı	40.7745	31.3017	2179	Düzce	TR
Aldebrő	47.7892	20.2303	2178	Heves County	HU
Tătaru	44.8448	27.4338	2178	Brăila County	RO
Sascut-Sat	46.1873	27.0685	2178	Bacău County	RO
Grebănu	45.3833	26.9667	2178	Buzău County	RO
Cătina	46.8500	24.1833	2177	Cluj County	RO
Horsunlu	37.9144	28.5915	2177	Aydın	TR
Al Mughayyir	32.4223	35.3848	2175	West Bank	PS
Hăghig	45.8333	25.5833	2175	Covasna County	RO
Sály	47.9500	20.6667	2174	Borsod-Abaúj-Zemplén	HU
Shūfah	32.2755	35.0814	2174	West Bank	PS
Belevi	38.0150	27.4503	2174	İzmir Province	TR
Molochne	45.1996	33.2223	2174	Crimea	UA
Noyakert	39.8307	44.6695	2173	Ararat	AM
Rusinovo	41.6873	22.8085	2173	Berovo	MK
Trudovoye	44.9913	34.2031	2173	Crimea	UA
Svetovrachane	42.7826	23.3877	2172	Sofia-Capital	BG
Cordăreni	47.9833	26.5833	2172	Botoșani County	RO
Novyy Karachay	43.8208	41.9032	2172	Karachayevo-Cherkesiya Republic	RU
Neşetiye	37.8912	27.5446	2172	Aydın	TR
Aygeshat	40.0751	44.0611	2171	Armavir	AM
Obudovac	44.9522	18.5987	2171	Srpska	BA
Vultureni	46.3667	27.2833	2171	Bacău County	RO
Vișina Nouă	43.8743	24.4182	2171	Olt	RO
Jiblea Veche	45.2436	24.3516	2171	Vâlcea County	RO
Cuci	46.4667	24.1500	2171	Mureș County	RO
Csökmő	47.0333	21.3000	2170	Hajdú-Bihar	HU
Traian	43.7667	25.0000	2170	Teleorman County	RO
Kocaaliler	37.3169	30.7400	2170	Burdur	TR
Devetak	44.5506	18.4568	2169	Federation of B&H	BA
Zagkliveri	40.5715	23.2888	2169	Central Macedonia	GR
Albac	46.4525	22.9516	2168	Alba County	RO
Bozarmut	37.3092	28.1697	2168	Muğla	TR
Perbál	47.5896	18.7610	2167	Pest County	HU
Kompolt	47.7422	20.2419	2166	Heves County	HU
Sabasa	47.2017	25.8176	2166	Neamț County	RO
Negrilești	45.9370	26.7064	2166	Vrancea	RO
Karpuzlu	37.5586	27.8353	2166	Aydın	TR
Andaç	37.3554	43.2624	2165	Şırnak	TR
Novomykolaivka	47.1247	35.2598	2164	Zaporizhzhia	UA
Novomykolaivka	46.8900	35.2097	2164	Zaporizhzhia	UA
Ghermănești	46.8300	28.0811	2163	Vaslui County	RO
Horom	40.6597	43.8903	2162	Shirak	AM
Topile	47.2634	26.6688	2162	Iași County	RO
Coloneşti	46.5667	27.3000	2162	Bacău County	RO
Gülveren	37.4882	41.4941	2162	Mardin	TR
Suceveni	46.0122	28.0181	2160	Galați County	RO
Malaklar	36.1304	32.8461	2160	Mersin	TR
Orlovat	45.2417	20.5809	2159	Vojvodina	RS
Mali Kopani	46.4359	32.7249	2159	Kherson	UA
Szigetújfalu	47.2342	18.9275	2158	Pest County	HU
Agvali	42.5380	46.1252	2158	Dagestan	RU
Milot	41.6839	19.7156	2157	Lezhë County	AL
Methóni	36.8197	21.7049	2157	Peloponnese	GR
Maroslele	46.2667	20.3500	2157	Csongrád	HU
Dūmā	32.0563	35.3670	2157	West Bank	PS
Peșteana Jiu	44.8469	23.3040	2157	Gorj County	RO
Chorna	47.6200	29.3385	2157	Odesa	UA
Qey‘araq	38.0644	47.2294	2155	East Azerbaijan	IR
Vintileasca	45.6080	26.7060	2155	Vrancea	RO
Câmpineanca	45.7117	27.1283	2155	Vrancea	RO
Sfântu Gheorghe	44.6500	26.8333	2154	Ialomița County	RO
Günyazı	36.2331	36.1170	2154	Hatay	TR
Asarcık	41.0356	36.2356	2154	Samsun	TR
Lymany	46.7316	31.9685	2154	Mykolaiv	UA
Káto Goúves	35.3293	25.3135	2153	Crete	GR
Răzvani	44.4211	26.8809	2153	Călărași County	RO
Jiu-Paroșeni	45.3618	23.2604	2153	Hunedoara County	RO
Agía Paraskeví	40.4815	23.0486	2152	Central Macedonia	GR
Mihoveni	47.6799	26.1822	2152	Suceava	RO
Broşteni	45.7500	27.0333	2152	Vrancea	RO
Kurşunlu	37.0760	30.8096	2152	Antalya	TR
Mykhailivka	46.2811	32.6534	2152	Kherson	UA
Dunaszekcső	46.0874	18.7587	2151	Baranya	HU
Ferești	46.7818	27.7009	2151	Vaslui County	RO
Craidorolţ	47.6167	22.7000	2151	Satu Mare County	RO
Mamrux	41.5424	46.7670	2150	Zaqatala District	AZ
Kompóti	39.1026	21.0839	2150	Epirus	GR
Alap	46.7991	18.6894	2149	Fejér	HU
Lāhrūd	38.5089	47.8321	2149	Ardabil Province	IR
Tomaševac	45.2685	20.6227	2149	Vojvodina	RS
Gyönk	46.5560	18.4769	2148	Tolna County	HU
Inotești	44.9615	26.3578	2148	Prahova	RO
Mets Mantash	40.6438	44.0565	2147	Shirak	AM
Ősi	47.1472	18.1883	2146	Veszprém	HU
Bărăbanț	46.0993	23.5849	2145	Alba County	RO
Baia de Aramă	44.9993	22.8078	2145	Mehedinți County	RO
Sutjeska	45.3831	20.6962	2145	Vojvodina	RS
Ghioroiu	44.7000	23.8333	2144	Vâlcea County	RO
Hacımehmetli	36.5633	31.9677	2144	Antalya	TR
Vynohradne	45.8078	28.9947	2144	Odesa	UA
Goght	40.1347	44.7833	2143	Kotayk	AM
Sintești	44.3005	26.1213	2143	Ilfov	RO
Elvanlı	36.7040	34.3737	2143	Mersin	TR
Tandzut	40.0695	44.0779	2142	Armavir	AM
Shirakamut	40.8529	44.1637	2142	Lori	AM
Káto Soúlion	38.1680	24.0163	2142	Attica	GR
Mardā	32.1138	35.1954	2142	West Bank	PS
Buciumeni	44.5498	25.9642	2142	Ilfov	RO
Kostyantynivka	47.8306	31.1516	2142	Mykolaiv	UA
Eshera	43.0406	40.9358	2141	Abkhazia	GE
Lanjaghbyur	40.2695	45.1445	2140	Gegharkunik	AM
Tauţ	46.2833	21.9167	2139	Arad County	RO
Sărata	43.7744	24.0335	2139	Dolj	RO
Krokeés	36.8830	22.5468	2138	Peloponnese	GR
Alanyurt	40.1088	29.5187	2138	Bursa Province	TR
Dsegh	40.9617	44.6500	2137	Lori	AM
Roşiori	46.7167	27.0833	2137	Bacău County	RO
Ion Corvin	44.1167	27.8000	2137	Constanța County	RO
Pavliš	45.1057	21.2395	2137	Vojvodina	RS
Yeşiltepe	36.8442	34.8944	2137	Mersin	TR
Marmara	40.5863	27.5554	2137	Balıkesir	TR
Kutsurub	46.6528	31.6182	2136	Mykolaiv	UA
Al ‘Araqa	32.4706	35.2003	2135	West Bank	PS
Dochia	46.9073	26.5676	2135	Neamț County	RO
Cumalı	36.9121	31.0682	2135	Antalya	TR
Saelele	43.8558	24.7279	2134	Teleorman County	RO
Kardámaina	36.7831	27.1429	2132	South Aegean	GR
Káto Kleinés	40.8490	21.3973	2132	West Macedonia	GR
Anthoúsa	38.0254	23.8762	2132	Attica	GR
Căscioarele	44.1261	26.4697	2132	Călărași County	RO
Doğankavak	37.9626	41.2268	2132	Batman	TR
Gornostayevka	45.2782	36.1860	2132	Crimea	UA
Žitoše	41.4199	21.2908	2131	Dolneni	MK
Doroslovo	45.6070	19.1887	2131	Vojvodina	RS
Nyírmártonfalva	47.5833	21.9000	2130	Hajdú-Bihar	HU
Nyírgyulaj	47.8862	22.0978	2130	Szabolcs-Szatmár-Bereg	HU
Brăduleţ	45.2833	24.7667	2130	Arges	RO
Filiátes	39.6011	20.3119	2129	Epirus	GR
Rās ‘Aţīyah	32.1585	34.9909	2129	West Bank	PS
Aţ Ţaybah	32.5149	35.1857	2129	West Bank	PS
Herăști	44.2117	26.3590	2129	Giurgiu County	RO
Grădinari	45.1186	21.5989	2129	Caraș-Severin County	RO
Bălăceanca	44.3925	26.2901	2129	Ilfov	RO
Mouzáki	39.4297	21.6636	2127	Thessaly	GR
Shkilne	45.0576	33.8974	2127	Crimea	UA
Pasak-e Soflá	38.5613	44.8022	2126	West Azerbaijan	IR
Ţuţora	47.1333	27.7833	2126	Iași County	RO
Ilișești	47.6088	26.0506	2126	Suceava	RO
Stojakovo	41.1556	22.5775	2125	Bogdanci	MK
Berghin	46.0778	23.7374	2125	Alba County	RO
Čenej	45.3683	19.8042	2125	Vojvodina	RS
Kypséli	37.7602	23.4545	2124	Attica	GR
Ţaga	46.9500	24.0500	2124	Cluj County	RO
Telec	46.8798	25.8777	2123	Neamț County	RO
Lunca Bradului	46.9560	25.1114	2123	Mureș County	RO
Hanköy	36.9508	40.1985	2123	Şanlıurfa	TR
Tagarádes	40.4889	23.0223	2122	Central Macedonia	GR
Majdal Banī Fāḑil	32.0836	35.3638	2122	West Bank	PS
Magula	44.9318	26.3011	2122	Prahova	RO
Gakovo	45.9008	19.0614	2122	Vojvodina	RS
Zam	46.0000	22.4500	2121	Hunedoara County	RO
Izvoare	44.1477	23.2958	2121	Dolj	RO
Dobroteasa	44.7833	24.3833	2121	Olt	RO
Hnaberd	40.6372	44.1406	2120	Aragatsotn	AM
Szihalom	47.7667	20.4833	2120	Heves County	HU
Döbrököz	46.4218	18.2395	2120	Tolna County	HU
Vad	47.2000	23.7500	2118	Cluj County	RO
Sürekli	37.1963	40.3985	2118	Mardin	TR
Elikesik	36.5947	31.9304	2118	Antalya	TR
Zartonk	40.1083	44.1639	2117	Armavir	AM
Glodenii Gândului	46.9516	27.2994	2117	Iași County	RO
Yenicekent	38.0444	28.9372	2116	Denizli	TR
Araks	40.0555	44.3029	2115	Armavir	AM
Vârfu Câmpului	47.8457	26.3306	2115	Botoșani County	RO
Găgeni	45.0216	25.9459	2114	Prahova	RO
Kemaliye	39.2629	38.4967	2113	Erzincan	TR
Aheloy	42.6499	27.6484	2112	Burgas	BG
Bogács	47.9000	20.5333	2112	Borsod-Abaúj-Zemplén	HU
Dióni	38.0233	23.9329	2111	Attica	GR
Parád	47.9232	20.0297	2111	Heves County	HU
Gónnoi	39.8615	22.4765	2110	Thessaly	GR
Rodópoli	38.1167	23.8757	2110	Attica	GR
Sopotnica	41.2959	21.1536	2110	Demir Hisar	MK
Mislea	45.0967	25.8244	2110	Prahova	RO
Hoghilag	46.2333	24.6167	2110	Sibiu County	RO
Viforâta	44.9601	25.4580	2109	Dâmbovița County	RO
Amărăşti	44.7667	24.1500	2109	Vâlcea County	RO
Meşrutiyet	41.1588	29.5621	2109	Istanbul	TR
Dashtavan	40.1001	44.3917	2108	Ararat	AM
Valea Cireșului	44.1670	25.5644	2108	Teleorman County	RO
Lespezi	46.6649	26.7688	2108	Bacău County	RO
Zemen	42.4789	22.7492	2107	Pernik	BG
Roșiori	44.6127	26.5350	2107	Ialomița County	RO
Korsuntsi	46.5908	30.7649	2107	Odesa	UA
Ağaköy	40.2686	27.1503	2106	Canakkale	TR
Orlyne	44.4468	33.7759	2106	Sevastopol City	UA
Apaga	40.0973	44.2529	2105	Armavir	AM
Dodeni	46.9259	26.0928	2105	Neamț County	RO
Akçaova	37.5028	28.0267	2105	Aydın	TR
Dayr as Sūdān	32.0321	35.1484	2104	West Bank	PS
Tărcaia	46.6333	22.3667	2104	Bihor County	RO
Nenciulești	44.0349	25.2006	2104	Teleorman County	RO
Getazat	40.0384	44.5637	2103	Ararat	AM
Dobruševo	41.1686	21.4825	2103	Mogila	MK
Doğanlı	40.8009	31.2366	2102	Düzce	TR
Dudchany	47.1856	33.7639	2102	Kherson	UA
Răcăşdia	44.9931	21.6181	2101	Caraș-Severin County	RO
Adânca	44.9225	25.6101	2101	Dâmbovița County	RO
Halkapınar	37.4339	34.1874	2101	Konya	TR
Khankendi	39.8177	46.7528	2100	Xankǝndi	AZ
Ghindești	47.8548	28.3768	2100	Floreşti	MD
Zeda Sakara	42.1439	43.0656	2099	Imereti	GE
Apostag	46.8821	18.9621	2099	Bács-Kiskun	HU
Vătava	46.9667	24.7667	2099	Mureș County	RO
Artimet	40.1501	44.2667	2098	Armavir	AM
‘Ein Qunīya	33.2378	35.7311	2098	Northern District	IL
Hărău	45.9000	22.9500	2098	Hunedoara County	RO
Cornea	45.0333	22.3167	2098	Caraș-Severin County	RO
Donji Andrijevci	45.1883	18.2997	2097	Brod-Posavina	HR
Piatra	44.3605	24.2956	2097	Olt	RO
Nisiporești	47.0772	26.7379	2097	Neamț County	RO
Kipséli	38.0029	23.7375	2096	Attica	GR
Tiszapüspöki	47.2167	20.3167	2096	Jász-Nagykun-Szolnok	HU
Kocsér	47.0016	19.9207	2096	Pest County	HU
Tarkhankut	45.5450	33.0777	2096	Crimea	UA
Vaksince	42.2061	21.6631	2095	Lipkovo	MK
Ipatele	46.9167	27.4167	2095	Iași County	RO
Bătrâni	45.3143	26.1509	2095	Prahova	RO
Bočar	45.7699	20.2839	2095	Vojvodina	RS
Khalkoútsion	38.3326	23.7319	2094	Attica	GR
Izbište	45.0225	21.1839	2094	Vojvodina	RS
Okhrimivka	46.5072	35.2878	2094	Zaporizhzhia	UA
Lakkí	37.1334	26.8524	2093	South Aegean	GR
Ştefan cel Mare	43.8112	24.2204	2093	Olt	RO
Mătăcina	45.8833	26.8000	2093	Vrancea	RO
Shīrvāneh	34.7953	46.9639	2092	Kurdistan Province	IR
Zaytā Jammā‘īn	32.1370	35.1859	2092	West Bank	PS
Crăcăoani	47.0984	26.3111	2092	Neamț County	RO
Brătila	46.3235	26.7744	2092	Bacău County	RO
Jarak	44.9184	19.7548	2092	Vojvodina	RS
Bazzāryah	32.3080	35.1659	2091	West Bank	PS
Corbiţa	46.1500	27.3000	2091	Vrancea	RO
Novopetrivka	47.0350	29.8867	2091	Odesa	UA
Lepenoú	38.7084	21.2897	2090	West Greece	GR
Jinşāfūţ	32.1792	35.1304	2089	West Bank	PS
Rona de Jos	47.9167	24.0167	2089	Maramureş	RO
Tavriiske	46.3732	32.5624	2089	Kherson	UA
Encsencs	47.7333	22.1167	2087	Szabolcs-Szatmár-Bereg	HU
Meydān Jīq	37.1501	46.1250	2087	East Azerbaijan	IR
Karıncalı	39.9712	28.8589	2087	Bursa Province	TR
Mezhvodnoye	45.5875	32.8450	2087	Crimea	UA
Kálmánháza	47.8833	21.5833	2086	Szabolcs-Szatmár-Bereg	HU
Vârfuri	45.1000	25.5167	2086	Dâmbovița County	RO
Sântimbru	46.2813	25.8544	2086	Harghita County	RO
Galatiní	40.3197	21.5515	2085	West Macedonia	GR
Vácszentlászló	47.5740	19.5377	2085	Pest County	HU
Mityayevo	45.2342	33.7015	2085	Crimea	UA
Tuşnad	46.2000	25.9000	2084	Harghita County	RO
Alacskai úti lakótelep	47.4139	19.2044	2083	Budapest	HU
Risan	42.5150	18.6956	2083	Kotor	ME
Şăulia	46.6333	24.2167	2083	Mureș County	RO
Gözler	38.1068	29.1537	2083	Denizli	TR
Doroshivka	47.4776	31.4632	2083	Mykolaiv	UA
Ambelókipoi	37.7581	20.8725	2082	Ionian Islands	GR
Bareqet	32.0184	34.9442	2082	Central District	IL
Vărădia de Mureş	46.0167	22.1500	2082	Arad County	RO
Basri	39.6024	32.1059	2082	Ankara	TR
Gündoğdu	36.9276	30.7107	2082	Antalya	TR
Karchaghbyur	40.1705	45.5778	2081	Gegharkunik	AM
Chūrs	38.8300	45.0346	2081	West Azerbaijan	IR
Aria	37.5737	22.8354	2080	Peloponnese	GR
Csávoly	46.1892	19.1467	2080	Bács-Kiskun	HU
Bet Yitsẖaq Sha’ar H̱efer	32.3344	34.8901	2079	Central District	IL
Partizanskoye	44.8338	34.0847	2079	Crimea	UA
Kostakioí	39.1367	20.9576	2078	Epirus	GR
Evxinoúpolis	39.1841	22.7383	2078	Thessaly	GR
Chérso	41.0892	22.7807	2078	Central Macedonia	GR
Valea Lupului	47.1792	27.4996	2078	Iași County	RO
Izvoarele	46.1701	23.9038	2078	Alba County	RO
Dyviziya	45.9438	29.9652	2078	Odesa	UA
Slobozia-Ciorăşti	45.6167	27.2000	2077	Vrancea	RO
Despotovo	45.4598	19.5265	2077	Vojvodina	RS
Cuzdrioara	47.1667	23.9167	2076	Cluj County	RO
Popova Balka	47.8090	38.2911	2076	Donetsk	UA
Subcetate	46.8500	25.4500	2075	Harghita County	RO
Bilyne	47.8748	29.6254	2074	Odesa	UA
T’abakhmela	41.6516	44.7570	2073	Tbilisi	GE
Borgagne	40.2411	18.3766	2073	Apulia	IT
Buchin	45.3667	22.2500	2073	Caraș-Severin County	RO
Tavşanlı	40.8188	29.5114	2073	Kocaeli	TR
Güneri	37.4493	35.7713	2073	Adana	TR
Límni	38.7667	23.3167	2072	Central Greece	GR
Rodolívos	40.9205	23.9749	2072	Central Macedonia	GR
Telki	47.5479	18.8282	2071	Pest County	HU
Çakırlı	40.5181	29.4522	2071	Bursa Province	TR
Mantamádos	39.3100	26.3363	2070	North Aegean	GR
Pustiana	46.5899	26.6308	2070	Bacău County	RO
Kurucaşile	41.8378	32.7162	2070	Bartın	TR
Novodanylivka	46.6457	35.0249	2070	Zaporizhzhia	UA
Pánormos	36.9716	26.9373	2069	South Aegean	GR
Ucea de Sus	45.7519	24.6808	2069	Brașov County	RO
Tepebağ	37.3388	40.2702	2069	Mardin	TR
Kumbağ	40.8824	27.4592	2069	Tekirdağ	TR
Pokr Mantash	40.6403	44.0467	2068	Shirak	AM
Sirok	47.9333	20.2000	2068	Heves County	HU
Dneprovka	45.7137	34.3626	2068	Crimea	UA
Vasylivka	46.6084	30.3058	2068	Odesa	UA
Zagyvaszántó	47.7770	19.6709	2067	Heves County	HU
Lăzărești	45.1566	24.9954	2067	Arges	RO
Svorónos	40.2681	22.4637	2066	Central Macedonia	GR
Gorno Orizari	41.0519	21.3455	2066	Bitola	MK
Scurtu Mare	44.3500	25.2667	2066	Teleorman County	RO
Striukove	47.3739	30.5764	2066	Odesa	UA
Turgut	37.3750	28.0311	2065	Muğla	TR
Bylym	43.4629	43.0434	2064	Kabardino-Balkariya Republic	RU
Muratlı	36.9617	40.1006	2064	Şanlıurfa	TR
Kaszaper	46.4667	20.8333	2063	Bekes County	HU
Zubūbah	32.5435	35.2227	2063	West Bank	PS
Galgamácsa	47.6956	19.3872	2061	Pest County	HU
Јурумлери	41.9672	21.5569	2061	Grad Skopje	MK
Iugani	47.0443	26.8289	2061	Iași County	RO
Ahmetli	37.7522	40.9476	2061	Diyarbakır Province	TR
Rotunda	47.4875	26.5247	2060	Suceava	RO
Buda	46.6711	26.7195	2060	Bacău County	RO
Sélero	41.1338	24.9941	2059	East Macedonia and Thrace	GR
Harsány	47.9667	20.7500	2059	Borsod-Abaúj-Zemplén	HU
Moldova Suliţa	47.6833	25.2500	2059	Suceava	RO
Kuchak	40.5192	44.3912	2058	Aragatsotn	AM
Schitu Frumoasa	46.6354	26.4876	2057	Bacău County	RO
‘Ābūd	32.0164	35.0683	2056	West Bank	PS
Stamate	47.6060	26.5170	2056	Suceava	RO
Delen	45.9153	29.1966	2056	Odesa	UA
H̱ispin	32.8452	35.7926	2055	Northern District	IL
Ivanovka	45.0720	33.6613	2055	Crimea	UA
Kamyanske	47.5392	35.3737	2054	Zaporizhzhia	UA
San Cassiano	40.0563	18.3339	2053	Apulia	IT
Pálmonostora	46.6242	19.9516	2052	Bács-Kiskun	HU
Cricău	46.1833	23.5667	2052	Alba County	RO
Berchișești	47.5231	26.0321	2052	Suceava	RO
Néo Soúli	41.0940	23.6438	2051	Central Macedonia	GR
Hosha‘ya	32.7587	35.2943	2051	Northern District	IL
Īrānābād	39.5840	47.9588	2051	Ardabil Province	IR
Căldărăști	44.8937	27.0340	2051	Buzău County	RO
Nova Nekrasivka	45.3553	28.6972	2051	Odesa	UA
Budeşti	46.8833	24.2500	2050	Bistrița-Năsăud County	RO
Giv‘at Avni	32.7752	35.4383	2049	Northern District	IL
Osebiți	46.5384	26.8395	2048	Bacău County	RO
Rumat al-Hayb	32.7775	35.3046	2047	Northern District	IL
Vyshneve	45.4816	29.0463	2046	Odesa	UA
Moloha	46.2165	30.2308	2046	Odesa	UA
Ágios Geórgios	38.3934	22.9319	2045	Central Greece	GR
Sīah Bāz	38.7768	45.1424	2045	West Azerbaijan	IR
Hârtop	47.4900	26.3723	2044	Suceava	RO
Áchna	35.0551	33.7839	2043	Ammochostos	CY
Vlad Țepeș	44.1328	26.1335	2043	Giurgiu County	RO
Căbeşti	46.7667	22.3667	2043	Bihor County	RO
Myrnopillia	46.0584	29.3928	2043	Odesa	UA
Bouzke	47.6031	31.2077	2043	Mykolaiv	UA
Ilovica	41.4722	22.8048	2042	Bosilovo	MK
Peceneaga	45.0167	28.1333	2042	Tulcea County	RO
Maxenu	45.0516	26.8550	2042	Buzău County	RO
Argavand	40.1529	44.4389	2041	Ararat	AM
Pánd	47.3533	19.6357	2041	Pest County	HU
Nemesnádudvar	46.3405	19.0511	2041	Bács-Kiskun	HU
Rāmīn	32.2852	35.1495	2040	West Bank	PS
Rapoltu Mare	45.8667	23.0667	2040	Hunedoara County	RO
Ciugheș	46.5222	26.1197	2040	Bacău County	RO
Kalesija	44.4376	18.9071	2039	Federation of B&H	BA
Čibača	42.6289	18.1711	2039	Dubrovnik-Neretva	HR
Heréd	47.7064	19.6331	2039	Heves County	HU
Ma‘agan Mikha’el	32.5555	34.9164	2039	Haifa	IL
Mihai Vodă	44.4392	25.8196	2039	Giurgiu County	RO
Buruk	37.0404	35.4550	2039	Adana	TR
Kleitoría	37.8970	22.1221	2038	West Greece	GR
Sohodol	46.3558	23.0292	2038	Alba County	RO
Antunovac	45.4908	18.6750	2036	County of Osijek-Baranja	HR
Gbelce	47.8518	18.5128	2036	Nitra Region	SK
Başaklı	37.8257	40.4579	2036	Diyarbakır Province	TR
Al Jalamah	32.5082	35.3132	2035	West Bank	PS
İlyaslı	38.6039	29.2006	2035	Uşak	TR
Akçaköy	37.9643	28.0218	2035	Aydın	TR
Alashkert	40.1071	44.0511	2034	Armavir	AM
Vergína	40.4865	22.3174	2034	Central Macedonia	GR
Ököritófülpös	47.9186	22.5081	2034	Szabolcs-Szatmár-Bereg	HU
Tătărăștii de Jos	44.3750	25.1772	2034	Teleorman County	RO
Vale	46.9491	25.3787	2033	Harghita County	RO
Măldăreşti	45.1167	24.0000	2033	Vâlcea County	RO
Narlıca	40.3858	29.4811	2033	Bursa Province	TR
Tsovazard	40.4751	45.0501	2032	Gegharkunik	AM
Zădăreni	46.1327	21.2182	2032	Arad County	RO
Vojvoda Stepa	45.6854	20.6554	2032	Vojvodina	RS
Başkavak	37.5641	40.8876	2032	Mardin	TR
Domony	47.6555	19.4323	2031	Pest County	HU
Homorâciu	45.2694	26.0163	2031	Prahova	RO
Cetatea de Baltă	46.2479	24.1724	2031	Alba County	RO
Karacalar	36.7466	31.5521	2031	Antalya	TR
Kovalivka	47.2676	31.7356	2031	Mykolaiv	UA
Višnjićevo	44.9673	19.2899	2030	Vojvodina	RS
Tycheró	41.0288	26.2946	2029	East Macedonia and Thrace	GR
Hajdúbagos	47.3929	21.6655	2029	Hajdú-Bihar	HU
Nazna	46.5355	24.5021	2029	Mureș County	RO
Ahmet Efendi	38.5210	27.0390	2029	İzmir Province	TR
Tokarivka	47.3059	31.0152	2029	Mykolaiv	UA
Rózsaszentmárton	47.7820	19.7421	2028	Heves County	HU
Strizivojna	45.2261	18.4239	2027	County of Osijek-Baranja	HR
Gostinari	44.1862	26.2281	2026	Giurgiu County	RO
Kınalı	40.9071	29.0550	2025	Istanbul	TR
Inhulka	47.1968	32.2275	2025	Mykolaiv	UA
Íos	36.7229	25.2817	2024	South Aegean	GR
Bajna	47.6540	18.5972	2024	Komárom-Esztergom	HU
Blatec	41.8367	22.5791	2024	Vinica	MK
Dolheștii-Mari	47.4502	26.5133	2024	Suceava	RO
Kızılcasöğüt	38.6511	29.6661	2024	Uşak	TR
Bulgurca	38.2161	27.2265	2024	İzmir Province	TR
Anushavan	40.6501	43.9805	2023	Shirak	AM
Frăsinet	44.3167	26.8000	2023	Călărași County	RO
Gârbova	45.8667	23.7333	2022	Alba County	RO
Yaylacık	40.1733	28.9018	2022	Bursa Province	TR
Zarechnoye	44.8505	34.2643	2022	Crimea	UA
Alapars	40.4223	44.6335	2021	Kotayk	AM
Senemoğlu	40.7805	42.6635	2021	Ardahan	TR
Vámosgyörk	47.6843	19.9292	2020	Heves County	HU
Szomód	47.6849	18.3406	2020	Komárom-Esztergom	HU
Palanca	46.4086	30.0961	2020	Stefan-Voda	MD
Rajince	42.3787	21.6959	2020	Central Serbia	RS
Târnava	44.1444	25.5635	2019	Teleorman County	RO
Homorodu de Jos	47.6663	23.0832	2019	Satu Mare County	RO
Poieni-Solca	47.6863	25.8937	2018	Suceava	RO
Bujoru	43.7167	25.5667	2018	Teleorman County	RO
Nova Ivanivka	45.9155	29.0810	2018	Odesa	UA
Lőkösháza	46.4333	21.2333	2017	Bekes County	HU
Meisir	32.4449	35.0416	2017	Haifa	IL
Satu Mare	46.3408	25.3838	2017	Harghita County	RO
Pesceana	44.8733	24.1340	2017	Vâlcea County	RO
Arevashat	40.1398	44.3744	2016	Armavir	AM
Jarmina	45.3181	18.7292	2016	Vukovar-Srijem	HR
Verendin	45.0776	22.2392	2016	Caraș-Severin County	RO
Mayskoye	45.5956	34.5521	2016	Crimea	UA
Mets Parni	40.8347	44.1111	2015	Lori	AM
Luna de Sus	46.7431	23.4354	2015	Cluj County	RO
Yalakdere	40.6064	29.5622	2015	Kocaeli	TR
Nor Armavir	40.0861	43.9945	2014	Armavir	AM
Greceşti	44.4500	23.2833	2014	Dolj	RO
Braniștea	43.9631	26.0381	2014	Giurgiu County	RO
Tur	47.8823	23.3905	2013	Satu Mare County	RO
Koçören	36.1798	36.0958	2013	Hatay	TR
Prybuzhany	47.5303	31.3252	2013	Mykolaiv	UA
Rákócziújfalu	47.0667	20.2667	2012	Jász-Nagykun-Szolnok	HU
Melpignano	40.1562	18.2919	2012	Apulia	IT
Colonia Bod	45.7559	25.5996	2012	Brașov County	RO
Crasna Vișeului	47.8287	24.2300	2011	Maramureş	RO
Băbeni	47.3000	23.4000	2011	Sălaj County	RO
Yemişli	37.3686	43.0777	2011	Şırnak	TR
Litér	47.1010	18.0045	2010	Veszprém	HU
Borănești	44.6607	26.6050	2010	Ialomița County	RO
Saschiz	46.1833	24.9667	2009	Mureș County	RO
Birchiş	45.9667	22.1667	2009	Arad County	RO
Trykraty	47.7168	31.4064	2009	Mykolaiv	UA
Yimnón	38.4405	23.8840	2008	Central Greece	GR
Năeni	45.1000	26.4833	2008	Buzău County	RO
Aşağıokçular	36.1780	36.1403	2008	Hatay	TR
Mostove	47.4179	30.9923	2008	Mykolaiv	UA
Bozalan	37.3281	42.2638	2007	Şırnak	TR
Chervonoye	45.1229	33.6866	2007	Crimea	UA
Ptghunk	40.1639	44.3639	2006	Armavir	AM
Dobrica	45.2134	20.8499	2006	Vojvodina	RS
Yeniköy	37.7032	27.5248	2006	Aydın	TR
Szentlőrinckáta	47.5195	19.7529	2005	Pest County	HU
Miroslăvești	44.8038	26.0869	2005	Prahova	RO
Kissonerga	34.8228	32.4013	2004	Pafos	CY
Alattyán	47.4271	20.0422	2004	Jász-Nagykun-Szolnok	HU
Csengele	46.5423	19.8636	2004	Csongrád	HU
Néa Karváli	40.9615	24.5113	2003	East Macedonia and Thrace	GR
Horodnic de Jos	47.8652	25.8186	2003	Suceava	RO
Solak	40.4625	44.7071	2002	Kotayk	AM
Obzor	42.8200	27.8801	2002	Burgas	BG
Vathýlakkos	40.7694	22.7088	2002	Central Macedonia	GR
Kupinovo	44.7071	20.0496	2002	Vojvodina	RS
Selçikler	38.4984	29.6548	2002	Uşak	TR
Agiásos	39.0829	26.3722	2001	North Aegean	GR
Zuce	44.6981	20.5552	2001	Central Serbia	RS
Gjadër, Dajc	41.8800	19.5914	2000	Lezhë County	AL
Institut	40.7191	46.4121	2000	Samux	AZ
K’atskhi	42.2839	43.2087	2000	Imereti	GE
Tiszabő	47.3000	20.4833	2000	Jász-Nagykun-Szolnok	HU
Ain Ebel	33.1102	35.4025	2000	Nabatieh	LB
Găinești	47.4197	25.9181	2000	Suceava	RO
Andreiaşu de Jos	45.7500	26.8333	2000	Vrancea	RO
Yeyskoye Ukrepleniye	46.7067	38.6135	2000	Krasnodar Krai	RU
Port-Katon	46.8787	38.7565	2000	Rostov	RU
Nizhniy Arkhyz	43.6782	41.4598	2000	Karachayevo-Cherkesiya Republic	RU
Il’ich	45.4249	36.7740	2000	Krasnodar Krai	RU
Kontenko	45.3581	36.8322	2000	Krasnodar Krai	RU
Kuyulusebil	38.6539	32.5297	2000	Konya	TR
Güllü	38.2711	29.1045	2000	Uşak	TR
Altınkum	38.2637	41.0625	2000	Diyarbakır Province	TR
Arıköy	41.2304	29.0042	2000	Istanbul	TR
Gllogjan	42.5072	20.3628	2000	Gjakova	XK
Dranoc	42.5156	20.2922	2000	Gjakova	XK
Pršovce	42.0834	21.0599	1999	Tearce	MK
Gorno Orizari	41.6858	21.7347	1999	Veles	MK
Cuzăplac	46.9667	23.2000	1999	Sălaj County	RO
Stepanovićevo	45.4137	19.7000	1999	Vojvodina	RS
Buđanovci	44.8939	19.8634	1999	Vojvodina	RS
Agarak	40.3019	44.2792	1998	Aragatsotn	AM
Süttő	47.7589	18.4487	1998	Komárom-Esztergom	HU
Felsőszentiván	46.1971	19.1869	1998	Bács-Kiskun	HU
Areni	39.7221	45.1839	1997	Vayots Dzor	AM
Nyírmihálydi	47.7398	21.9644	1997	Szabolcs-Szatmár-Bereg	HU
Luncoiu de Jos	46.0780	22.7877	1997	Hunedoara County	RO
Donske	45.0451	34.2141	1997	Crimea	UA
Burastan	39.9891	44.4978	1996	Ararat	AM
Soponya	47.0149	18.4534	1996	Fejér	HU
Vlașca	44.3966	27.8486	1996	Ialomița County	RO
Valea Ciorii	44.7167	27.5667	1996	Ialomița County	RO
Remuș	43.9430	25.9804	1996	Giurgiu County	RO
Bordeasca Veche	45.5445	27.3173	1996	Vrancea	RO
Ortabağ	37.3967	42.9101	1996	Şırnak	TR
Parutyne	46.7054	31.8971	1996	Mykolaiv	UA
Shīrāz	37.4344	45.9095	1995	East Azerbaijan	IR
Lernapat	40.8154	44.3934	1994	Lori	AM
Ungureni	44.5780	25.5001	1994	Dâmbovița County	RO
Galșa	46.2881	21.6514	1993	Arad County	RO
Stajićevo	45.2949	20.4584	1993	Vojvodina	RS
Banatski Despotovac	45.3661	20.6641	1993	Vojvodina	RS
Nerushay	45.6644	29.5150	1993	Odesa	UA
Terpsithéa	39.6190	22.3509	1992	Thessaly	GR
Noşlac	46.4000	23.9333	1992	Alba County	RO
Ogurlu	41.1039	35.1747	1992	Samsun	TR
Darpas	40.8367	44.4249	1991	Lori	AM
Kallifóni	39.2771	21.9613	1991	Thessaly	GR
Bercel	47.8706	19.4072	1991	Nógrád	HU
Selce	42.0348	20.9403	1991	Tetovo	MK
Voivozi	47.2156	22.3902	1991	Bihor County	RO
Valea Viilor	46.0833	24.2833	1991	Sibiu County	RO
Maia	44.7362	26.4015	1991	Ialomița County	RO
Dragomir	46.4137	26.6316	1991	Bacău County	RO
Pteleós	39.0526	22.9527	1990	Thessaly	GR
Episkopí	40.6875	22.1364	1990	Central Macedonia	GR
Agía Triáda	40.5000	22.8735	1990	Central Macedonia	GR
Toteşti	45.5667	22.8833	1990	Hunedoara County	RO
Rozumivka	47.7539	35.1394	1989	Zaporizhzhia	UA
Prybuzhzhya	47.6729	31.2344	1989	Mykolaiv	UA
Beloglinka	44.9949	34.0417	1989	Crimea	UA
Mislesevo	41.1850	20.7086	1988	Struga	MK
Iscroni	45.3779	23.3420	1987	Hunedoara County	RO
Aghavnadzor	39.7820	45.2271	1986	Vayots Dzor	AM
Petroússa	41.1947	24.0173	1985	East Macedonia and Thrace	GR
Pázmánd	47.2876	18.6536	1985	Fejér	HU
Panticeu	47.0333	23.5667	1985	Cluj County	RO
Livezile	44.5122	22.8633	1985	Mehedinți County	RO
Bölükyayla	37.8795	38.4784	1985	Adıyaman Province	TR
Luh	47.9593	24.0562	1985	Zakarpattia	UA
Tázlár	46.5482	19.5144	1984	Bács-Kiskun	HU
Vulturești	45.0662	25.0835	1984	Arges	RO
Valea Râmnicului	45.3640	27.0420	1984	Buzău County	RO
Bâldana	44.6030	25.7784	1984	Dâmbovița County	RO
Arsura	46.8133	28.0222	1984	Vaslui County	RO
Páno Defterá	35.0778	33.2658	1983	Nicosia	CY
Ungra	45.9833	25.2667	1983	Brașov County	RO
Șerbăuți	47.8268	26.1401	1983	Suceava	RO
Pesac	45.9959	20.8352	1983	Timiș County	RO
Šašinci	44.9651	19.7415	1983	Vojvodina	RS
Üçtepe	37.8257	40.5440	1983	Diyarbakır Province	TR
Mytilinioí	37.7272	26.9075	1982	North Aegean	GR
Masḩah	32.1083	35.0510	1982	West Bank	PS
Speriețeni	44.7661	25.4522	1982	Dâmbovița County	RO
Dognecea	45.2742	21.7569	1982	Caraș-Severin County	RO
Chiriacu	44.0504	25.7773	1982	Giurgiu County	RO
Gökçeali	41.2013	28.4448	1982	Istanbul	TR
Vol’noye	45.5657	34.3036	1982	Crimea	UA
Birinci Aşıqlı	39.8192	47.6794	1981	Beyləqan	AZ
Egerszalók	47.8667	20.3333	1981	Heves County	HU
Glogova	44.9281	22.9067	1980	Gorj County	RO
Ayyūbīyah	35.0329	36.7358	1980	Hama	SY
Gerenkova	37.8528	27.7424	1980	Aydın	TR
Antonivka	46.1428	32.9516	1980	Kherson	UA
Hromivka	46.3117	34.0962	1980	Kherson	UA
Doclin	45.2969	21.6539	1979	Caraș-Severin County	RO
Afiny	47.2964	37.6108	1979	Donetsk	UA
Satu Nou	46.6961	27.7488	1978	Vaslui County	RO
Ionești	44.6937	25.2778	1978	Dâmbovița County	RO
Radisnyy Sad	46.9009	31.9884	1978	Mykolaiv	UA
Românești	44.8667	26.0667	1977	Prahova	RO
Gölormanı	40.7613	31.0840	1977	Düzce	TR
Dílesi	38.3376	23.6708	1976	Central Greece	GR
Vărgata	46.5667	24.8000	1976	Mureș County	RO
Cehal	47.3833	22.6000	1976	Satu Mare County	RO
Pólis	35.0340	32.4255	1975	Pafos	CY
Micfalău	46.0534	25.8374	1975	Covasna County	RO
Căpâlna	46.7333	22.1000	1975	Bihor County	RO
Otluoğlu	40.8204	31.1285	1975	Düzce	TR
Mólos	38.8100	22.6454	1974	Central Greece	GR
Beleţi	44.9000	25.0833	1974	Arges	RO
Kefar Vitqin	32.3804	34.8754	1973	Central District	IL
Marmárion	38.0484	24.3204	1972	Central Greece	GR
Tar	47.9537	19.7461	1972	Nógrád	HU
‘Arrānah	32.4972	35.3227	1972	West Bank	PS
Imeľ	47.9040	18.1417	1972	Nitra Region	SK
Shorapani	42.0960	43.0825	1971	Imereti	GE
Nyírvasvári	47.8167	22.1868	1971	Szabolcs-Szatmár-Bereg	HU
Chochkan	41.1812	44.8322	1970	Lori	AM
Stefanovíkeio	39.4635	22.7420	1970	Thessaly	GR
Fábiánsebestyén	46.6833	20.4667	1970	Csongrád	HU
Péteri	47.3910	19.4098	1970	Pest County	HU
Vermești	46.4217	26.4766	1970	Bacău County	RO
Doğanköy	37.7625	42.7902	1969	Siirt	TR
Doğanca	37.7996	42.3310	1969	Siirt	TR
Jalqamūs	32.4246	35.3642	1968	West Bank	PS
Teasc	44.1645	23.8646	1968	Dolj	RO
Mărcești	44.8054	25.7095	1968	Dâmbovița County	RO
Maloianysol	47.3823	37.3282	1968	Donetsk	UA
Zherebkove	47.8402	29.8747	1967	Odesa	UA
Dobrnja	44.5799	18.5791	1966	Federation of B&H	BA
Paralía Vérgas	37.0071	22.1568	1966	Peloponnese	GR
Usukhchay	41.4224	47.9132	1966	Dagestan	RU
Klepinino	45.5280	34.1831	1966	Crimea	UA
Karyótissa	40.7692	22.3133	1965	Central Macedonia	GR
Ágios Nikólaos	40.2493	23.6962	1965	Central Macedonia	GR
Szentkirály	46.9189	19.9185	1965	Bács-Kiskun	HU
Cârlibaba	47.5833	25.1333	1965	Suceava	RO
Çığır	37.1587	41.7411	1965	Şırnak	TR
Giv‘at Ela	32.7232	35.2449	1964	Northern District	IL
Káto Scholári	40.4291	23.0298	1963	Central Macedonia	GR
Drăganu-Olteni	44.9333	24.7167	1962	Arges	RO
Csór	47.2057	18.2567	1959	Fejér	HU
Kapısuyu	36.1289	35.9401	1959	Hatay	TR
Zatoka	46.0702	30.4627	1959	Odesa	UA
Ofrínion	40.7966	23.9109	1958	East Macedonia and Thrace	GR
Scurta	46.2613	27.0155	1958	Bacău County	RO
Thérmo	38.5736	21.6663	1957	West Greece	GR
Mihăeşti	44.1333	24.7833	1957	Olt	RO
Domoszló	47.8333	20.1167	1955	Heves County	HU
Ideciu de Jos	46.8000	24.7500	1955	Mureș County	RO
Beiu	43.8735	25.4555	1955	Teleorman County	RO
Lažani	41.4422	21.3158	1954	Dolneni	MK
Căpâlniţa	46.3667	25.5167	1954	Harghita County	RO
Kılıçkaya	37.7960	40.0145	1954	Diyarbakır Province	TR
Ambrolauri	42.5232	43.1498	1952	Racha-Lechkhumi and Kvemo Svaneti	GE
Péta	39.1667	21.0347	1952	Epirus	GR
Pilismarót	47.7846	18.8754	1952	Komárom-Esztergom	HU
Migdal	32.8393	35.5021	1952	Northern District	IL
Rāfāt	32.0781	35.0442	1952	West Bank	PS
Terpeziţa	44.2919	23.5056	1952	Dolj	RO
Sânpetru German	46.1133	21.0493	1952	Arad County	RO
Pogăceaua	46.6833	24.3000	1952	Mureș County	RO
Boldeşti	44.8660	26.5491	1952	Prahova	RO
Bijghir	46.6018	27.0186	1952	Bacău County	RO
Leleşti	45.1000	23.2000	1951	Gorj County	RO
Polyushko	44.7422	33.5891	1951	Sevastopol City	UA
Karditsomagoúla	39.3906	21.9233	1950	Thessaly	GR
Varybóbi	38.1272	23.7873	1950	Attica	GR
Nordiya	32.3143	34.8957	1950	Central District	IL
Zizin	45.6370	25.7790	1950	Brașov County	RO
Jelenča	44.7270	19.7350	1950	Central Serbia	RS
Şenyurt	37.0793	40.6425	1950	Mardin	TR
Hejőbába	47.9000	20.9500	1949	Borsod-Abaúj-Zemplén	HU
Nowsūd	35.1621	46.2041	1949	Kermanshah Province	IR
Tuta	46.2564	26.6910	1949	Bacău County	RO
Samarineşti	44.7500	23.0500	1949	Gorj County	RO
Néa Kerasiá	40.4754	22.8689	1948	Central Macedonia	GR
Petrijevci	45.6128	18.5353	1948	County of Osijek-Baranja	HR
Karahan	37.0552	35.1740	1948	Adana	TR
Brezovo	42.3467	25.0762	1947	Plovdiv	BG
Szurdokpüspöki	47.8592	19.6922	1947	Nógrád	HU
Stari Žednik	45.9486	19.6303	1947	Vojvodina	RS
Udobne	46.3784	30.0454	1947	Odesa	UA
Tiszaszőlős	47.5571	20.7195	1946	Jász-Nagykun-Szolnok	HU
Bălteni	44.4488	24.5325	1946	Olt	RO
Zollino	40.2058	18.2477	1945	Apulia	IT
Livadia	45.2055	24.2419	1945	Vâlcea County	RO
Néa Fókaia	40.1333	23.3975	1944	Central Macedonia	GR
Tömörkény	46.6172	20.0436	1944	Csongrád	HU
Kisléta	47.8424	22.0039	1944	Szabolcs-Szatmár-Bereg	HU
Jorăşti	45.9833	27.8667	1944	Galați County	RO
Bulzeşti	44.5333	23.8833	1944	Dolj	RO
Shcherbani	47.5198	31.7486	1944	Mykolaiv	UA
Kórnos	34.9222	33.3959	1943	Larnaka	CY
Pilu	46.5667	21.3500	1943	Arad County	RO
Serbka	47.0050	30.7625	1943	Odesa	UA
Athíkia	37.8167	22.9294	1942	Peloponnese	GR
Poiana	47.5644	26.8639	1942	Botoșani County	RO
Nedvigovka	47.2680	39.3531	1942	Rostov	RU
Tanais	47.2684	39.3342	1942	Rostov	RU
Chiprovtsi	43.3842	22.8808	1941	Montana	BG
Sušica	41.4398	22.8368	1941	Novo Selo	MK
Castranova	44.1167	24.0167	1941	Dolj	RO
Próchoma	40.7983	22.6666	1940	Central Macedonia	GR
Jevremovac	44.7217	19.6636	1940	Central Serbia	RS
Arkhaía Kórinthos	37.9095	22.8835	1939	Peloponnese	GR
Moşna	46.9167	27.9500	1939	Iași County	RO
Miron Costin	46.9203	26.8057	1939	Neamț County	RO
Merenii de Jos	44.2321	25.6435	1939	Teleorman County	RO
Bănia	44.8958	22.0447	1939	Caraș-Severin County	RO
Turunç	36.7737	28.2482	1939	Muğla	TR
Novovodyane	47.4290	34.6902	1939	Zaporizhzhia	UA
Kőbánya-Kertváros	47.4834	19.2022	1938	Budapest	HU
Kfar Shmaryahu	32.1853	34.8208	1938	Tel Aviv	IL
Chevereşu Mare	45.6669	21.4908	1938	Timiș County	RO
Musabeyli	36.8864	36.9186	1938	Kilis	TR
Žabljak	43.1542	19.1232	1937	Opština Žabljak	ME
Moșteni	44.1979	25.5085	1937	Teleorman County	RO
Yelten	37.2200	30.2186	1937	Antalya	TR
Semenivka	47.9466	31.0612	1937	Mykolaiv	UA
Poltavka	45.3513	34.1837	1937	Crimea	UA
Întorsura	44.1123	23.5757	1936	Dolj	RO
Yüzbaşılar	39.9976	44.0510	1936	Iğdır	TR
Genisséa	41.0617	24.9625	1935	East Macedonia and Thrace	GR
Madocsa	46.6879	18.9579	1935	Tolna County	HU
Néos Skopós	41.0239	23.6093	1934	Central Macedonia	GR
Ologeni	44.7337	25.9506	1934	Prahova	RO
Míthymna	39.3678	26.1764	1933	North Aegean	GR
Kösbucağı	36.6860	34.2471	1933	Mersin	TR
Krutoiarivka	46.3574	29.8208	1933	Odesa	UA
Kouvarás	37.8271	23.9672	1932	Attica	GR
Néo Petrítsi	41.2746	23.2938	1932	Central Macedonia	GR
Pellána	37.2061	22.3214	1931	Peloponnese	GR
Margaríti	39.3582	20.4389	1931	Epirus	GR
Turdaş	45.8500	23.1167	1931	Hunedoara County	RO
Lazuri	44.8786	25.5496	1931	Dâmbovița County	RO
Lisky	45.4631	29.4860	1931	Odesa	UA
Kostohryzove	46.4993	32.8590	1931	Kherson	UA
Voivodeni	46.7000	24.6333	1930	Mureș County	RO
Shenavan	40.4833	44.3835	1929	Aragatsotn	AM
Sefīdeh Khān	37.8313	46.4023	1929	East Azerbaijan	IR
Lăpuşnicu Mare	44.9131	21.9442	1929	Caraș-Severin County	RO
Ineu	46.5453	25.7636	1929	Harghita County	RO
Ghindeni	44.2122	23.9234	1929	Dolj	RO
Vrata	44.1920	22.8493	1928	Mehedinți County	RO
Colibași	44.9354	24.9091	1928	Arges	RO
Ulmu	44.2667	26.9167	1927	Călărași County	RO
Buduslău	47.4000	22.2667	1926	Bihor County	RO
Strekov	47.9042	18.4165	1926	Nitra Region	SK
Aghlavashli	40.8124	46.2594	1925	Şǝmkir	AZ
Padina Mică	44.4272	22.9925	1924	Mehedinți County	RO
Örencik	37.2131	38.8984	1924	Şanlıurfa	TR
Suatu	46.7667	23.9667	1923	Cluj County	RO
Naipu	44.1519	25.7617	1923	Giurgiu County	RO
Khndzoresk	39.5132	46.4314	1922	Syunik	AM
Koti	41.1324	45.1295	1922	Tavush	AM
Császár	47.4980	18.1427	1922	Komárom-Esztergom	HU
Ghiorac	46.7134	21.6831	1922	Bihor County	RO
Kūjanaq	38.4913	47.5107	1920	Ardabil Province	IR
Priseaca	44.5167	24.4500	1920	Olt	RO
Berkanush	39.9773	44.5213	1919	Ararat	AM
Collemeto	40.2088	18.1029	1919	Apulia	IT
Iktābah	32.3266	35.0526	1919	West Bank	PS
Nepos	47.2775	24.5332	1919	Bistrița-Năsăud County	RO
Yasenove Druhe	47.8993	30.0119	1919	Odesa	UA
Mykhaylo-Laryne	47.1076	32.2043	1918	Mykolaiv	UA
Alfatar	43.9469	27.2859	1916	Silistra	BG
Ássos	37.9395	22.8222	1916	Peloponnese	GR
Ptghni	40.2568	44.5819	1915	Kotayk	AM
Avía	36.9655	22.1435	1915	Peloponnese	GR
Bogata	46.4560	24.1180	1915	Mureș County	RO
Tsurib	42.2383	46.8343	1915	Dagestan	RU
Tacir	40.5256	29.7397	1915	Bursa Province	TR
Năruja	45.8333	26.7833	1914	Vrancea	RO
Bozyurt	37.9398	28.3446	1914	Aydın	TR
Tuzly	45.8650	30.0977	1914	Odesa	UA
Verin Dvin	40.0239	44.5924	1913	Ararat	AM
Romanu	45.2833	27.7333	1913	Brăila County	RO
Fundu Răcăciuni	46.3586	26.8899	1913	Bacău County	RO
‘Ezzatābād	38.5850	44.9688	1912	West Azerbaijan	IR
Miroslovești	47.1500	26.6500	1912	Iași County	RO
Ledinci	45.1870	19.8055	1912	Vojvodina	RS
Mužla	47.7930	18.5993	1912	Nitra Region	SK
Kismaros	47.8374	19.0046	1911	Pest County	HU
‘Adi	32.7849	35.1728	1910	Northern District	IL
Satul-Nou	46.6153	28.9079	1910	Cimişlia	MD
Pedu’el	32.0624	35.0532	1910	West Bank	PS
Derșida	47.3881	22.8017	1910	Sălaj County	RO
Băiţa de sub Codru	47.5333	23.1500	1910	Maramureş	RO
Cilibia	45.0667	27.0667	1909	Buzău County	RO
Agios Kirykos	37.6147	26.2944	1908	North Aegean	GR
Kecskéd	47.5230	18.3094	1908	Komárom-Esztergom	HU
Rafaila	46.8006	27.3624	1908	Vaslui County	RO
Chermalyk	47.3145	37.8081	1908	Donetsk	UA
Drenovicë	40.7918	19.7685	1907	Berat County	AL
Nagycserkesz	47.9667	21.5333	1907	Szabolcs-Szatmár-Bereg	HU
Sha‘ar Efrayim	32.2898	34.9970	1907	Central District	IL
Oymataş	37.7986	41.0208	1907	Batman	TR
Arevshat	40.6534	44.0442	1906	Shirak	AM
Bucureşci	46.1333	22.9000	1906	Hunedoara County	RO
Konaklı	38.1128	27.9961	1906	İzmir Province	TR
Jászfelsőszentgyörgy	47.5074	19.7839	1905	Jász-Nagykun-Szolnok	HU
Valea Mare Pravăț	45.2917	25.0925	1905	Arges	RO
Olari	46.3833	21.5500	1905	Arad County	RO
Nikolinci	45.0525	21.0669	1905	Vojvodina	RS
Izumrudne	45.7370	34.4130	1905	Crimea	UA
Áyioi Apóstoloi	38.2917	23.9101	1904	Attica	GR
Udupu	44.3966	25.1449	1904	Teleorman County	RO
Khomārlū	39.1589	47.0329	1902	East Azerbaijan	IR
Stoenești	44.4857	25.7120	1902	Giurgiu County	RO
Németkér	46.7164	18.7631	1901	Tolna County	HU
Strejeștii de Sus	44.5439	24.2277	1901	Olt	RO
Ciohorăni	47.1352	26.6896	1901	Iași County	RO
Bârsa	46.3833	22.0667	1901	Arad County	RO
Beștepe	45.0924	29.0148	1901	Tulcea County	RO
Cihadiye	37.0508	35.5629	1901	Adana	TR
Büyük Dalyan	36.2882	36.2090	1901	Hatay	TR
Yukhari Dashkasan	40.4936	46.0718	1900	Daşkǝsǝn	AZ
Ikinji Zobujug	39.5557	47.3985	1900	Fuzuli District	AZ
Ýdra	37.3498	23.4656	1900	Attica	GR
Fârdea	45.7333	22.1667	1900	Timiș County	RO
Novoterskiy	44.1486	43.0925	1900	Stavropol Kray	RU
Gaïtánion	37.7913	20.8741	1899	Ionian Islands	GR
Săcueni	44.9108	25.5722	1899	Dâmbovița County	RO
Mastacăn	46.7892	26.4868	1899	Neamț County	RO
Hunia	44.0553	23.0989	1899	Dolj	RO
Gemenele	45.2833	27.6167	1899	Brăila County	RO
Tekeler	37.5403	27.7865	1899	Aydın	TR
Stymfalía	37.8722	22.4694	1898	Peloponnese	GR
Ágasegyháza	46.8402	19.4521	1898	Bács-Kiskun	HU
Tlyarata	42.1055	46.3542	1898	Dagestan	RU
Kardámyla	38.5285	26.0924	1897	North Aegean	GR
Dervíziana	39.3991	20.7823	1897	Epirus	GR
Valea Largă	46.6226	24.0776	1897	Mureș County	RO
Mrgavan	39.9725	44.5356	1896	Ararat	AM
Dămieneşti	46.7333	26.9833	1896	Bacău County	RO
Voinești	45.3001	25.0723	1895	Arges	RO
Vânjuleţ	44.4411	22.7925	1894	Mehedinți County	RO
Ticvaniu Mare	45.1353	21.6381	1894	Caraș-Severin County	RO
Kameničná	47.8189	18.0386	1894	Nitra Region	SK
Aygeshat	40.2361	44.2889	1893	Armavir	AM
Stolniceni	45.0395	24.3064	1892	Vâlcea County	RO
Báta	46.1286	18.7703	1891	Tolna County	HU
Topalu	44.5438	28.0458	1891	Constanța County	RO
Grozăvești	44.5688	25.4536	1891	Dâmbovița County	RO
Sarıca	38.1701	40.2475	1891	Diyarbakır Province	TR
Deleni	46.3536	26.7763	1890	Bacău County	RO
Faraonivka	46.3222	29.6204	1890	Odesa	UA
Ádendro	40.6713	22.6047	1889	Central Macedonia	GR
Păsăreni	46.4833	24.7000	1889	Mureș County	RO
Cărbuneşti	45.2333	26.2000	1889	Prahova	RO
Medar	38.9626	27.8220	1889	Manisa	TR
Lozove	44.9011	34.1599	1889	Crimea	UA
Vathý	37.7469	26.9832	1888	North Aegean	GR
Draginje	44.5330	19.7625	1888	Central Serbia	RS
Pusztaföldvár	46.5333	20.8000	1887	Bekes County	HU
Vâlcelele	45.3443	27.3494	1887	Buzău County	RO
Fehérvárcsurgó	47.2935	18.2646	1886	Fejér	HU
Malaia	45.3500	24.0333	1886	Vâlcea County	RO
Bărbăteşti	44.8667	23.5000	1886	Gorj County	RO
Kolut	45.8929	18.9276	1886	Vojvodina	RS
Dobrooleksandrivka	46.3375	30.4878	1886	Odesa	UA
Samos	37.7543	26.9770	1885	North Aegean	GR
Drăghiceni	44.1333	24.2500	1885	Olt	RO
Burla	47.7903	25.9270	1885	Suceava	RO
Stari Mikanovci	45.2869	18.5592	1883	Vukovar-Srijem	HR
Grabăț	45.8786	20.7424	1883	Timiș County	RO
Strumok	45.7238	29.4408	1883	Odesa	UA
Peqan	42.3836	20.8219	1883	Prizren	XK
Mirkovo	42.7000	23.9833	1882	Sofia	BG
Tălpigi	46.0080	27.4725	1882	Galați County	RO
Săcădat	47.0333	22.1500	1882	Bihor County	RO
Pellérd	46.0344	18.1540	1881	Baranya	HU
Podenii Vechi	45.0894	26.1158	1881	Prahova	RO
Karaçalı	37.9544	40.3170	1880	Diyarbakır Province	TR
Myrne	46.2500	33.4656	1880	Kherson	UA
Bagnolo del Salento	40.1491	18.3521	1879	Apulia	IT
Çırtıman	36.5253	36.1813	1878	Hatay	TR
Zelenogorskoye	45.0125	34.4685	1877	Crimea	UA
Perivólia	34.8289	33.5827	1876	Larnaka	CY
Nayn	32.6301	35.3486	1876	Northern District	IL
Vârghiş	46.1333	25.5333	1876	Covasna County	RO
Fărcașu de Jos	44.1354	24.4590	1876	Olt	RO
Arieşeni	46.4764	22.7574	1876	Alba County	RO
Salaš Noćajski	44.9472	19.5861	1876	Vojvodina	RS
Temriuk	47.2651	36.9802	1876	Donetsk	UA
Prudy	45.2392	34.7022	1876	Crimea	UA
Demirözü	40.1602	39.8924	1875	Bayburt Province	TR
Tiszaroff	47.4000	20.4500	1874	Jász-Nagykun-Szolnok	HU
Tuzla	36.7007	35.0873	1874	Adana	TR
Bozan	39.7881	31.1017	1874	Eskişehir	TR
Nechayane	46.9442	31.5511	1874	Mykolaiv	UA
Gagarin	40.5403	44.8696	1872	Gegharkunik	AM
Gramada	43.8374	22.6528	1872	Vidin	BG
Radojevo	45.7462	20.7892	1872	Vojvodina	RS
Pentálofos	40.7430	22.8526	1871	Central Macedonia	GR
Zâmbreasca	44.3167	24.9833	1871	Teleorman County	RO
Toaca	46.7998	24.9641	1871	Mureș County	RO
Doğrular	36.9562	37.7616	1871	Gaziantep	TR
Geghamavan	40.5625	44.8889	1870	Gegharkunik	AM
Ayrum	41.1883	44.9040	1870	Tavush	AM
Nádasdladány	47.1383	18.2397	1870	Fejér	HU
Şoarş	45.9286	24.9287	1870	Brașov County	RO
Pantelimon de Jos	44.5730	28.3857	1870	Constanța County	RO
Lipia	45.1397	26.7351	1870	Buzău County	RO
Guşoeni	44.7333	24.1167	1870	Vâlcea County	RO
Băița	47.7061	23.4933	1870	Maramureş	RO
Saq’ulia	42.1367	42.5538	1869	Imereti	GE
Dârza	44.6018	25.9496	1869	Dâmbovița County	RO
Stepove	47.1893	31.5173	1869	Mykolaiv	UA
Privetnoye	44.8214	34.6793	1867	Crimea	UA
Sarantáporo	40.0678	22.0526	1866	Thessaly	GR
Grozeşti	46.9908	28.0506	1866	Iași County	RO
Fărău	46.3333	24.0167	1866	Alba County	RO
Chernyshevo	45.7820	33.4282	1866	Crimea	UA
Nadab	46.4819	21.5118	1865	Arad County	RO
Glimboca	45.4833	22.3167	1865	Caraș-Severin County	RO
Ciuperceni	43.7667	24.9500	1865	Teleorman County	RO
Albota	44.7833	24.8500	1865	Arges	RO
Çiftlikköyü	37.1743	42.4197	1865	Şırnak	TR
Novohradkivka	46.3585	30.4809	1865	Odesa	UA
Khanjyan	40.1874	43.9772	1864	Armavir	AM
Agubedia	42.7685	41.6685	1864	Abkhazia	GE
Kréstena	37.5919	21.6203	1864	West Greece	GR
Nor Yerznka	40.3001	44.3889	1861	Aragatsotn	AM
Șard	46.1281	23.5352	1861	Alba County	RO
Petreştii de Jos	46.5833	23.6500	1861	Cluj County	RO
Dumbrava de Sus	44.5167	23.1167	1861	Mehedinți County	RO
Süleymanobası	37.2517	37.5512	1861	Gaziantep	TR
Retevoiești	45.1402	24.8380	1860	Arges	RO
Kızılkaya	37.3036	30.4442	1860	Burdur	TR
Markat	39.7328	20.1953	1859	Vlorë County	AL
Agnanteró	39.4859	21.8479	1859	Thessaly	GR
Brătești	47.1913	26.6858	1859	Iași County	RO
Abrakunis	39.1363	45.6374	1858	Nakhchivan	AZ
Menídi	39.0421	21.1187	1858	West Greece	GR
Valea Lungă Alba Romania	46.1259	24.0454	1858	Alba County	RO
Negoiești	44.8739	25.9816	1858	Prahova	RO
Ilychyovo	45.2835	35.7386	1858	Crimea	UA
Vladimirci	44.6147	19.7853	1857	Central Serbia	RS
Ataköy	41.1751	36.6691	1857	Samsun	TR
Sănduleşti	46.5833	23.7167	1856	Cluj County	RO
Zawātā	32.2461	35.2265	1855	West Bank	PS
Siliştea	45.3110	27.8290	1855	Brăila County	RO
Negreni	46.9538	22.7635	1855	Cluj County	RO
Forotic	45.2303	21.5875	1855	Caraș-Severin County	RO
Camăr	47.3000	22.6167	1855	Sălaj County	RO
Cârjoaia	47.3403	26.9086	1854	Iași County	RO
Chibed	46.5333	24.9622	1854	Mureș County	RO
Sedarak	39.7143	44.8845	1853	Nakhchivan	AZ
Zebil	44.9460	28.7687	1853	Tulcea County	RO
Teiu	44.6667	25.1000	1853	Arges	RO
Fântânele	47.4150	27.1807	1853	Iași County	RO
Čortanovci	45.1546	20.0185	1853	Vojvodina	RS
Taborivka	47.6086	31.3839	1852	Mykolaiv	UA
Malakása	38.2379	23.8010	1851	Attica	GR
‘Anzah	32.3592	35.2201	1851	West Bank	PS
İnlice	37.9875	38.4333	1851	Adıyaman Province	TR
Güzelsu	38.7586	42.1918	1851	Bitlis	TR
Tikanlı	41.0211	47.7554	1850	Qabala District	AZ
Malu Roșu	44.7809	26.5795	1850	Ialomița County	RO
Comana	43.9000	28.3167	1850	Constanța County	RO
Portariá	39.3895	22.9995	1849	Thessaly	GR
Tahtaköprü	41.1013	35.0007	1848	Samsun	TR
Prymiske	47.6069	34.3421	1848	Dnipropetrovsk	UA
Dāman Jān	37.8085	47.3864	1847	East Azerbaijan	IR
Topallı	37.0349	30.8097	1847	Antalya	TR
Mouriés	41.2533	22.7960	1846	Central Macedonia	GR
Kuskan Yaylası	36.5048	33.2253	1846	Mersin	TR
Fotolívos	41.0601	24.0472	1844	East Macedonia and Thrace	GR
Târnova	45.3425	22.0061	1844	Caraș-Severin County	RO
Mărgău	46.7500	22.9667	1844	Cluj County	RO
Brodoc	46.6509	27.6767	1844	Vaslui County	RO
Blăgeşti	46.1372	28.0131	1844	Vaslui County	RO
Stepanivka	46.7949	29.9868	1844	Odesa	UA
Foros	44.3931	33.7882	1844	Crimea	UA
Itháki	38.3642	20.7185	1843	Ionian Islands	GR
Karítsa	40.1874	22.4817	1843	Central Macedonia	GR
Taiyiba	32.6043	35.4440	1843	Northern District	IL
Ternivka	44.5792	33.7510	1843	Sevastopol City	UA
Qarājeh-ye Feyẕollāh	38.4780	45.5281	1842	East Azerbaijan	IR
Petriş	46.0500	22.3833	1842	Arad County	RO
Ghilad	45.4650	21.1382	1842	Timiș County	RO
Baghramyan	39.9805	44.5139	1841	Ararat	AM
Pérama	39.6933	20.8466	1841	Epirus	GR
Maritsá	36.3605	28.1171	1841	South Aegean	GR
Néa Vrasná	40.7059	23.6985	1841	Central Macedonia	GR
Visegrád	47.7853	18.9709	1841	Pest County	HU
Mischii	44.3833	23.8500	1841	Dolj	RO
Dorobanți	46.3502	21.2444	1841	Arad County	RO
Budești	45.6278	27.0567	1841	Vrancea	RO
Borşa	46.9333	23.6667	1841	Cluj County	RO
Prymorske	45.6901	29.7974	1841	Odesa	UA
Tarnaörs	47.5950	20.0525	1840	Heves County	HU
Râncăciov	44.8887	25.3578	1840	Dâmbovița County	RO
Lazuri de Beiuş	46.5833	22.4000	1840	Bihor County	RO
Preljina	43.9145	20.4068	1840	Central Serbia	RS
Dório	37.2882	21.8562	1839	Peloponnese	GR
Cornetu	45.5046	27.0530	1839	Vrancea	RO
Bohdanivka	47.8173	31.1315	1839	Mykolaiv	UA
Garmen	41.6000	23.8167	1838	Blagoevgrad	BG
Surani	45.2000	26.1667	1838	Prahova	RO
Băcioiu	46.3143	27.1575	1838	Bacău County	RO
Pokrovske	47.0496	37.4665	1838	Donetsk	UA
Chálki	39.5685	22.5402	1837	Thessaly	GR
Suvarlı	37.5387	37.6321	1837	Adıyaman Province	TR
Nor Gyugh	40.2649	44.6547	1836	Kotayk	AM
Mikró Déreio	41.3156	26.0998	1836	East Macedonia and Thrace	GR
Giurdignano	40.1237	18.4316	1836	Apulia	IT
Foieni	47.6976	22.3805	1836	Satu Mare County	RO
Dichiseni	44.2333	27.5333	1836	Călărași County	RO
Makrychóri	39.8000	22.4833	1835	Thessaly	GR
Terskol	43.2568	42.5148	1835	Kabardino-Balkariya Republic	RU
Stelnica	44.4167	27.8833	1834	Ialomița County	RO
Săcelu	45.1000	23.5333	1834	Gorj County	RO
Oleksandrivka	46.4425	29.4546	1834	Odesa	UA
Barqan	32.1091	35.1120	1833	West Bank	PS
Cleanov	44.3529	23.2103	1833	Dolj	RO
Sarıyer	40.7725	31.3102	1833	Düzce	TR
Shyrokolanivka	47.1661	31.4317	1833	Mykolaiv	UA
Voskehask	40.7643	43.7747	1832	Shirak	AM
Bogheşti	46.1667	27.4000	1832	Vrancea	RO
Birgi	38.2503	28.0592	1832	İzmir Province	TR
Strimnica	41.9672	21.0360	1831	Zhelino	MK
Aşchileu Dorna	46.9833	23.4833	1831	Cluj County	RO
Çayyazı	36.8059	31.4590	1831	Antalya	TR
Stara Tsarychanka	46.2887	29.8671	1831	Odesa	UA
Bâscenii de Jos	45.2471	26.3212	1830	Buzău County	RO
Agighiol	45.0336	28.8763	1830	Tulcea County	RO
Chișoda	45.7038	21.2144	1829	Timiș County	RO
Kastélli	35.2090	25.3377	1828	Crete	GR
‘Alī Beyglū	38.1760	45.5143	1828	East Azerbaijan	IR
Dalama	37.7903	28.0664	1828	Aydın	TR
Sutomore	42.1428	19.0467	1827	Bar	ME
Râmniceni	45.5132	27.4484	1827	Vrancea	RO
Atburgazı	37.6364	27.2461	1827	Aydın	TR
Sâncraiu	46.8333	22.9833	1826	Cluj County	RO
Siliştea Crucii	44.0434	23.4751	1826	Dolj	RO
Ilieni	45.8000	25.7667	1826	Covasna County	RO
Hurezani	44.8000	23.6500	1826	Gorj County	RO
Sohodol	45.5283	25.4024	1825	Brașov County	RO
Kabakça	41.2319	28.3702	1825	Istanbul	TR
Racoviţa	45.4167	24.3167	1824	Vâlcea County	RO
Dăbâca	46.9833	23.6667	1824	Cluj County	RO
Bilciureşti	44.7333	25.8000	1824	Dâmbovița County	RO
Andrei Șaguna	46.2881	21.3917	1824	Arad County	RO
Pınarbaşı	37.2138	41.8892	1824	Şırnak	TR
Velyka Palad	47.9995	22.8806	1824	Zakarpattia	UA
Fulga de Jos	44.8815	26.4426	1823	Prahova	RO
Gârda de Sus	46.4500	22.8167	1822	Alba County	RO
Krymskoye	45.1884	33.8011	1822	Crimea	UA
Ştiuca	45.5714	21.9767	1821	Timiș County	RO
Gârliciu	44.7667	28.0833	1821	Constanța County	RO
Çele	40.7711	31.2889	1821	Düzce	TR
Andanía	37.2665	21.9848	1820	Peloponnese	GR
Miletino	41.9075	21.0160	1820	Brvenica	MK
Rusca Montană	45.5674	22.4582	1820	Caraș-Severin County	RO
Dobreşti	44.9667	25.1333	1820	Arges	RO
Çığlı	37.3229	43.3748	1820	Hakkâri	TR
Çakış	36.9205	31.1851	1820	Antalya	TR
Zarechnoye	45.7364	34.4834	1820	Crimea	UA
Delgoshā	33.4057	46.5948	1819	Ilam Province	IR
Tortoman	44.3500	28.2167	1819	Constanța County	RO
Leleasca	44.7833	24.4333	1819	Olt	RO
Chrysochóri	40.9333	24.7109	1818	East Macedonia and Thrace	GR
Vârtop	44.2068	23.3487	1818	Dolj	RO
Vârteju	44.3561	25.9918	1818	Ilfov	RO
Bosia	47.2170	27.7671	1818	Iași County	RO
Bakuriani	41.7530	43.5291	1817	Samtskhe-Javakheti	GE
Çınarlı	40.0532	26.3897	1817	Canakkale	TR
Desantne	45.5742	29.5396	1816	Odesa	UA
Draxini	47.6500	26.8167	1815	Botoșani County	RO
Aygevan	40.1417	43.9751	1814	Armavir	AM
Akçakonak	37.7000	27.3667	1814	Aydın	TR
Sizovka	45.3489	33.8767	1814	Crimea	UA
Novokyivka	46.3592	33.2353	1814	Kherson	UA
Hryhorivka	46.2899	33.7341	1814	Kherson	UA
Qareh Kheẕer	37.0264	46.1641	1813	East Azerbaijan	IR
Probota	47.3758	26.6242	1813	Suceava	RO
Yayvantepe	37.2999	41.5203	1813	Mardin	TR
Fyteíes	38.6952	21.1847	1812	West Greece	GR
Checea	45.7530	20.8360	1812	Timiș County	RO
Kabakum	39.1311	26.8875	1812	İzmir Province	TR
Graviá	38.6716	22.4312	1811	Central Greece	GR
Vâlcele	45.0869	26.6335	1811	Buzău County	RO
Cireșoaia	46.2482	26.5493	1811	Bacău County	RO
Arkhanhelske	47.4333	33.4051	1810	Kherson	UA
Radyvonivka	46.6595	35.2488	1809	Zaporizhzhia	UA
Mytikas	38.4437	23.6536	1808	Central Greece	GR
Scărişoara	46.4667	22.8500	1808	Alba County	RO
Brănişca	45.9167	22.7833	1808	Hunedoara County	RO
Mahmut Şevket Paşa	41.1528	29.1897	1807	Istanbul	TR
Yarkoye	45.6912	34.2632	1807	Crimea	UA
Khashtarak	40.9367	45.1821	1806	Tavush	AM
Bordeşti	45.5500	27.0500	1806	Vrancea	RO
Avram Iancu	46.3833	22.7833	1806	Alba County	RO
Nadlymanske	46.3740	30.3333	1806	Odesa	UA
Pešca	42.8289	19.8647	1805	Berane	ME
Kyriáki	38.3537	22.7884	1804	Central Greece	GR
Cicârlău	47.6915	23.4038	1804	Maramureş	RO
Duboka	44.5228	21.7599	1804	Central Serbia	RS
Kamenolomnia	45.2476	33.4209	1804	Crimea	UA
Ruginoasa	46.9862	26.7064	1803	Neamț County	RO
Borysivka	45.7902	29.6385	1803	Odesa	UA
Kunbaja	46.0842	19.4208	1802	Bács-Kiskun	HU
Seclì	40.1190	18.1093	1802	Apulia	IT
Iža	47.7520	18.2276	1802	Nitra Region	SK
Yazıkent	37.6925	28.3869	1802	Aydın	TR
Çaylı	38.1533	28.1441	1802	İzmir Province	TR
Castro	40.0070	18.4257	1801	Apulia	IT
Belotić	44.8178	19.5480	1801	Central Serbia	RS
Kırköy	38.8311	41.6590	1801	Muş	TR
Dhërmi	40.1514	19.6389	1800	Vlorë County	AL
Saloghlu	41.2752	45.3529	1800	Ağstafa	AZ
Poylu	41.2282	45.4427	1800	Ağstafa	AZ
Androúsa	37.1101	21.9434	1800	Peloponnese	GR
Vişniovca	46.3326	28.4480	1800	Cantemir	MD
Bugeac	46.3655	28.6625	1800	Gagauzia	MD
Mojanovići	42.3417	19.2214	1800	Podgorica	ME
Ol’ginka	44.2075	38.8911	1800	Krasnodar Krai	RU
Agoy	44.1466	39.0373	1800	Krasnodar Krai	RU
Gümüşkaya	37.4230	38.1737	1800	Adıyaman Province	TR
Bixad	46.1000	25.8667	1799	Covasna County	RO
Boyaklı	37.2261	40.3059	1798	Mardin	TR
Sărulești-Gară	44.4444	26.6578	1797	Călărași County	RO
Corneşti	47.0333	23.6833	1797	Cluj County	RO
Cocorăștii Mislii	45.0853	25.9221	1797	Prahova	RO
Veselyy Kut	46.0544	29.2892	1797	Odesa	UA
Kizomys	46.5634	32.3478	1797	Kherson	UA
Marittima	39.9961	18.3989	1796	Apulia	IT
Barticești	47.0632	26.7925	1795	Neamț County	RO
Çömçeli	37.6333	40.0048	1795	Diyarbakır Province	TR
Katnajur	40.8232	44.1414	1794	Lori	AM
Tăbărăști	45.0795	26.9194	1793	Buzău County	RO
Beidaud	44.7167	28.5667	1793	Tulcea County	RO
Bodeștii de Jos	47.0275	26.4448	1792	Neamț County	RO
Andovce	47.9934	18.1051	1792	Nitra Region	SK
Preobrazhenka	46.1876	33.5988	1792	Kherson	UA
Bócsa	46.6097	19.4844	1791	Bács-Kiskun	HU
Oneaga	47.5763	26.7324	1791	Botoșani County	RO
Brabova	44.3667	23.4333	1791	Dolj	RO
Gegharkunik	40.2557	45.1473	1790	Gegharkunik	AM
Pýli	39.4581	21.6189	1790	Thessaly	GR
Pușcași	46.6215	27.6450	1790	Vaslui County	RO
Prapor	43.9449	24.1747	1789	Dolj	RO
Keresztúridűlő	47.4730	19.1914	1788	Budapest	HU
Neẖalim	32.0601	34.9107	1788	Central District	IL
Chowplū	36.5137	46.9532	1788	West Azerbaijan	IR
Cogeasca	47.1664	27.3854	1788	Iași County	RO
Chiojdeanca	45.1667	26.2667	1788	Prahova	RO
Mouresi	39.4010	23.1645	1787	Thessaly	GR
Partesh	42.4019	21.4336	1787	Gjilan	XK
At’idzt’a	43.2220	40.3620	1785	Abkhazia	GE
Cătămărești-Deal	47.7700	26.5990	1785	Botoșani County	RO
Sölöz	40.3948	29.4156	1785	Bursa Province	TR
Boboshevo	42.1532	23.0004	1784	Kyustendil	BG
Golăiești	47.2333	27.7000	1783	Iași County	RO
Valea Seacă	47.2922	26.6688	1782	Iași County	RO
Tapi	40.7936	19.8803	1780	Berat County	AL
Bolatlı	36.9482	34.8992	1780	Mersin	TR
Mikró Monastíri	40.7043	22.5411	1779	Central Macedonia	GR
Pryozerne	45.6096	29.1638	1778	Odesa	UA
Shenavan	40.0555	43.9305	1776	Armavir	AM
Kotayk	40.2779	44.6639	1776	Kotayk	AM
Shatoy	42.8715	45.6909	1775	Chechnya	RU
Aigialoúsa	35.5351	34.1894	1774	Ammochostos	CY
Slobozia	46.4749	27.3111	1774	Bacău County	RO
Pristol	44.2247	22.7092	1774	Mehedinți County	RO
Serpneve	46.3045	29.0152	1774	Odesa	UA
Kalí	40.8193	22.1776	1773	Central Macedonia	GR
Lucugnano	39.9349	18.3217	1773	Apulia	IT
Bălăceanu	45.2667	27.1500	1773	Buzău County	RO
Filótas	40.6252	21.7085	1772	West Macedonia	GR
Băcia	45.8000	23.0167	1772	Hunedoara County	RO
Aromatnoye	45.0368	34.3992	1772	Crimea	UA
Varnávas	38.2236	23.9231	1771	Attica	GR
Mânăstireni	46.7667	23.0833	1771	Cluj County	RO
Berbești	47.8486	23.9345	1771	Maramureş	RO
Yedisu	39.4328	40.5337	1771	Bingöl	TR
Çamdere	37.9385	38.5148	1771	Adıyaman Province	TR
Peregu Mare	46.2333	20.9000	1770	Arad County	RO
Ghermănești	44.6883	26.1496	1770	Ilfov	RO
Fărcășeni	47.1599	26.8961	1770	Iași County	RO
Bački Breg	45.9203	18.9294	1770	Vojvodina	RS
Largu	44.9667	27.1500	1769	Buzău County	RO
Gottlob	45.9360	20.7117	1769	Timiș County	RO
Dorobanţu	44.9500	28.2667	1769	Tulcea County	RO
Kolchikón	40.7566	23.1338	1768	Central Macedonia	GR
Fântânele	45.7015	28.0035	1768	Galați County	RO
Aeroflotskyi	45.0195	34.0017	1768	Crimea	UA
Pisky	46.7454	36.7975	1768	Zaporizhzhia	UA
Ushi	40.3473	44.3751	1767	Aragatsotn	AM
Faldarlı	41.4687	46.5158	1767	Zaqatala District	AZ
Ágios Geórgios	40.6022	22.1943	1767	Central Macedonia	GR
Sânmartin	46.4165	21.3482	1767	Arad County	RO
Potlogeni	43.8800	24.6309	1767	Olt	RO
Cireșoaia	47.1427	24.0622	1767	Bistrița-Năsăud County	RO
Yeraskhahun	40.0723	44.2195	1765	Armavir	AM
Lenughi	40.1251	43.9639	1765	Armavir	AM
Tiur	46.1601	23.8893	1765	Alba County	RO
Seleuš	45.1277	20.9146	1765	Vojvodina	RS
Balya	39.7486	27.5789	1765	Balıkesir	TR
Plátanos	37.6673	21.6111	1764	West Greece	GR
Mukhaylá	32.1600	22.2784	1764	Darnah	LY
Akhaldaba	41.9295	43.4876	1763	Samtskhe-Javakheti	GE
Gökdere	37.0328	30.9000	1763	Antalya	TR
Pidhirne	46.2469	29.0421	1763	Odesa	UA
Vrontoú	40.1936	22.4320	1762	Central Macedonia	GR
Cincu	45.9167	24.8000	1762	Brașov County	RO
Eftimie Murgu	44.9003	22.0928	1761	Caraș-Severin County	RO
Bozdoğan	36.6946	33.2233	1761	Mersin	TR
Rudo	43.6178	19.3672	1760	Srpska	BA
Chelopech	42.7000	24.0833	1760	Sofia	BG
Brezniţa-Motru	44.5667	23.2167	1760	Mehedinți County	RO
Ālān	38.0934	47.2639	1759	East Azerbaijan	IR
Florica	44.9080	26.7663	1759	Buzău County	RO
Pulumer	39.4845	39.8953	1759	Tunceli	TR
Sânmihaiu Almaşului	47.0330	23.2700	1758	Sălaj County	RO
Ciclova-Română	45.0136	21.7192	1758	Caraș-Severin County	RO
Mănăştiur	45.8167	22.0667	1757	Timiș County	RO
Călina	44.7020	24.2544	1757	Vâlcea County	RO
Bilozirka	47.0877	32.4512	1757	Mykolaiv	UA
Densuş	45.5833	22.8000	1756	Hunedoara County	RO
Aralık	37.8295	40.6803	1756	Diyarbakır Province	TR
Kokkíni Cháni	35.3283	25.2581	1755	Crete	GR
Rojiște	44.0668	23.9390	1755	Dolj	RO
Fierbinți	44.5075	25.2876	1755	Dâmbovița County	RO
Teplovka	45.0324	33.6959	1755	Crimea	UA
Krymskaya Roza	45.0578	34.3563	1755	Crimea	UA
Grishino	45.6422	33.8310	1755	Crimea	UA
Valea Vișeului	47.9120	24.1584	1754	Maramureş	RO
Bulgăruș	45.9195	20.8222	1754	Timiș County	RO
Káto Glykóvrysi	36.8279	22.7773	1753	Peloponnese	GR
Vishennoye	45.1451	34.5969	1753	Crimea	UA
Voiceşti	44.6000	24.2833	1752	Vâlcea County	RO
Kadıköy	37.8216	27.8102	1752	Aydın	TR
Mayisyan	40.1570	44.0919	1751	Armavir	AM
Káto Lekhónia	39.3309	23.0396	1751	Thessaly	GR
Achinós	40.9205	23.6563	1751	Central Macedonia	GR
Şāleḩābād	33.4697	46.1880	1751	Ilam Province	IR
Cornăţelu	44.7500	25.6667	1751	Dâmbovița County	RO
Hulubești	44.1675	25.9415	1751	Giurgiu County	RO
Kartal	37.1063	36.9801	1751	Gaziantep	TR
Gulia	47.4120	26.6085	1750	Suceava	RO
Aita Mare	45.9667	25.5500	1750	Covasna County	RO
Arazap	40.0417	44.1473	1749	Armavir	AM
Andrijaševci	45.2247	18.7381	1749	Vukovar-Srijem	HR
Pâraie	47.4630	26.0661	1749	Suceava	RO
Yavrudoğan	36.8790	31.3107	1749	Antalya	TR
Desfína	38.4168	22.5293	1748	Central Greece	GR
Skála	37.3222	26.5430	1747	South Aegean	GR
Sălciua de Sus	46.4000	23.4167	1747	Alba County	RO
Gârleni	46.6667	26.8000	1747	Bacău County	RO
Bucium	46.2333	23.2167	1747	Alba County	RO
Azun Atme	32.1217	35.0204	1746	West Bank	PS
Belo Blato	45.2728	20.3750	1746	Vojvodina	RS
Atlı	37.1915	40.1436	1746	Mardin	TR
Roylyanka	46.2882	29.7936	1746	Odesa	UA
Blahodatne	47.9928	31.1401	1746	Mykolaiv	UA
Hortobágy	47.5828	21.1511	1745	Hajdú-Bihar	HU
Asenjān	37.9535	46.2308	1745	East Azerbaijan	IR
Mofleni	44.3022	23.7585	1745	Dolj	RO
Perișor	44.1433	23.4751	1743	Dolj	RO
Ozora	46.7513	18.4001	1742	Tolna County	HU
Jānān Lū	39.1211	46.8819	1742	East Azerbaijan	IR
Poplaca	45.7167	24.0500	1742	Sibiu County	RO
Kızkalesi	36.4619	34.1420	1742	Mersin	TR
Tutana	45.0429	24.6512	1740	Arges	RO
Sârbeni	44.4667	25.3833	1740	Teleorman County	RO
Heroyske	45.1386	33.7467	1740	Crimea	UA
Kharagauli	42.0214	43.1977	1738	Imereti	GE
Pir	47.4667	22.3667	1738	Satu Mare County	RO
Vynohradne	47.0939	37.6856	1738	Donetsk	UA
Negovan	42.7697	23.4044	1737	Sofia-Capital	BG
Tiszasüly	47.3833	20.4000	1737	Jász-Nagykun-Szolnok	HU
Romuli	47.5333	24.4333	1737	Bistrița-Năsăud County	RO
Cârna	43.8861	23.6015	1737	Dolj	RO
Benesat	47.4105	23.2890	1737	Sălaj County	RO
Achisu	42.6520	47.6828	1737	Dagestan	RU
Arkum	36.3519	34.0567	1737	Mersin	TR
Mijlocenii Bârgăului	47.2159	24.6894	1736	Bistrița-Năsăud County	RO
Dobrin	47.2833	23.1333	1736	Sălaj County	RO
Balinţ	45.8125	21.8536	1736	Timiș County	RO
Yaylakonak	37.8241	38.0821	1736	Adıyaman Province	TR
Mādamā	32.1859	35.2311	1735	West Bank	PS
Ciuperceni	44.9333	23.0167	1735	Gorj County	RO
Prislonica	43.9522	20.4352	1735	Central Serbia	RS
Shatin	39.8361	45.3029	1734	Vayots Dzor	AM
Brusartsi	43.6632	23.0669	1734	Montana	BG
Geaca	46.8667	24.1000	1734	Cluj County	RO
Bukovlje	45.1853	18.0700	1733	Brod-Posavina	HR
Amara	45.2487	27.2924	1733	Buzău County	RO
Skýros	38.9042	24.5631	1732	Central Greece	GR
Banovo Polje	44.9104	19.4492	1732	Central Serbia	RS
Kayalıoğlu	38.8844	27.7661	1732	Manisa	TR
Viile	45.8069	27.9475	1731	Galați County	RO
Schísma Eloúndas	35.2576	25.7280	1730	Crete	GR
Yesud HaMa‘ala	33.0588	35.6081	1730	Northern District	IL
Kemerkaya	38.8894	31.0664	1730	Afyonkarahisar Province	TR
Râșești	46.7722	28.1427	1729	Vaslui County	RO
Dedebağı	37.2951	29.4452	1729	Denizli	TR
Csólyospálos	46.4184	19.8395	1728	Bács-Kiskun	HU
İhsaniye	41.2512	28.3601	1728	Istanbul	TR
Ash Shuhadā’	32.4295	35.2711	1727	West Bank	PS
Talpoș	46.6912	21.8033	1727	Bihor County	RO
Dobre	47.3103	32.4494	1727	Mykolaiv	UA
Jrarbi	40.0874	44.2400	1726	Armavir	AM
Sinanköy	37.8617	40.9928	1726	Diyarbakır Province	TR
Sebil	37.1291	34.5624	1726	Mersin	TR
Zoravan	40.3555	44.5223	1725	Kotayk	AM
Şamşud	47.3500	22.9500	1725	Sălaj County	RO
Lăpugiu de Jos	45.8833	22.4833	1725	Hunedoara County	RO
Dieci	46.3167	22.2500	1725	Arad County	RO
Leninskoye	45.2684	34.0502	1725	Crimea	UA
Lapardha Një	40.7547	19.9481	1724	Berat County	AL
Borshchi	47.8682	29.4866	1724	Odesa	UA
Hıdırbeyli	37.8924	27.5883	1723	Aydın	TR
Krushari	43.8167	27.7555	1722	Dobrich	BG
Shindisi	41.6646	44.7675	1722	Tbilisi	GE
Martínon	38.5682	23.2146	1722	Central Greece	GR
Áthyra	40.8261	22.5928	1722	Central Macedonia	GR
Cergău Mic	46.0844	23.9404	1722	Alba County	RO
Kışlak	35.9675	36.1575	1722	Hatay	TR
Sychavka	46.6420	31.1045	1722	Odesa	UA
Novopetrivka	47.0582	32.6733	1722	Mykolaiv	UA
Acherítou	35.1002	33.8616	1721	Ammochostos	CY
Sânmărtin	46.9000	23.5667	1721	Cluj County	RO
Ramna	45.4383	21.6883	1721	Caraș-Severin County	RO
Veljusa	41.4761	22.5675	1720	Strumica	MK
Kafr ‘Ayn	32.0476	35.1204	1720	West Bank	PS
Chiheru de Jos	46.6833	24.8833	1720	Mureș County	RO
Bălăceana	47.6434	26.0476	1720	Suceava	RO
Akdere	36.2408	33.7504	1720	Mersin	TR
Mădulari	45.0535	23.9908	1718	Vâlcea County	RO
Kalchyk	47.3066	37.5996	1718	Donetsk	UA
Sonyachnyi	44.7868	33.6179	1718	Sevastopol City	UA
Jrashen	40.0528	44.5126	1717	Ararat	AM
Arevshat	40.0396	44.5418	1717	Ararat	AM
Jitia	45.5833	26.7167	1717	Vrancea	RO
Segarcea-Deal	43.8255	24.8402	1716	Teleorman County	RO
Atkár	47.7208	19.8913	1715	Heves County	HU
Veștem	45.7175	24.2396	1715	Sibiu County	RO
Goraj	40.8119	19.9475	1714	Berat County	AL
Chiuiești	47.2969	23.8755	1714	Cluj County	RO
Palaiá Epídavros	37.6385	23.1561	1713	Peloponnese	GR
Bizovac	45.5928	18.4589	1713	County of Osijek-Baranja	HR
Boinești	47.9157	23.3512	1713	Satu Mare County	RO
Esenboğa	40.1340	32.9853	1712	Ankara	TR
Păuleni-Ciuc	46.4000	25.8333	1711	Harghita County	RO
Gvardinița	44.3950	23.1464	1711	Mehedinți County	RO
Bistrița	46.9486	26.2960	1711	Neamț County	RO
Dvorovi	44.8075	19.2600	1710	Srpska	BA
Elikístra	38.2159	21.8012	1710	West Greece	GR
Sâmbăteni	46.1411	21.5269	1710	Arad County	RO
Bozhüyük	38.9567	30.5803	1710	Afyonkarahisar Province	TR
Kefken	41.1697	30.2271	1710	Kocaeli	TR
Vynohradar	46.6800	30.3412	1710	Odesa	UA
Şeica Mică	46.0500	24.1333	1709	Sibiu County	RO
Gemini	39.9113	18.1874	1708	Apulia	IT
Sărata	46.5025	26.8686	1708	Bacău County	RO
Akçaova	37.2346	28.2975	1708	Muğla	TR
Veresayevo	45.3055	33.5000	1708	Crimea	UA
Medvedevo	45.3860	33.0040	1707	Crimea	UA
Konoplyane	47.0462	30.4781	1707	Odesa	UA
Káto Defterá	35.0849	33.2756	1706	Nicosia	CY
Çardaklı	38.3377	40.3702	1706	Diyarbakır Province	TR
Chistopolye	45.3654	36.1831	1706	Crimea	UA
Vermeş	45.5206	21.6597	1705	Caraș-Severin County	RO
Komar	47.9778	36.7465	1705	Donetsk	UA
Epureni	46.7077	28.0383	1703	Vaslui County	RO
Mouzaki	37.7356	20.8229	1702	Ionian Islands	GR
Mireșu Mare	45.1351	26.3771	1702	Prahova	RO
Braniștea	44.2420	22.9735	1702	Mehedinți County	RO
Arméni	39.4880	22.6976	1701	Thessaly	GR
Cernetu	43.9073	25.4569	1701	Teleorman County	RO
Uchunju Zobujug	39.5707	47.3890	1700	Fuzuli District	AZ
Sukko	44.7995	37.4215	1700	Krasnodar Krai	RU
Glafirovka	46.7638	38.4079	1700	Krasnodar Krai	RU
Ashil’ta	42.7704	46.7299	1700	Dagestan	RU
Satu Nou	46.2445	26.6534	1699	Bacău County	RO
Husnicioara	44.6781	22.8425	1699	Mehedinți County	RO
Criciova	45.6333	22.0667	1698	Timiș County	RO
Veliko Središte	45.1792	21.4035	1698	Vojvodina	RS
Nestoita	47.7679	29.3511	1698	Odesa	UA
Ahaymany	46.6693	34.2445	1698	Kherson	UA
Kolarovo	41.3638	23.1067	1697	Blagoevgrad	BG
Anton	42.7350	24.2596	1697	Sofia	BG
Martignano	40.2382	18.2560	1697	Apulia	IT
Izvoru Berheciului	46.5833	27.2167	1697	Bacău County	RO
Aristoménis	37.0863	21.8396	1696	Peloponnese	GR
‘Abbāsābād	33.1152	47.3592	1695	Ilam Province	IR
Voineasa	45.4167	23.9500	1695	Vâlcea County	RO
Foeni	45.4986	20.8758	1695	Timiș County	RO
Carani	45.9109	21.1569	1695	Timiș County	RO
Donji Dobrić	44.6118	19.3311	1695	Central Serbia	RS
Dicle	37.2887	42.0672	1695	Şırnak	TR
Bahatyr	47.9951	36.9387	1695	Donetsk	UA
Oleksiivka	46.1206	30.0622	1695	Odesa	UA
Lófos	40.2439	22.3803	1694	Central Macedonia	GR
Voykovo	45.5122	33.8748	1694	Crimea	UA
Khrestivka	46.4012	33.7176	1694	Kherson	UA
Velykyi Buialyk	46.9388	30.6500	1694	Odesa	UA
Anthíli	38.8500	22.4791	1693	Central Greece	GR
Crevenicu	44.2408	25.5886	1693	Teleorman County	RO
Belen	38.4201	40.3539	1693	Diyarbakır Province	TR
Rokovci	45.2311	18.7439	1692	Vukovar-Srijem	HR
Răchiteni	47.0535	26.9173	1692	Iași County	RO
Nicolae Bălcescu	44.4500	26.7667	1692	Călărași County	RO
Măceşu de Sus	43.9167	23.7000	1692	Dolj	RO
Ravnje	44.9433	19.4228	1692	Vojvodina	RS
Oğlaklı	37.8770	39.9420	1692	Diyarbakır Province	TR
Büyüksofulu	37.5539	35.1585	1692	Adana	TR
Atmalı	37.7077	37.9821	1692	Adıyaman Province	TR
Andriyevo-Ivanivka	47.5032	30.4625	1692	Odesa	UA
Kunszállás	46.7625	19.7537	1691	Bács-Kiskun	HU
Qūşīn	32.2383	35.1830	1691	West Bank	PS
Popești	44.8608	25.9956	1691	Prahova	RO
Măriței	47.7527	26.1463	1691	Suceava	RO
Brdarica	44.5538	19.7715	1690	Central Serbia	RS
Mesógi	34.8153	32.4563	1689	Pafos	CY
Mestia	43.0438	42.7237	1689	Samegrelo and Zemo Svaneti	GE
Aknashen	40.0928	44.2916	1688	Armavir	AM
Erikli	37.8676	38.8042	1688	Adıyaman Province	TR
Fajsz	46.4169	18.9194	1687	Bács-Kiskun	HU
Nucşoara	45.3333	24.7833	1687	Arges	RO
Câlnic	45.3384	21.8575	1687	Caraș-Severin County	RO
Chișcăreni	47.4697	27.1963	1687	Iași County	RO
Psimolofou	35.0625	33.2625	1686	Nicosia	CY
Onceşti	46.4667	27.2500	1686	Bacău County	RO
Buhalnița	47.3789	26.9155	1686	Iași County	RO
Breaza	47.6150	25.3182	1686	Suceava	RO
Ocna de Jos	46.5264	25.1294	1685	Harghita County	RO
Basarabi	47.4537	26.4397	1685	Suceava	RO
Kutlubey	37.3072	41.1771	1685	Mardin	TR
Hamdibey	39.8494	27.2481	1685	Canakkale	TR
Vilne	45.9834	29.0491	1685	Odesa	UA
Anastasiyevka	47.5607	38.5284	1684	Rostov	RU
‘Aramsha	33.0869	35.2274	1682	Northern District	IL
Bulbucata	44.2833	25.8033	1682	Giurgiu County	RO
Camili	36.9296	35.4317	1682	Adana	TR
Gubacs	47.4310	19.0945	1680	Budapest	HU
Recea Cristur	47.0667	23.5333	1680	Cluj County	RO
Cucerdea	46.4000	24.2667	1680	Mureș County	RO
Prymorske	46.1769	33.0256	1680	Kherson	UA
Sofikón	37.7941	23.0520	1679	Peloponnese	GR
Agía Marína	35.5178	23.9267	1679	Crete	GR
Néa Výssa	41.5845	26.5432	1679	East Macedonia and Thrace	GR
Valea Teilor	45.1115	28.4880	1679	Tulcea County	RO
Soloneț	47.6868	26.0322	1679	Suceava	RO
Fântânele	44.6128	28.5766	1679	Constanța County	RO
Orota	42.6591	46.5377	1679	Dagestan	RU
Novozhilovka	45.1596	34.2327	1679	Crimea	UA
Nisipari	44.2596	28.3984	1678	Constanța County	RO
Mykolayivka	46.3730	29.4053	1678	Odesa	UA
Copăcelu	45.0676	24.3116	1677	Vâlcea County	RO
İçören	37.5574	41.0965	1677	Mardin	TR
Vladimirovka	42.8890	41.2304	1676	Abkhazia	GE
Chichiş	45.7833	25.8000	1676	Covasna County	RO
Akçakale	38.0897	39.6997	1676	Diyarbakır Province	TR
Mărculești	44.5670	27.5156	1675	Ialomița County	RO
Băile Tuşnad	46.1440	25.8570	1675	Harghita County	RO
Vesele	44.8552	34.8796	1675	Crimea	UA
Bet Yitsẖaq	32.3275	34.8907	1674	Central District	IL
Dorobanțu	44.4104	28.3269	1674	Constanța County	RO
Manglisi	41.6970	44.3845	1673	Kvemo Kartli	GE
Álmosd	47.4187	21.9780	1673	Hajdú-Bihar	HU
Gusinje	42.5619	19.8339	1673	Gusinje Municipality	ME
Utvin	45.7130	21.1301	1672	Timiș County	RO
Kızıklı	39.5022	27.0348	1672	Balıkesir	TR
İmrahor	37.0534	30.2167	1672	Antalya	TR
Teplytsia	45.9864	29.3381	1672	Odesa	UA
Gârdani	47.5513	23.3088	1671	Maramureş	RO
Bătești	44.8483	26.0403	1671	Prahova	RO
Boynuyoğun	37.0680	35.4113	1671	Adana	TR
Leninskoye	45.2537	35.9197	1671	Crimea	UA
Tavrychanka	46.5513	33.8212	1671	Kherson	UA
Ghelari	45.7167	22.7833	1670	Hunedoara County	RO
Dârvari	44.4211	25.8799	1670	Ilfov	RO
Gökçek	38.0122	29.9569	1670	Afyonkarahisar Province	TR
Yunusoğlu	36.8163	35.2778	1669	Adana	TR
Archiş	46.4833	22.0500	1667	Arad County	RO
Pontisméno	41.2088	23.2832	1666	Central Macedonia	GR
Somușca	46.4015	26.9119	1666	Bacău County	RO
Ágios Loukás	40.7180	22.2954	1665	Central Macedonia	GR
Runcu Salvei	47.3438	24.3253	1665	Bistrița-Năsăud County	RO
Gâldău	44.3054	27.6697	1665	Călărași County	RO
Dracea	43.8491	25.0519	1665	Teleorman County	RO
Dhokímion	38.6135	21.3807	1664	West Greece	GR
Grădiștea	44.2106	26.1655	1664	Giurgiu County	RO
Nor Artagers	40.0695	44.0057	1663	Armavir	AM
Shāhīnī	34.9267	46.7883	1663	Kurdistan Province	IR
Āvājīq	39.3321	44.1538	1663	West Azerbaijan	IR
Krasnyi Mak	44.6422	33.7813	1663	Crimea	UA
Vassilies	35.2706	25.1378	1662	Crete	GR
Palotás	47.7953	19.5962	1662	Nógrád	HU
Săsar	47.6441	23.4987	1662	Maramureş	RO
Farkaždin	45.1917	20.4724	1662	Vojvodina	RS
Angelókastro	38.5658	21.2963	1661	West Greece	GR
Săceni	44.2333	25.0667	1661	Teleorman County	RO
Botanicheskoye	45.7866	33.5486	1661	Crimea	UA
Kontokáli	39.6444	19.8519	1660	Ionian Islands	GR
Mecseknádasd	46.2247	18.4708	1660	Baranya	HU
Roşia de Secaş	46.0500	23.8833	1660	Alba County	RO
Karasüleymanlı	36.3419	36.4143	1660	Hatay	TR
Pskhu	43.3931	40.8147	1659	Abkhazia	GE
Baş Göynük	41.3258	47.1136	1658	Shaki	AZ
Sarvaš	45.5272	18.8375	1658	County of Osijek-Baranja	HR
Vlădeni-Deal	47.5225	26.8729	1658	Botoșani County	RO
Braneț	44.3258	24.1779	1658	Olt	RO
Samoš	45.2026	20.7739	1658	Vojvodina	RS
Balıklı	40.4629	27.6258	1658	Balıkesir	TR
Balotaszállás	46.3510	19.5403	1657	Bács-Kiskun	HU
Uzunu	44.1472	25.9672	1657	Giurgiu County	RO
Neuzina	45.3446	20.7142	1657	Vojvodina	RS
Ergátes	35.0536	33.2429	1656	Nicosia	CY
Tilişca	45.8000	23.8500	1656	Sibiu County	RO
Ceuașu de Câmpie	46.6333	24.5167	1656	Mureș County	RO
Ravni Topolovac	45.4608	20.5694	1656	Vojvodina	RS
Baranda	45.0846	20.4426	1656	Vojvodina	RS
Tála	34.8363	32.4310	1655	Pafos	CY
Pérama	35.3703	24.7035	1655	Crete	GR
Boboc	45.1957	26.9814	1655	Buzău County	RO
Sajan	45.8423	20.2782	1655	Vojvodina	RS
Golubac	44.6530	21.6320	1655	Central Serbia	RS
Burgaz	40.8826	29.0650	1655	Istanbul	TR
Qandax	41.4755	46.5413	1654	Zaqatala District	AZ
Prómachoi	41.0252	22.0044	1654	Central Macedonia	GR
Gornja Vrba	45.1553	18.0656	1654	Brod-Posavina	HR
İncesu	38.1647	33.8038	1654	Aksaray	TR
Buzhakan	40.4557	44.5195	1653	Kotayk	AM
Csepel-Háros	47.3948	19.0544	1653	Budapest	HU
Lisa	45.7167	24.8500	1653	Brașov County	RO
Boişoara	45.4333	24.3833	1653	Vâlcea County	RO
Néa Apollonía	40.6256	23.4407	1652	Central Macedonia	GR
Amasia	40.9557	43.7838	1651	Shirak	AM
Kinéta	37.9684	23.2135	1651	Attica	GR
Perieni	47.3847	27.4745	1650	Iași County	RO
Măceşu de Jos	43.8833	23.7167	1650	Dolj	RO
Sağırın	37.0112	31.2314	1650	Antalya	TR
Kalahliia	46.2855	30.3679	1650	Odesa	UA
Mărişel	46.6500	23.1333	1649	Cluj County	RO
Dunăreni	44.2046	27.7906	1649	Constanța County	RO
Căciulați	44.6274	26.1726	1649	Ilfov	RO
Almaşu Mare	46.1101	23.1172	1649	Alba County	RO
Oymaağaç	41.2051	35.4394	1649	Samsun	TR
Āb Bārīkī	33.5241	47.6505	1648	Lorestan Province	IR
Valea Leurzii	45.1619	25.4853	1647	Dâmbovița County	RO
Osoi	47.0948	27.8009	1647	Iași County	RO
Kofçaz	41.9448	27.1583	1647	Kırklareli	TR
Novoselivka	45.6758	29.2651	1647	Odesa	UA
Pocola	46.6833	22.2833	1646	Bihor County	RO
Petreşti	47.6000	22.3667	1646	Satu Mare County	RO
Dereseki	41.1519	29.1290	1646	Istanbul	TR
Amberd	40.2418	44.2713	1645	Armavir	AM
Minyaylivka	46.3782	29.5202	1645	Odesa	UA
Ṣandala	32.5224	35.3239	1644	Northern District	IL
Oncești	47.8481	23.9818	1644	Maramureş	RO
Novodniprovka	47.4115	34.7656	1644	Zaporizhzhia	UA
Burchak	47.3768	35.3093	1644	Zaporizhzhia	UA
Pusztaszer	46.5508	19.9882	1642	Csongrád	HU
Boița	45.6345	24.2604	1642	Sibiu County	RO
Puțuri	44.1384	24.0102	1641	Dolj	RO
Bâscoveni	44.2444	25.3600	1641	Teleorman County	RO
Oyumsöğüt	37.1171	37.2794	1641	Gaziantep	TR
Güzelyalı	40.0416	26.3430	1641	Canakkale	TR
Lyman	45.6733	29.7444	1641	Odesa	UA
Lalaklū	37.0407	45.9182	1640	West Azerbaijan	IR
Șaroș pe Târnave	46.2000	24.5500	1640	Sibiu County	RO
Gurbăneşti	44.3833	26.7000	1640	Călărași County	RO
Rybakivka	46.6233	31.3647	1640	Mykolaiv	UA
Novoselivka	47.6477	29.6137	1640	Odesa	UA
Kalinino	45.7426	33.7768	1640	Crimea	UA
Askyaran	39.9391	46.8316	1639	Khojaly	AZ
Cannole	40.1659	18.3646	1639	Apulia	IT
Neagra Șarului	47.2391	25.3292	1639	Suceava	RO
Tankovoye	44.6583	33.8093	1639	Crimea	UA
Izvoru Crişului	46.8333	23.1000	1638	Cluj County	RO
Bordenii Mari	45.0895	25.8696	1638	Prahova	RO
Magjatë	40.7917	19.9289	1637	Berat County	AL
Samuxlu	40.5078	47.1697	1637	Barda	AZ
Kaharlyk	46.6004	30.1963	1637	Odesa	UA
Međa	45.5382	20.8068	1636	Vojvodina	RS
Yiẕhar	32.1674	35.2388	1635	West Bank	PS
Viişoara	46.2833	24.6000	1635	Mureș County	RO
Surdila-Greci	45.0667	27.2667	1635	Brăila County	RO
Meydankapı	36.7828	39.1583	1635	Şanlıurfa	TR
Holma	47.9289	29.8492	1635	Odesa	UA
Katoúna	38.7855	21.1142	1634	West Greece	GR
Vođinci	45.2756	18.6097	1634	Vukovar-Srijem	HR
Poiana Ilvei	47.3575	24.7410	1634	Bistrița-Năsăud County	RO
Doğanyurt	42.0046	33.4603	1634	Kastamonu	TR
Starosillya	46.3313	29.4693	1634	Odesa	UA
Araks	40.0973	43.9557	1633	Armavir	AM
Pirava	41.3204	22.5305	1633	Valandovo	MK
Căprioru	44.9824	25.2812	1633	Dâmbovița County	RO
Miske	46.4464	19.0331	1632	Bács-Kiskun	HU
Mihai Bravu	44.7847	27.7214	1632	Brăila County	RO
Ungureni	47.5463	23.9524	1631	Maramureş	RO
Myrne	47.4262	37.7344	1631	Donetsk	UA
Téglagyárdűlő	47.4817	19.1682	1630	Budapest	HU
Fibiș	45.9728	21.4235	1630	Timiș County	RO
Roksolany	46.1761	30.4568	1630	Odesa	UA
Kalávryta	38.0322	22.1125	1629	West Greece	GR
Sacu	45.5667	22.1167	1629	Caraș-Severin County	RO
Hălmăgel	46.2667	22.6167	1629	Arad County	RO
Giurgeni	44.7440	27.8550	1629	Ialomița County	RO
Vynohradivka	46.0803	29.1203	1629	Odesa	UA
Lotskyne	47.2053	32.3914	1629	Mykolaiv	UA
Lapardha Dy	40.7625	19.9614	1628	Berat County	AL
Patitírion	39.1466	23.8649	1628	Thessaly	GR
Goúrnes	35.3263	25.2774	1628	Crete	GR
Fărăgău	46.7667	24.5167	1628	Mureș County	RO
Chendu	46.3923	24.7291	1628	Mureș County	RO
Zavetnoye	45.3270	34.8084	1628	Crimea	UA
Lilieci	46.6286	26.8718	1627	Bacău County	RO
Gârlenii de Sus	46.6541	26.7949	1626	Bacău County	RO
Binpınar	39.3622	42.0486	1626	Erzurum	TR
Tardos	47.6619	18.4442	1625	Komárom-Esztergom	HU
Sticlăria	47.4012	26.8380	1625	Iași County	RO
Kabasakal	37.0576	35.2264	1625	Adana	TR
Kholodnaia-Rech’ka	43.3586	40.1517	1624	Abkhazia	GE
Bāqat al Ḩaţab	32.2043	35.1143	1624	West Bank	PS
Uda	47.3364	26.5717	1624	Iași County	RO
Negrești	47.0294	26.3796	1624	Neamț County	RO
Hamcearca	45.1167	28.3667	1624	Tulcea County	RO
Ciuperceni	44.3175	25.3787	1624	Teleorman County	RO
Yuxarı Aran	39.7336	47.6550	1623	Beyləqan	AZ
Klírou	35.0200	33.1781	1623	Nicosia	CY
Dulovce	47.8691	18.2728	1623	Nitra Region	SK
Şerefler	36.7511	28.8319	1623	Muğla	TR
Troiandove	46.8937	30.8575	1623	Odesa	UA
Conțești	47.3096	26.6561	1622	Iași County	RO
Boian	46.2016	24.2286	1622	Sibiu County	RO
Akçatekir	37.3805	34.8081	1622	Adana	TR
İncehıdır	38.0225	39.6361	1622	Diyarbakır Province	TR
Vima Mică	47.4000	23.7167	1621	Maramureş	RO
Topolița	47.1679	26.3834	1621	Neamț County	RO
Boboiești	47.2537	26.0375	1621	Neamț County	RO
Güneşli	38.1451	33.5025	1621	Aksaray	TR
Aygedzor	40.8312	45.5448	1620	Tavush	AM
Slăveni	44.0856	24.5284	1620	Olt	RO
Rogoz	47.4675	23.9321	1620	Maramureş	RO
Gura Padinii	43.7570	24.3162	1620	Olt	RO
Dobrușa	44.6264	24.2078	1620	Vâlcea County	RO
Șerboeni	44.6382	24.8936	1619	Arges	RO
Berzasca	44.6471	21.9543	1619	Caraș-Severin County	RO
Kaklıç	38.5088	26.9881	1618	İzmir Province	TR
Sevinçli	38.3500	34.1333	1618	Aksaray	TR
Filótion	37.0517	25.4983	1617	South Aegean	GR
Budajenő	47.5569	18.8021	1617	Pest County	HU
Rendessytelep	47.4528	19.1660	1617	Budapest	HU
Yagur	32.7426	35.0779	1617	Haifa	IL
Özbek	38.3649	26.7045	1617	İzmir Province	TR
Seyitler	41.1956	41.8380	1617	Artvin	TR
Hasancalı	36.8855	36.8162	1616	Kilis	TR
Nagyfüged	47.6833	20.1167	1615	Heves County	HU
Metula	33.2793	35.5787	1615	Northern District	IL
Poiana	44.6517	23.5315	1615	Gorj County	RO
Botiieve	46.6821	35.8379	1615	Zaporizhzhia	UA
Gyulagarak	40.9653	44.4713	1614	Lori	AM
Gesher HaZiv	33.0399	35.1119	1614	Northern District	IL
Sīlvānā	37.4222	44.8532	1614	West Azerbaijan	IR
Şincai	46.6500	24.3833	1614	Mureș County	RO
Frunzi	46.9000	24.3333	1614	Bistrița-Năsăud County	RO
Aghdzk	40.3139	44.2557	1613	Aragatsotn	AM
Gura Văii	44.6673	22.5565	1613	Mehedinți County	RO
Grebenişu de Câmpie	46.6000	24.3000	1613	Mureș County	RO
Ruskoivanivka	46.3693	29.7658	1613	Odesa	UA
Bardalah	32.3863	35.4808	1612	West Bank	PS
Lișteava	43.8342	23.9202	1612	Dolj	RO
Făget	46.5889	26.0535	1612	Bacău County	RO
Bălteni	46.6667	27.6167	1612	Vaslui County	RO
Prymors’ke	45.5176	29.6053	1612	Odesa	UA
Smulţi	45.9333	27.7500	1611	Galați County	RO
Karakollar	37.6158	28.0383	1611	Aydın	TR
Gundinci	45.1583	18.4914	1610	Brod-Posavina	HR
Ászár	47.5117	18.0015	1610	Komárom-Esztergom	HU
Strudà	40.3199	18.2818	1610	Apulia	IT
Satu Nou	47.3215	27.0955	1610	Iași County	RO
Sărățeni	46.5625	25.0133	1610	Mureș County	RO
Ch’lou	42.8833	41.4948	1609	Abkhazia	GE
Delvináki	39.9341	20.4646	1609	Epirus	GR
Bacea	44.3982	24.6376	1609	Olt	RO
Yarışlı	38.5475	30.6461	1609	Afyonkarahisar Province	TR
Lunga	46.0182	26.2121	1608	Covasna County	RO
Svetloye	45.6332	34.6626	1608	Crimea	UA
Karacaören	38.1288	34.0627	1607	Aksaray	TR
Nor Kyank	40.6583	43.9319	1606	Shirak	AM
Spiru Haret	44.8672	27.7446	1606	Brăila County	RO
Nou	45.8290	24.2815	1606	Sibiu County	RO
Aţintiş	46.4333	24.1000	1606	Mureș County	RO
Yeniçağlar	38.1487	41.2374	1606	Batman	TR
L’govskoye	45.0980	34.9577	1605	Crimea	UA
Shipka	42.7117	25.3353	1604	Stara Zagora	BG
Yāsūf	32.1084	35.2378	1604	West Bank	PS
Borosoaia	47.4630	27.0986	1604	Iași County	RO
Ein Sarid	32.2741	34.9341	1603	Central District	IL
Drăgoiești	47.5500	26.0833	1603	Suceava	RO
Kremenchug-Konstantinovskoye	43.7936	43.6475	1603	Kabardino-Balkariya Republic	RU
Kotlyareve	46.8859	32.2195	1602	Mykolaiv	UA
Dracșani	47.6294	26.9303	1601	Botoșani County	RO
Mahmutköy	38.4977	30.5433	1601	Afyonkarahisar Province	TR
Arevik	40.7417	43.9043	1600	Shirak	AM
Garaaghajli	40.9397	46.3789	1600	Samux	AZ
Dordunju Zobujug	39.5701	47.4019	1600	Fuzuli District	AZ
Bucovăţ	47.1906	28.4580	1600	Strășeni	MD
Iapa	47.9251	23.8254	1600	Maramureş	RO
Beznea	46.9597	22.6195	1600	Bihor County	RO
Abissinka	45.3752	36.4748	1600	Crimea	UA
Turnu Ruieni	45.3907	22.3356	1599	Caraș-Severin County	RO
Pietrarii de Sus	45.1170	24.0934	1599	Vâlcea County	RO
Atalar	36.8500	34.8500	1599	Mersin	TR
Marmashen	40.8349	43.7779	1598	Shirak	AM
Comanca	44.0779	24.3586	1598	Olt	RO
Lernavan	40.7882	44.1602	1597	Lori	AM
Bajót	47.7278	18.5559	1597	Komárom-Esztergom	HU
Pădureni	44.3458	25.8047	1597	Giurgiu County	RO
Gheboieni	44.9870	25.3067	1597	Dâmbovița County	RO
Tabachnoye	44.9017	33.6764	1597	Crimea	UA
Racovița	44.9708	24.9758	1596	Arges	RO
Néa Pélla	40.7652	22.4917	1595	Central Macedonia	GR
Néa Flogitá	40.2611	23.2211	1595	Central Macedonia	GR
Ūşarīn	32.1250	35.3100	1595	West Bank	PS
Nemțișor	47.2396	26.2721	1595	Neamț County	RO
Potoceni	45.1966	26.7765	1594	Buzău County	RO
Leonárisso	35.4689	34.1389	1593	Ammochostos	CY
Terpní	40.9164	23.4814	1593	Central Macedonia	GR
Kfar Hess	32.2471	34.9356	1593	Central District	IL
Kalajāh	37.9330	46.0870	1593	East Azerbaijan	IR
Aygek	40.1889	44.3861	1592	Armavir	AM
Mirkah	32.3958	35.2381	1592	West Bank	PS
Hodoșa	46.8656	25.4462	1592	Harghita County	RO
Ureki	41.9956	41.7786	1591	Guria	GE
Aghios Panteleímon	38.1164	23.9818	1591	Attica	GR
Tretiy Mikrorayon	47.5758	35.3616	1591	Zaporizhzhia	UA
Foktő	46.5275	18.9193	1590	Bács-Kiskun	HU
Plopeni	45.0655	25.9811	1590	Prahova	RO
Akalan	37.3722	29.3539	1590	Denizli	TR
Çobansığnaq	40.7524	45.7064	1589	Tovuz District	AZ
Sarafinești	47.6171	26.6074	1589	Botoșani County	RO
Semigorskiy	44.8836	37.6064	1589	Krasnodar Krai	RU
Nshavan	40.0279	44.5256	1588	Ararat	AM
Thrapsanón	35.1880	25.2809	1588	Crete	GR
Horia	45.0167	28.4500	1588	Tulcea County	RO
Bălănești	44.2497	24.4822	1588	Olt	RO
Anieș	47.4135	24.7685	1588	Bistrița-Năsăud County	RO
Rădeni	47.1426	26.5370	1587	Neamț County	RO
Brezoaele	44.5833	25.7333	1587	Dâmbovița County	RO
Vladychen	45.5637	28.6076	1587	Odesa	UA
Beba Veche	46.1333	20.3167	1586	Timiș County	RO
Băseşti	47.4833	23.1500	1586	Maramureş	RO
Leblebitaşı	37.6271	39.9795	1586	Diyarbakır Province	TR
Asuaju de Sus	47.5667	23.1833	1585	Maramureş	RO
Velika Ivanča	44.4264	20.5803	1585	Central Serbia	RS
Velika Greda	45.2438	21.0350	1585	Vojvodina	RS
Öncül	36.7122	39.0292	1585	Şanlıurfa	TR
Çukuroba	36.7644	37.1425	1585	Kilis	TR
Makrísia	37.6096	21.6051	1584	West Greece	GR
Progresu	44.3589	26.4611	1584	Călărași County	RO
Sanad	45.9760	20.1082	1584	Vojvodina	RS
Vrbanja	44.9814	18.9272	1583	Vukovar-Srijem	HR
Verbiţa	44.3000	23.1667	1583	Dolj	RO
Coltău	47.5984	23.5246	1583	Maramureş	RO
Semisotka	45.2468	35.5650	1583	Crimea	UA
Kozatska Sloboda	47.1187	33.8565	1583	Kherson	UA
Néa Sánta	40.8408	22.9216	1582	Central Macedonia	GR
Surano	40.0282	18.3459	1582	Apulia	IT
Raciu	44.8179	25.4411	1581	Dâmbovița County	RO
Monor	46.9667	24.7000	1581	Bistrița-Năsăud County	RO
Čestereg	45.5636	20.5319	1581	Vojvodina	RS
Yaylı	37.2023	40.7542	1581	Mardin	TR
Kesmetepe	37.5459	37.8421	1581	Adıyaman Province	TR
Kasaba	36.3113	29.7338	1581	Antalya	TR
Nasypne	45.0528	35.2942	1581	Crimea	UA
Karellás	37.9344	23.8648	1579	Attica	GR
Bojane	42.0001	21.1927	1579	Grad Skopje	MK
Ribiţa	46.1833	22.7667	1579	Hunedoara County	RO
Cuvin	46.1700	21.5936	1579	Arad County	RO
Corbu	46.9833	25.7000	1579	Harghita County	RO
Apa Asău	46.4968	26.3737	1579	Bacău County	RO
Korenica	45.2247	18.1656	1578	Brod-Posavina	HR
Újszentiván	46.1860	20.1845	1578	Csongrád	HU
Poienarii Apostoli	44.7720	26.0539	1577	Prahova	RO
Aşağıkaraman	36.9118	30.5735	1577	Antalya	TR
Raikhenfeld	47.1655	35.3147	1577	Zaporizhzhia	UA
Şenocak	37.6504	40.6944	1576	Mardin	TR
Budakovo	42.3550	20.9250	1576	Prizren	XK
Kavallári	40.7154	23.0459	1575	Central Macedonia	GR
‘Az̄āb	38.4630	44.9613	1575	West Azerbaijan	IR
Viișoara	44.0776	28.1942	1575	Constanța County	RO
Loloiasca	44.9681	26.2914	1575	Prahova	RO
Tahtaköprü	39.9500	29.6500	1575	Bursa Province	TR
Leshan	42.3278	20.7811	1575	Prizren	XK
Novo Selo	44.1621	22.7838	1574	Vidin	BG
Zygós	41.0132	24.3813	1574	East Macedonia and Thrace	GR
Mykhaylivka	47.1369	31.6252	1574	Mykolaiv	UA
Radisne	47.0002	30.3393	1574	Odesa	UA
Kryva Balka	46.1908	29.8943	1574	Odesa	UA
Spandaryan	40.6611	44.0155	1573	Shirak	AM
Șisești	47.6351	23.7079	1573	Maramureş	RO
Gherța Mare	47.9688	23.2085	1573	Satu Mare County	RO
Bogdăniţa	46.4500	27.6833	1573	Vaslui County	RO
Düzova	37.3541	42.0884	1573	Şırnak	TR
Yeghegnavan	39.8389	44.6195	1572	Ararat	AM
Mitrópoli	39.3393	21.8375	1572	Thessaly	GR
Mavrothálassa	40.8943	23.7505	1572	Central Macedonia	GR
Dodești	46.3546	27.8931	1572	Vaslui County	RO
Gegë	40.8369	19.9261	1571	Berat County	AL
Chrysó	41.0581	23.6511	1571	Central Macedonia	GR
Tsiflikópoulo	39.6562	20.8388	1571	Epirus	GR
Cerdac	46.2379	26.5164	1571	Bacău County	RO
Beregsău Mare	45.7592	21.0267	1571	Timiș County	RO
Kılbasan	37.3249	33.1863	1571	Karaman	TR
Kaynakkaya	37.3398	40.9317	1571	Mardin	TR
Gjinoc	42.3183	20.8186	1571	Prizren	XK
Cerfignano	40.0611	18.4429	1570	Apulia	IT
Dealu Mare	45.1607	25.4487	1570	Dâmbovița County	RO
Frumușeni	46.1025	21.4617	1570	Arad County	RO
Çınarlık	41.2414	36.5503	1570	Samsun	TR
Seleuș	46.2426	24.6943	1569	Mureș County	RO
Kodër-Vorë	41.3831	19.6603	1568	Tirana	AL
An Naşşārīyah	32.2365	35.3871	1568	West Bank	PS
Veza	46.1675	23.9247	1568	Alba County	RO
Slobidka	46.7357	36.8094	1568	Zaporizhzhia	UA
Niţchidorf	45.5833	21.5333	1567	Timiș County	RO
Merișani	44.2519	24.8755	1567	Teleorman County	RO
Kızılca	37.4869	29.1396	1567	Denizli	TR
Thymianá	38.3144	26.1326	1566	North Aegean	GR
Magoúla	37.0801	22.4047	1566	Peloponnese	GR
Poiana Codrului	47.6267	23.2506	1566	Satu Mare County	RO
Pădureni	45.6004	21.2177	1566	Timiș County	RO
Budacu de Sus	47.0612	24.6575	1565	Bistrița-Năsăud County	RO
Yıprak	38.3328	30.4633	1565	Afyonkarahisar Province	TR
Syrove	47.8955	30.4569	1565	Mykolaiv	UA
Meore Bighazhiashta	42.9144	41.1317	1564	Abkhazia	GE
Megalochóri	39.5598	21.8420	1564	Thessaly	GR
Ladánybene	47.0342	19.4561	1564	Bács-Kiskun	HU
Karacaahmet	39.0303	30.3469	1564	Afyonkarahisar Province	TR
Belkıs	36.9248	31.1458	1564	Antalya	TR
Stavráki	39.6561	20.8181	1563	Epirus	GR
Arbaţān	38.4838	45.7172	1563	East Azerbaijan	IR
Strelci	41.5405	21.0056	1563	Kichevo	MK
Stăncești	45.1266	26.9232	1563	Buzău County	RO
Potelu	43.7658	24.2053	1563	Olt	RO
Necşeşti	44.2500	25.1500	1562	Teleorman County	RO
Băișești	47.4802	26.1111	1562	Suceava	RO
Sevastianá	40.7687	22.1235	1561	Central Macedonia	GR
Grindu	45.4000	28.2167	1561	Tulcea County	RO
Kyperoúnta	34.9382	32.9755	1560	Limassol	CY
Sourotí	40.4727	23.0920	1560	Central Macedonia	GR
Néa Iraklítsa	40.8644	24.3165	1560	East Macedonia and Thrace	GR
Porumbești	47.9830	22.9808	1560	Satu Mare County	RO
Ivanove	46.6769	30.8848	1560	Odesa	UA
Néa Potídhaia	40.1943	23.3287	1559	Central Macedonia	GR
Ucrainca	46.4323	29.2755	1559	Căuşeni	MD
Săruleşti	45.5000	26.7500	1559	Buzău County	RO
Oancea	45.9167	28.1000	1559	Galați County	RO
Poiana	46.6982	27.0176	1558	Bacău County	RO
Cuza Vodă	44.9251	27.7327	1558	Brăila County	RO
Yuvileyne	46.4874	33.2151	1558	Kherson	UA
Masis	39.9977	44.4935	1557	Ararat	AM
Orjonikidze	39.6357	47.7120	1557	Beyləqan	AZ
Tūrchī	36.9833	46.2000	1556	West Azerbaijan	IR
Roșia Montană	46.3067	23.1337	1556	Alba County	RO
Şölen	38.2840	39.8962	1556	Diyarbakır Province	TR
Plopu	45.1485	27.5139	1555	Brăila County	RO
Shershentsi	47.9882	29.0088	1555	Odesa	UA
Owghān	37.9050	47.4952	1554	East Azerbaijan	IR
Palmariggi	40.1310	18.3786	1554	Apulia	IT
Novi Itebej	45.5592	20.7003	1553	Vojvodina	RS
Stepantsminda	42.6569	44.6431	1552	Mtskheta-Mtianeti	GE
Koryfí	40.6029	22.5068	1552	Central Macedonia	GR
Štitar	45.0956	18.6403	1552	Vukovar-Srijem	HR
Crușovu	43.9247	24.4149	1552	Olt	RO
Corlăţel	44.3986	22.9331	1552	Mehedinți County	RO
Kenkhi	42.6405	45.9493	1552	Chechnya	RU
Vultureni	46.9667	23.5667	1551	Cluj County	RO
Terebeşti	47.6833	22.7167	1551	Satu Mare County	RO
Frumușelu	46.2780	27.3520	1551	Bacău County	RO
Cazaci	44.8015	25.5541	1551	Dâmbovița County	RO
Dolinnoye	44.7532	33.7777	1551	Crimea	UA
Chisindia	46.2833	22.1000	1550	Arad County	RO
Margita	45.2160	21.1753	1550	Vojvodina	RS
Okhotnikovo	45.2398	33.5941	1550	Crimea	UA
Kozatske	46.3488	30.0452	1550	Odesa	UA
Varna	44.6791	19.6515	1549	Central Serbia	RS
Jarebice	44.5399	19.4242	1549	Central Serbia	RS
Göçbeyli	39.2233	27.4039	1549	İzmir Province	TR
Stepove	46.7039	30.0792	1549	Odesa	UA
Qafëmal	42.0933	20.0906	1548	Shkodër County	AL
Cerchezu	43.8167	28.1000	1548	Constanța County	RO
Myrne	45.5800	29.4607	1548	Odesa	UA
Vadu Sorești	45.3150	26.8775	1547	Buzău County	RO
Milaş	46.8167	24.4333	1546	Bistrița-Năsăud County	RO
Câmpurelu	44.2339	26.1872	1546	Giurgiu County	RO
Malen’koye	45.0759	33.9994	1546	Crimea	UA
Tsikalariá	35.4762	24.0627	1545	Crete	GR
Dragu	47.0167	23.4000	1545	Sălaj County	RO
Kisač	45.3542	19.7297	1545	Vojvodina	RS
Budzhak	46.3024	29.2397	1545	Odesa	UA
Homokmégy	46.4900	19.0731	1544	Bács-Kiskun	HU
Boiu	46.2663	24.8728	1544	Mureș County	RO
Antonovo	43.1502	26.1603	1543	Targovishte	BG
Pérdika	39.3697	20.3042	1543	Epirus	GR
Néa Poteídaia	40.1941	23.3283	1543	Central Macedonia	GR
Günyazı	37.2902	44.5982	1543	Hakkâri	TR
Borlova	45.3674	22.3520	1542	Caraș-Severin County	RO
Getapnya	40.1381	44.4280	1541	Ararat	AM
Radenka	44.5834	21.7647	1541	Central Serbia	RS
Gornja Bukovica	44.3423	19.7865	1541	Central Serbia	RS
Krastë	41.4228	20.2050	1540	Dibër County	AL
Aetós	37.2454	21.8326	1540	Peloponnese	GR
Smârdan	43.9338	22.9659	1540	Dolj	RO
Sarahart	40.8704	44.2141	1538	Lori	AM
Salaš Crnobarski	44.8284	19.3944	1538	Central Serbia	RS
Nerkin Bazmaberd	40.3389	44.0139	1537	Aragatsotn	AM
Kaolinovo	43.6167	27.1167	1537	Shumen	BG
Kunadacs	46.9557	19.2892	1537	Bács-Kiskun	HU
Zminjak	44.7571	19.4707	1536	Central Serbia	RS
Boynuyoğun	36.1694	36.3425	1536	Hatay	TR
Kýria	41.0990	24.2891	1535	East Macedonia and Thrace	GR
Küçükkendirci	36.9058	38.3461	1535	Şanlıurfa	TR
Shturmove	44.5677	33.6225	1535	Sevastopol City	UA
Kamyanyy Mist	47.9079	30.7889	1535	Mykolaiv	UA
Kálo Chorió	34.9285	33.5362	1534	Larnaka	CY
Pappádos	39.0391	26.4560	1534	North Aegean	GR
Ilıdağ	37.9428	28.0419	1534	Aydın	TR
Verkhnia Krynytsia	47.4829	35.2824	1534	Zaporizhzhia	UA
Mesiméri	40.4134	23.0075	1533	Central Macedonia	GR
Srbica	41.5867	21.0303	1533	Kichevo	MK
Căiuți	46.1806	26.9257	1533	Bacău County	RO
Boghiș	47.1551	22.7388	1533	Sălaj County	RO
Baraboi	46.2877	30.5137	1533	Odesa	UA
Brehuiești	47.7019	26.5447	1532	Botoșani County	RO
Işıklı	36.3851	33.3667	1532	Mersin	TR
Stantsiyne	47.6861	32.5726	1532	Mykolaiv	UA
Domokós	39.1272	22.3003	1531	Central Greece	GR
Nereju Mic	45.7062	26.6964	1531	Vrancea	RO
Bârna	45.7167	22.0500	1531	Timiș County	RO
Skópelos	39.0292	26.4484	1530	North Aegean	GR
Valea Seacă	47.1394	26.2996	1530	Neamț County	RO
Negrilești	45.9573	27.4809	1530	Galați County	RO
Bădești	45.1716	24.8606	1530	Arges	RO
Aşağı Kocayatak	36.9099	30.9588	1530	Antalya	TR
Antikyra	38.3833	22.6333	1529	Central Greece	GR
Stavrós	40.5894	22.3086	1529	Central Macedonia	GR
Beuca	44.2520	24.9664	1529	Teleorman County	RO
Mazmanlı	36.6639	36.5254	1529	Hatay	TR
Buzke	47.4299	31.9981	1529	Mykolaiv	UA
Gra Liyiá	35.0147	25.6913	1528	Crete	GR
An Nāqūrah	32.2651	35.2013	1528	West Bank	PS
Zaliznyy Port	46.1234	32.2989	1528	Kherson	UA
Nowjeh Deh-e Sādāt	37.9106	46.9637	1527	East Azerbaijan	IR
Menchykury	47.0731	34.8034	1527	Zaporizhzhia	UA
Angelochóri	40.6786	22.1993	1526	Central Macedonia	GR
Odaia Manolache	45.5490	27.9906	1526	Galați County	RO
Kuyulu	37.5063	38.2253	1526	Adıyaman Province	TR
Sonyachna Dolyna	44.8719	35.1062	1526	Crimea	UA
Crăciunești	47.9555	23.9827	1525	Maramureş	RO
Brateş	45.8333	26.0667	1525	Covasna County	RO
Slava Rusă	44.8503	28.6056	1524	Tulcea County	RO
Paravakar	40.9825	45.3670	1523	Tavush	AM
Vadu Moţilor	46.4000	22.9667	1523	Alba County	RO
Novostepnoye	45.6621	34.3870	1523	Crimea	UA
Răscruci	46.9057	23.7686	1522	Cluj County	RO
Agârbiciu	46.0676	24.1939	1522	Sibiu County	RO
Işıklar	40.1492	26.4966	1522	Canakkale	TR
Neaua	46.4833	24.8333	1521	Mureș County	RO
Tsarítsani	39.8812	22.2276	1519	Thessaly	GR
Ipotești	44.3253	24.4009	1519	Olt	RO
Hajdučica	45.2501	20.9602	1519	Vojvodina	RS
Çayköy	36.3417	29.3875	1519	Antalya	TR
Alabaş	37.7689	40.0896	1519	Diyarbakır Province	TR
Pobrat	40.7671	19.7861	1518	Berat County	AL
Akhali Atoni	43.0843	40.8185	1518	Abkhazia	GE
Pogonele	45.0864	26.8645	1518	Buzău County	RO
Sayören	37.4879	38.1510	1518	Adıyaman Province	TR
Troyitske	47.3349	31.7380	1518	Mykolaiv	UA
Zar	40.2585	44.7333	1517	Kotayk	AM
Bijelo Brdo	45.5172	18.8708	1517	County of Osijek-Baranja	HR
Petreu	47.3374	22.2961	1517	Bihor County	RO
Yeşilyayla	37.2527	30.2315	1517	Antalya	TR
Anadolukavağı	41.1742	29.0891	1517	Istanbul	TR
Satkhe	41.2871	43.6566	1516	Samtskhe-Javakheti	GE
Agudzera	42.9204	41.0995	1516	Abkhazia	GE
Moldoveni	44.7142	26.5188	1516	Ialomița County	RO
Cristolţ	47.2000	23.4333	1516	Sălaj County	RO
Blăjeni	46.2333	22.9000	1516	Hunedoara County	RO
Rassvet	44.8944	37.4574	1516	Krasnodar Krai	RU
Mykolayivka	45.9071	30.2222	1516	Odesa	UA
Doghs	40.2223	44.2723	1515	Armavir	AM
Puieștii de Jos	45.4027	27.2201	1515	Buzău County	RO
Gardinovci	45.2036	20.1356	1515	Vojvodina	RS
Merenii Noi	46.9259	29.0624	1514	Anenii Noi	MD
Stari Bar	42.0970	19.1360	1514	Bar	ME
Coșani	45.0079	24.1919	1514	Vâlcea County	RO
Urzica	43.8567	24.2895	1514	Olt	RO
Yeşilhisar	38.6744	29.9406	1514	Afyonkarahisar Province	TR
Zovreti	42.1861	43.0413	1513	Imereti	GE
Aravissós	40.8435	22.3018	1513	Central Macedonia	GR
Văleni	47.7856	24.0162	1513	Maramureş	RO
Gura Suhașului	45.0880	24.2989	1513	Vâlcea County	RO
Bucșoaia	47.5397	25.8112	1513	Suceava	RO
Isayeve	47.4754	30.5015	1513	Odesa	UA
Ein Vered	32.2667	34.9333	1512	Central District	IL
Māzhīn	32.9555	47.7893	1512	Ilam Province	IR
Valea Măcrișului	44.7438	26.8301	1512	Ialomița County	RO
Oar	47.8057	22.7309	1512	Satu Mare County	RO
Nimigea de Jos	47.2536	24.3008	1512	Bistrița-Năsăud County	RO
Moțăieni	45.1000	25.4167	1512	Dâmbovița County	RO
Mineri	45.1647	28.7157	1512	Tulcea County	RO
Afiqim	32.6806	35.5772	1511	Northern District	IL
Beclean	45.8312	24.9218	1511	Brașov County	RO
Rind	39.7611	45.1779	1510	Vayots Dzor	AM
Khiliomódhi	37.8102	22.8697	1510	Peloponnese	GR
Krymka	45.7045	34.1878	1510	Crimea	UA
Nasaguri	41.7128	44.9943	1509	Tbilisi	GE
Bátmonostor	46.1022	18.9285	1509	Bács-Kiskun	HU
Poiana	47.6015	26.6083	1509	Botoșani County	RO
Lok	45.2158	20.2122	1509	Vojvodina	RS
Fenerköy	41.1512	28.2358	1509	Istanbul	TR
Akgedik	36.6910	33.2573	1509	Mersin	TR
Akgedik	36.9581	34.9089	1509	Mersin	TR
Zănoaga	44.1551	24.0983	1508	Dolj	RO
Războieni-Cetate	46.4134	23.8716	1508	Alba County	RO
Greci	44.5500	23.1167	1508	Mehedinți County	RO
Adjudu Vechi	46.1349	27.1889	1508	Vrancea	RO
İnli	38.5158	30.7894	1508	Afyonkarahisar Province	TR
Vârtoapele de Sus	44.1918	25.2003	1507	Teleorman County	RO
Mustafabeyli	37.0794	36.0723	1507	Adana	TR
Gyundyukoru	37.1421	40.5015	1507	Mardin	TR
Payamlı	38.1009	26.9471	1507	İzmir Province	TR
Lidzava	43.1781	40.3616	1506	Abkhazia	GE
Kincsesbánya	47.2644	18.2779	1506	Fejér	HU
Unirea	45.7402	27.1074	1506	Vrancea	RO
Secui	44.1919	23.8632	1506	Dolj	RO
Păușești	47.1581	27.3259	1506	Iași County	RO
Holbav	45.6592	25.3874	1506	Brașov County	RO
Ciurila	46.6500	23.5500	1506	Cluj County	RO
Apoldu de Jos	45.8667	23.8500	1506	Sibiu County	RO
Turgutlu	37.5122	35.8011	1506	Adana	TR
Holytsya	45.7488	28.9861	1506	Odesa	UA
Aghaiani	41.9144	44.5432	1505	Shida Kartli	GE
Ágios Pétros	40.8672	22.5830	1505	Central Macedonia	GR
Merenii de Sus	44.2284	25.6210	1505	Teleorman County	RO
Trudove	45.6187	29.3980	1505	Odesa	UA
Rivne	46.0175	29.1398	1505	Odesa	UA
Tel ‘Adashim	32.6566	35.3023	1504	Northern District	IL
Ciumbrud	46.3081	23.7622	1504	Alba County	RO
Suho Polje	44.6910	19.1099	1503	Srpska	BA
Depressa	39.9591	18.3617	1503	Apulia	IT
Barați	46.5757	26.8712	1503	Bacău County	RO
Kfar Syrkin	32.0780	34.9226	1502	Central District	IL
Ozgoleh	34.8324	45.8433	1502	Kermanshah Province	IR
Urleasca	45.1370	27.6474	1502	Brăila County	RO
Dobreţu	44.5000	23.9500	1502	Olt	RO
Arapi	40.7828	43.8058	1501	Shirak	AM
Gorna Malina	42.6833	23.7000	1501	Sofia	BG
Naruja	41.9069	41.9542	1501	Guria	GE
Ilba	47.7128	23.3576	1501	Maramureş	RO
Buriaș	44.7330	25.9805	1501	Ilfov	RO
Argeșelu	44.9274	24.8712	1501	Arges	RO
Yanışlı	36.1638	33.4997	1501	Mersin	TR
Novoyelizavetivka	47.1538	30.3999	1501	Odesa	UA
Birinji Zobujug	39.5627	47.4083	1500	Fuzuli District	AZ
Tsikhisdziri	41.7666	41.7552	1500	Adjara	GE
Acsa	47.7942	19.3880	1500	Pest County	HU
Hawe Ben Alean	35.2713	43.3783	1500	Salah ad Din	IQ
Bhamdoun	33.7950	35.6511	1500	Mount Lebanon	LB
Maiac	47.2373	29.3850	1500	Transnistria	MD
An Nazlah ash Sharqīyah	32.4107	35.1092	1500	West Bank	PS
Nucet	46.4873	22.5585	1500	Bihor County	RO
Artek	44.5544	34.3050	1500	Crimea	UA
Lumbardhi	42.5467	20.3467	1500	Gjakova	XK
Lluka e Eperme	42.5450	20.3078	1500	Gjakova	XK
Varser	40.5555	44.9083	1499	Gegharkunik	AM
Scurtești	45.2376	25.9026	1499	Prahova	RO
Coțofenii din Față	44.4597	23.6569	1499	Dolj	RO
Politiká	38.5967	23.5446	1498	Central Greece	GR
Rotunda	47.0221	26.9627	1498	Neamț County	RO
Andriyivka	44.8166	33.5631	1498	Sevastopol City	UA
Românești	47.7314	27.2403	1497	Botoșani County	RO
Lunca	45.0049	27.2133	1497	Buzău County	RO
Biloiarivka	47.7961	38.6025	1497	Donetsk	UA
Valea Grecului	46.7199	28.1012	1496	Vaslui County	RO
Susenii Bârgăului	47.2231	24.7073	1496	Bistrița-Năsăud County	RO
Vathý	37.7642	23.4801	1495	Attica	GR
Makrýgialos	40.4155	22.6039	1495	Central Macedonia	GR
Kammana	32.9134	35.3494	1495	Northern District	IL
Totoești	47.2511	27.2888	1495	Iași County	RO
Sebyne	47.1990	31.8592	1495	Mykolaiv	UA
Haykavan	40.0889	44.0389	1494	Armavir	AM
Aktaío	38.3044	21.7944	1494	West Greece	GR
Plužine	43.1521	18.8390	1494	Opština Plužine	ME
Pociovaliștea	45.1531	23.6439	1494	Gorj County	RO
Frecăţei	44.9000	28.1167	1494	Brăila County	RO
Vynohradne	44.4816	34.1242	1494	Crimea	UA
Erími	34.6777	32.9181	1493	Limassol	CY
Vărşag	46.5167	25.3500	1493	Harghita County	RO
Zelenohirske	47.8779	30.0984	1493	Odesa	UA
Nadrichne	46.3703	29.1061	1493	Odesa	UA
Găgești	45.8560	27.0554	1492	Vrancea	RO
Oymapınar	36.8729	31.5243	1492	Antalya	TR
Emişbeleni	36.6184	31.8763	1492	Antalya	TR
Aygepat	39.9556	44.5918	1491	Ararat	AM
Livezile	46.3500	23.6333	1491	Alba County	RO
Yüreğil	39.0248	31.0267	1491	Afyonkarahisar Province	TR
Toptepe	37.2613	41.2486	1491	Mardin	TR
Beşeylül	37.9252	28.4258	1491	Aydın	TR
Shirokoye	45.2003	34.0507	1491	Crimea	UA
Sikirevci	45.1089	18.4644	1490	Brod-Posavina	HR
Suhurlui	45.7287	27.8268	1490	Galați County	RO
Luciu	44.7472	27.7276	1490	Ialomița County	RO
Anıl	38.3978	40.3385	1490	Diyarbakır Province	TR
Kontariótissa	40.2275	22.4610	1489	Central Macedonia	GR
Moreshet	32.8255	35.2324	1489	Northern District	IL
Larce	41.9332	21.1263	1489	Zhelino	MK
Izvoarele	44.1697	26.3137	1489	Giurgiu County	RO
Dorobanți	47.8823	26.6472	1489	Botoșani County	RO
Coțatcu	45.4664	27.0149	1489	Buzău County	RO
Bursuceni	47.6510	26.4753	1489	Suceava	RO
Kryva Balka	46.9582	31.8103	1489	Mykolaiv	UA
Dravískos	40.9239	23.8712	1488	Central Macedonia	GR
Salkımbağı	37.8276	38.5738	1488	Adıyaman Province	TR
Deliktaş	38.9890	26.9274	1488	İzmir Province	TR
Lancrăm	45.9871	23.5567	1487	Alba County	RO
Partyzany	45.1437	35.1551	1487	Crimea	UA
Corni-Albești	46.5181	27.8717	1486	Vaslui County	RO
Margara	40.0333	44.1805	1485	Armavir	AM
Klisura	42.6933	24.4502	1485	Plovdiv	BG
Petrovac na Moru	42.2056	18.9425	1485	Budva	ME
Hăghiac	46.3120	26.5184	1485	Bacău County	RO
Dezna	46.4000	22.2500	1485	Arad County	RO
Teghut	40.7785	44.9384	1484	Tavush	AM
Triandaíika	38.6553	21.3832	1484	West Greece	GR
Sarāy	38.2252	46.9311	1484	East Azerbaijan	IR
Purcăreni	45.6448	25.7913	1484	Brașov County	RO
Calopăr	44.1650	23.7606	1484	Dolj	RO
Yalıköy	41.4812	28.2980	1484	Istanbul	TR
Vărădia	45.0783	21.5469	1483	Caraș-Severin County	RO
Scorţaru Nou	45.3167	27.6000	1483	Brăila County	RO
Negoiești	44.5358	23.7269	1483	Dolj	RO
Gelu	46.0059	21.0600	1483	Timiș County	RO
Yaprakbaşı	37.6541	40.5463	1483	Diyarbakır Province	TR
Kızılkaş	37.1080	35.4642	1483	Adana	TR
Subaşı	41.2269	28.4585	1483	Istanbul	TR
Zovaber	40.5667	44.7903	1482	Gegharkunik	AM
Rizómylos	39.4276	22.7472	1482	Thessaly	GR
Profítis Ilías	35.2056	25.0998	1482	Crete	GR
Vânătorii Mari	44.4890	25.5455	1482	Giurgiu County	RO
Girișu de Criș	47.0642	21.7611	1482	Bihor County	RO
Kuyalnyk	47.7303	29.5618	1482	Odesa	UA
Tsaghkunk	40.1805	44.2723	1481	Armavir	AM
Rusca	45.1452	22.3386	1481	Caraș-Severin County	RO
Büyükçat	36.1150	36.0774	1481	Hatay	TR
Ćaklovici Gornji	44.5185	18.7580	1480	Federation of B&H	BA
Neszmély	47.7358	18.3597	1480	Komárom-Esztergom	HU
Gârnic	44.7864	21.7944	1480	Caraș-Severin County	RO
Bobohalma	46.3519	24.2317	1480	Mureș County	RO
Grabovci	44.7650	19.8449	1480	Vojvodina	RS
Askeriye	37.7510	30.3573	1480	Burdur	TR
Ayveri	37.7377	40.0906	1480	Diyarbakır Province	TR
Mitroúsi	41.0704	23.4606	1479	Central Macedonia	GR
Dunaalmás	47.7287	18.3224	1479	Komárom-Esztergom	HU
Cresevo	42.0508	21.5097	1479	Grad Skopje	MK
Urziceni	47.7333	22.4000	1479	Satu Mare County	RO
Dragodănești	45.0555	25.2363	1479	Dâmbovița County	RO
Brasina	44.4652	19.1567	1479	Central Serbia	RS
Kamenín	47.8884	18.6431	1479	Nitra Region	SK
Darboğaz	37.4738	34.5589	1479	Niğde Province	TR
Kaparéllion	38.2370	23.2141	1478	Central Greece	GR
Sde Warburg	32.2036	34.9072	1478	Central District	IL
H̱allamish	32.0040	35.1237	1478	West Bank	PS
Suciu de Jos	47.4458	23.9825	1478	Maramureş	RO
Purcăreni	44.9685	24.8874	1478	Arges	RO
Posada	45.2871	25.6188	1478	Prahova	RO
Uspenka	47.7285	38.7069	1478	Donetsk	UA
Hăbeni	44.8563	25.6287	1477	Dâmbovița County	RO
Yalankoz	37.2212	37.4073	1477	Gaziantep	TR
Lanjazat	40.0610	44.5754	1476	Ararat	AM
Sălcuța	44.6437	25.5810	1476	Dâmbovița County	RO
Dedeköy	40.7475	35.0425	1476	Amasya	TR
Palaífyto	40.7828	22.2739	1475	Central Macedonia	GR
Zhuravli	45.2525	33.6425	1475	Crimea	UA
Periyiáli	37.9404	22.8395	1474	Peloponnese	GR
Negostina	47.9228	26.0821	1474	Suceava	RO
Buciumi	46.2023	26.7844	1474	Bacău County	RO
Bădeuți	47.8028	25.9839	1474	Suceava	RO
Pravda	45.7790	33.8465	1474	Crimea	UA
Hot	42.3619	19.4442	1473	Shkodër County	AL
Nisí	40.6361	22.3888	1473	Central Macedonia	GR
H̱amam	32.8300	35.4901	1473	Northern District	IL
Patù	39.8408	18.3378	1473	Apulia	IT
Crivești	47.3243	26.7824	1473	Iași County	RO
Kelleci	37.8056	28.9027	1473	Denizli	TR
Hadzhidimitrovo	42.6735	25.3507	1472	Stara Zagora	BG
Kokkinóchoma	40.9269	24.3081	1472	East Macedonia and Thrace	GR
Vedeno	42.9710	46.0972	1472	Chechnya	RU
Karahunj	39.4738	46.3596	1471	Syunik	AM
Verin Karmiraghbyur	40.8804	45.4416	1471	Tavush	AM
Qūrūq	38.4641	44.9301	1471	West Azerbaijan	IR
Pleşcuţa	46.3000	22.4333	1471	Arad County	RO
Mamaia-Sat	44.3116	28.6255	1471	Constanța County	RO
Sātlū	37.9952	45.9579	1470	East Azerbaijan	IR
Minieri	44.9837	25.7608	1470	Prahova	RO
Brădeni	46.0833	24.8333	1470	Sibiu County	RO
Veľké Ludince	47.9627	18.5114	1470	Nitra Region	SK
Unirea	47.1606	24.5308	1469	Bistrița-Năsăud County	RO
Ceacu	44.2653	27.2521	1469	Călărași County	RO
Ufacıklı	37.4113	37.3295	1469	Kahramanmaraş	TR
Kızılsu	37.4540	42.1964	1469	Şırnak	TR
Kılçak	41.1690	31.3787	1469	Zonguldak Province	TR
Peștiș	47.0725	22.4123	1468	Bihor County	RO
Furmanivka	45.6356	29.2349	1468	Odesa	UA
Răchitova	45.6000	22.7500	1467	Hunedoara County	RO
Sivrice	37.2770	41.3359	1467	Mardin	TR
Synoikismós Chavaríou	37.8558	21.3879	1466	West Greece	GR
Felline	39.9365	18.1182	1466	Apulia	IT
Kadino	41.9689	21.6014	1466	Ilinden	MK
Șinca Nouă	45.6946	25.2435	1466	Brașov County	RO
Serdanu	44.6273	25.6312	1466	Dâmbovița County	RO
Negrilești	47.2707	24.0494	1466	Bistrița-Năsăud County	RO
Kamo	40.8257	43.9507	1465	Shirak	AM
Sâmbăta de Sus	45.7618	24.8205	1465	Brașov County	RO
Furcenii Noi	45.8112	27.3395	1465	Galați County	RO
Beşpınar	37.7823	40.3639	1465	Diyarbakır Province	TR
Mawet	35.9012	45.4142	1464	Sulaymaniyah	IQ
Saraiu	44.7167	28.1500	1464	Constanța County	RO
Rogova	44.4717	22.8067	1464	Mehedinți County	RO
Deparați	44.2812	25.2215	1464	Teleorman County	RO
Coroisânmartin	46.4000	24.6000	1464	Mureș County	RO
Conțești	44.9849	25.0103	1464	Arges	RO
Izvoarele	47.0424	26.9023	1463	Iași County	RO
Banatska Topola	45.6725	20.4653	1463	Vojvodina	RS
Yuvaca	37.6464	27.2529	1463	Aydın	TR
Mouzourás	35.5388	24.1555	1462	Crete	GR
Vlycháda	38.0273	23.4366	1462	Attica	GR
Pogăneşti	46.6925	28.2319	1462	Hînceşti	MD
Racoviţeni	45.3667	26.9000	1462	Buzău County	RO
Potigrafu	44.7850	26.1001	1462	Prahova	RO
Pietrele	44.0626	26.1202	1462	Giurgiu County	RO
Sheynovo	42.6833	25.3167	1461	Stara Zagora	BG
Dimovo	43.7417	22.7269	1461	Vidin	BG
Stepnoye	45.6521	33.7744	1461	Crimea	UA
Shchaslyvtseve	46.0326	34.8345	1461	Kherson	UA
Tolón	37.5202	22.8586	1460	Peloponnese	GR
Kfar HaRo’e	32.3924	34.9116	1460	Central District	IL
Rădești	46.0726	27.7894	1460	Galați County	RO
Moravë	40.7597	19.9042	1459	Berat County	AL
Senovo	43.6500	26.3667	1459	Ruse	BG
Fílla	38.4418	23.6831	1459	Central Greece	GR
Áno Merá	37.4490	25.3910	1459	South Aegean	GR
Agkathiá	40.5553	22.4708	1459	Central Macedonia	GR
Tavush	40.9176	45.4053	1458	Tavush	AM
Kaputan	40.3251	44.7001	1458	Kotayk	AM
Nor Kesaria	40.0594	43.9072	1458	Armavir	AM
Rishpon	32.2007	34.8241	1458	Central District	IL
Sudiți	45.2689	26.8718	1458	Buzău County	RO
Ševarice	44.8670	19.6601	1458	Central Serbia	RS
Kalýves	35.4505	24.1751	1457	Crete	GR
Valea Strâmbă	46.6943	25.5996	1457	Harghita County	RO
Măderat	46.2949	21.7114	1457	Arad County	RO
Tumanyan	41.0019	44.6494	1456	Lori	AM
Qayah Bāshī	39.1101	47.2183	1456	East Azerbaijan	IR
Al Lubban al Gharbī	32.0350	35.0393	1456	West Bank	PS
Bahrynivka	47.9827	25.9458	1456	Chernivtsi	UA
Falaisía	37.2868	22.1725	1455	Peloponnese	GR
Lăpoș	46.3936	26.4625	1455	Bacău County	RO
Gökçeören	36.2390	29.5424	1455	Antalya	TR
Kostyantynivka	46.8270	33.8685	1455	Kherson	UA
Chokhatauri	42.0190	42.2394	1454	Guria	GE
Cucuteni	47.2833	26.9333	1454	Iași County	RO
Jermenovci	45.1863	21.0455	1454	Vojvodina	RS
Kadıköy	41.1366	28.3642	1454	Istanbul	TR
Novoyehorivka	47.3217	32.4871	1454	Mykolaiv	UA
Petőfiszállás	46.6217	19.8621	1453	Bács-Kiskun	HU
Sântion	47.0963	21.8366	1453	Bihor County	RO
Poiana	45.9923	27.2561	1453	Galați County	RO
Coșna	47.3710	25.1813	1453	Suceava	RO
Valea lui Ion	46.7035	26.6250	1452	Bacău County	RO
Novo Selo	44.6704	19.3450	1452	Central Serbia	RS
Barıştepe	37.4827	41.4020	1452	Mardin	TR
Șurdești	47.6022	23.7690	1451	Maramureş	RO
Cotumba	46.4974	26.1911	1451	Bacău County	RO
Venets	43.5500	26.9333	1450	Shumen	BG
Lyrkeía	37.7048	22.5516	1450	Peloponnese	GR
Kormísta	40.9801	24.0556	1450	Central Macedonia	GR
Karaağaç	41.1452	30.3134	1450	Kocaeli	TR
Krest’yanovka	45.7227	33.9394	1450	Crimea	UA
Dâlga-Gară	44.4333	27.0500	1449	Călărași County	RO
Manoláda	38.0471	21.3481	1448	West Greece	GR
Oeștii Pământeni	45.2524	24.6566	1448	Arges	RO
Chirpăr	45.9000	24.6000	1448	Sibiu County	RO
Gudurica	45.1682	21.4426	1448	Vojvodina	RS
Mykolaivka	46.3055	30.3323	1448	Odesa	UA
Ganznegyed	47.4879	19.1004	1446	Budapest	HU
Domaşnea	45.0833	22.3167	1446	Caraș-Severin County	RO
Buhas	47.6375	37.5611	1446	Donetsk	UA
Xylaganí	40.9744	25.4202	1445	East Macedonia and Thrace	GR
Mironu	47.4880	26.0095	1445	Suceava	RO
Mătești	45.2134	26.7561	1445	Buzău County	RO
Cămin	47.7284	22.4799	1445	Satu Mare County	RO
Kafr ‘Abbūsh	32.2235	35.0850	1444	West Bank	PS
Metsamor	40.0725	44.2905	1443	Armavir	AM
Lunca Priporului	45.4391	26.3087	1443	Buzău County	RO
Cucuruzu	44.0802	25.7324	1443	Giurgiu County	RO
Ballıkpınar	39.7344	32.7148	1443	Ankara	TR
Velyka Kardashynka	46.5086	32.6588	1443	Kherson	UA
Lernantsk	40.7953	44.2743	1442	Lori	AM
Neápolis	38.6714	21.3627	1442	West Greece	GR
Zerind	46.6167	21.5167	1442	Arad County	RO
Siliştea	44.4000	28.1667	1442	Constanța County	RO
Idvor	45.1889	20.5144	1442	Vojvodina	RS
Başīr	33.0627	36.2323	1442	Daraa	SY
Turluk	37.0026	38.9392	1442	Şanlıurfa	TR
Fildu de Jos	46.9333	23.0667	1441	Sălaj County	RO
Tepeüstü	37.1112	41.3827	1441	Mardin	TR
Olenevka	45.3833	32.5333	1441	Crimea	UA
Krasnogvardeyskoye	45.1835	34.9507	1441	Crimea	UA
Nicolae Bălcescu	44.2860	27.0788	1440	Călărași County	RO
Cordău	46.9500	21.9833	1440	Bihor County	RO
Halıcılar	37.7067	30.3991	1440	Burdur	TR
Kızılağaç	36.7320	31.5326	1440	Antalya	TR
Prybuzske	46.7797	32.0973	1440	Mykolaiv	UA
Puchenii Moșneni	44.8121	26.0870	1439	Prahova	RO
Lytvynenkove	45.0868	34.3110	1439	Crimea	UA
Thespiés	38.3030	23.1502	1437	Central Greece	GR
Csátalja	46.0367	18.9469	1437	Bács-Kiskun	HU
Sfinţeşti	44.1833	25.1000	1437	Teleorman County	RO
Sadina	44.4114	25.5295	1437	Giurgiu County	RO
Qandhār	37.0343	46.1894	1436	East Azerbaijan	IR
Hasanbey	40.1290	27.6423	1436	Balıkesir	TR
Shcherbanka	46.6953	30.1889	1436	Odesa	UA
Kamyanka	46.8165	31.6729	1436	Mykolaiv	UA
Dolhești	47.2119	26.0674	1435	Neamț County	RO
Berești	46.2033	27.1448	1435	Bacău County	RO
Pýla	35.0047	33.6891	1434	Larnaka	CY
Proástio	39.4868	21.9029	1434	Thessaly	GR
Piškorevci	45.2553	18.4042	1434	County of Osijek-Baranja	HR
Vâlcelele	44.3883	27.1502	1434	Călărași County	RO
Săuca	47.4667	22.4833	1434	Satu Mare County	RO
Costești	47.8003	26.6758	1434	Botoșani County	RO
Burca	45.9122	26.9490	1434	Vrancea	RO
Lysyche	47.7315	38.5950	1434	Donetsk	UA
Dolno Srpci	41.1748	21.3646	1433	Mogila	MK
Vulcana de Sus	45.1013	25.3583	1433	Dâmbovița County	RO
Budeni	47.4138	26.6593	1433	Suceava	RO
Bíňa	47.9224	18.6416	1433	Nitra Region	SK
Sulak	37.4140	41.9616	1433	Şırnak	TR
Sulak	37.2951	42.1343	1433	Şırnak	TR
Golubinka	44.5938	33.9152	1433	Crimea	UA
Nor Yedesia	40.2223	44.1335	1432	Aragatsotn	AM
Balatonvilágos	46.9627	18.1604	1432	Somogy County	HU
Călinești	44.0773	24.6880	1432	Olt	RO
Ekinyolu	38.9072	40.5740	1432	Bingöl	TR
Avhustivka	46.6399	30.6489	1432	Odesa	UA
Meligalás	37.2167	21.9667	1431	Peloponnese	GR
Izvoare	46.7470	26.8022	1431	Neamț County	RO
Chonhar	46.0301	34.5473	1431	Kherson	UA
Skála Oropoú	38.3196	23.7876	1430	Attica	GR
Bayt Qād	32.4697	35.3563	1430	West Bank	PS
Valea Lungă Ogrea	45.0598	25.5902	1430	Dâmbovița County	RO
Osica de Jos	44.2444	24.2793	1430	Olt	RO
Beciu	44.0043	24.6657	1430	Teleorman County	RO
Băcălești	44.0600	24.8164	1430	Teleorman County	RO
Osječenik	43.1453	19.8589	1430	Central Serbia	RS
Kurbnesh	41.7797	20.0836	1429	Lezhë County	AL
Samokov	41.6833	21.1462	1429	Makedonski Brod	MK
Gheja	46.4473	24.0649	1429	Mureș County	RO
Garvăn	45.3471	28.1619	1429	Tulcea County	RO
Dâmbu	45.0453	25.8885	1429	Prahova	RO
Oklalı	41.2247	28.4783	1429	Istanbul	TR
Yosypivka	46.4070	30.4355	1429	Odesa	UA
Văratec	47.6399	26.4031	1428	Suceava	RO
Pădureni	46.5932	24.0270	1428	Cluj County	RO
Colelia	44.7611	27.0069	1428	Ialomița County	RO
Progar	44.7174	20.1605	1428	Central Serbia	RS
Gökköy	39.7458	28.3459	1428	Balıkesir	TR
Alahacı	37.2156	37.7723	1428	Gaziantep	TR
Alcsútdoboz	47.4284	18.6043	1427	Fejér	HU
Săteni	44.9713	25.4168	1427	Dâmbovița County	RO
Salcia	44.4819	23.4464	1427	Dolj	RO
Făgeţelu	44.7833	24.5333	1427	Olt	RO
Romashkino	45.2565	33.2552	1427	Crimea	UA
Mavrommáti	39.4239	21.6938	1426	Thessaly	GR
Néa Karyá	40.9062	24.7073	1426	East Macedonia and Thrace	GR
Kuyulu	37.8379	27.7936	1426	Aydın	TR
Pozharskoye	44.9355	33.8711	1426	Crimea	UA
Andrivka	46.8966	36.6132	1426	Zaporizhzhia	UA
Kurtan	40.9572	44.5562	1425	Lori	AM
Muntenii de Sus	46.6897	27.7776	1425	Vaslui County	RO
Călugăreni	45.0833	26.3833	1425	Prahova	RO
Boureni	47.2650	26.9767	1425	Iași County	RO
Bohotin	46.9391	27.9778	1425	Iași County	RO
Novosyolovka	44.9938	33.8353	1425	Crimea	UA
Namrūr	38.2951	46.9324	1424	East Azerbaijan	IR
Lukovo	41.3534	20.6064	1424	Struga	MK
Ocna de Sus	46.5273	25.1513	1424	Harghita County	RO
Dedrad	46.8263	24.6580	1424	Mureș County	RO
Bacova	45.6641	21.5524	1424	Timiș County	RO
Arcani	45.0833	23.1333	1424	Gorj County	RO
Çıplak	36.9447	40.2375	1424	Mardin	TR
Kovanlı	37.2188	40.3409	1424	Mardin	TR
Olănești	45.1821	24.2599	1423	Vâlcea County	RO
Mykolayivka	47.5367	30.2461	1423	Odesa	UA
Trudovoye	45.2380	33.7584	1423	Crimea	UA
Drajna Nouă	44.4226	27.3801	1422	Călărași County	RO
Uspenivka	47.7780	36.4051	1422	Zaporizhzhia	UA
Hreyhove	47.1143	32.3003	1422	Mykolaiv	UA
Cernu	46.4700	26.5848	1421	Bacău County	RO
Akhalgori	42.1243	44.4831	1420	Mtskheta-Mtianeti	GE
Parța	45.6289	21.1388	1420	Timiș County	RO
Micești	46.1014	23.5557	1420	Alba County	RO
Balta Verde	44.3441	22.5988	1420	Mehedinți County	RO
Serhiivka	46.0005	29.9580	1420	Odesa	UA
Metković	44.8562	19.5465	1419	Central Serbia	RS
Haykashen	40.0723	44.3083	1418	Armavir	AM
Derinsu	37.4564	40.0828	1418	Mardin	TR
Movses	40.9053	45.4884	1417	Tavush	AM
Bazum	40.8676	44.4398	1417	Lori	AM
Letca Veche	44.1991	25.6868	1417	Giurgiu County	RO
Şovarna	44.8536	22.7925	1416	Mehedinți County	RO
Bengești	45.0667	23.6000	1416	Gorj County	RO
Güvercinlik	37.1371	27.5819	1416	Muğla	TR
Sărățeni	44.6342	26.9269	1415	Ialomița County	RO
Darova	45.6420	21.7733	1415	Timiș County	RO
Vyshneve	45.8066	29.7738	1415	Odesa	UA
Strilkove	45.8959	34.8830	1415	Kherson	UA
Oktyabr'skoye	45.3621	36.3680	1415	Crimea	UA
Khrystoforivka	47.9830	33.0943	1415	Dnipropetrovsk	UA
Gargar	40.9577	44.4416	1414	Lori	AM
Koímisi	41.2128	23.3004	1414	Central Macedonia	GR
Szeremle	46.1437	18.8812	1414	Bács-Kiskun	HU
Biia	46.2310	24.0046	1414	Alba County	RO
Rybach'e	44.7733	34.5961	1414	Crimea	UA
Maiory	46.5380	30.2812	1414	Odesa	UA
Sarāb	33.7550	46.3646	1413	Ilam Province	IR
Sarţāf	33.5888	46.3791	1413	Ilam Province	IR
Rediu	47.2403	26.8641	1413	Iași County	RO
Besleneyevskaya	44.2310	40.7250	1413	Krasnodar Krai	RU
Artesianó	39.4019	21.8965	1412	Thessaly	GR
Kleidí	40.5663	22.5903	1412	Central Macedonia	GR
Velika Kopanica	45.1561	18.3931	1412	Brod-Posavina	HR
Selci Ðakovački	45.3092	18.3503	1412	County of Osijek-Baranja	HR
Bácsszőlős	46.1500	19.4500	1412	Bács-Kiskun	HU
Çatalçam	38.1939	36.0786	1410	Adana	TR
Petrivsk	46.4471	28.9701	1410	Odesa	UA
Novosvitlivka	47.1998	31.1844	1410	Mykolaiv	UA
Doboșeni	46.1243	25.5935	1409	Covasna County	RO
Megáli Khóra	38.6463	21.3731	1408	West Greece	GR
Fierbinții de Jos	44.6952	26.3963	1408	Ialomița County	RO
Akçagöze	37.2604	37.3024	1408	Gaziantep	TR
Açıkdere	36.2191	36.2599	1408	Hatay	TR
Pyrgos	34.7417	33.1833	1407	Limassol	CY
Sighnaghi	41.6192	45.9223	1407	Kakheti	GE
Vărbila	45.0465	26.1969	1407	Prahova	RO
Cozmeni	46.2268	25.9421	1407	Harghita County	RO
Tece	36.7026	34.4490	1407	Mersin	TR
Prymorske	47.3148	37.9447	1407	Donetsk	UA
Lămășeni	47.4932	26.2281	1406	Suceava	RO
Broșteni	44.6719	26.7479	1406	Ialomița County	RO
Afrátion	38.4521	23.6878	1405	Central Greece	GR
Iliokentima	40.9493	24.7886	1405	East Macedonia and Thrace	GR
Khāmesān	34.9827	47.0979	1405	Kurdistan Province	IR
Țipar	46.4756	21.6343	1405	Arad County	RO
Soci	47.1857	26.6445	1405	Iași County	RO
Milcovățu	44.2657	25.6988	1405	Giurgiu County	RO
Bichigiu	47.4252	24.3389	1405	Bistrița-Năsăud County	RO
Yağca	37.0627	30.5582	1405	Antalya	TR
Vounoplagiá	39.6916	20.7860	1404	Epirus	GR
Palaiochóri	40.9434	24.1775	1404	East Macedonia and Thrace	GR
Lunca	44.7329	28.7750	1404	Tulcea County	RO
İğdir	41.8379	33.6169	1404	Kastamonu	TR
Mikhmoret	32.4052	34.8725	1403	Central District	IL
Az Zubaydāt	32.1733	35.5301	1403	West Bank	PS
Sătmărel	47.7347	22.7954	1403	Satu Mare County	RO
Gemeni	44.1726	23.0825	1403	Mehedinți County	RO
Covasna	47.0025	27.8511	1403	Iași County	RO
Boianu Mare	47.3833	22.5333	1403	Bihor County	RO
Nidhríon	38.7101	20.7139	1402	Ionian Islands	GR
Kammon	32.9121	35.3605	1402	Northern District	IL
Lobanovo	45.7755	34.2424	1402	Crimea	UA
Poloboc	46.7611	26.5497	1401	Neamț County	RO
Kazancı	37.7711	40.6000	1401	Diyarbakır Province	TR
Alabashli	40.7822	46.2648	1400	Samux	AZ
Balatun	44.8633	19.3393	1400	Srpska	BA
Perii Broșteni	44.2034	25.2638	1400	Teleorman County	RO
Sultanahmet	41.0040	28.9788	1400	Istanbul	TR
Yığınlı	37.2195	37.2436	1399	Gaziantep	TR
Oyratlı	37.6326	37.8413	1399	Adıyaman Province	TR
Rovnoye	45.3513	34.3523	1399	Crimea	UA
Chavdar	42.6500	24.0500	1398	Sofia	BG
Akrolímni	40.6802	22.2645	1398	Central Macedonia	GR
Drenovci	44.9206	18.9122	1398	Vukovar-Srijem	HR
Ma’or	32.4243	35.0063	1398	Haifa	IL
Yoqneam	32.6550	35.1138	1398	Northern District	IL
Zeytinbeli	36.8122	35.7401	1398	Adana	TR
Şopotu Nou	44.8149	21.8578	1397	Caraș-Severin County	RO
Iloviţa	44.7564	22.4728	1397	Mehedinți County	RO
Brazii	46.2333	22.3333	1397	Arad County	RO
Aşağıyakacık	38.0864	28.4914	1397	Aydın	TR
Marazliyivka	46.0960	30.0494	1397	Odesa	UA
Vrpolje	45.2106	18.4056	1396	Brod-Posavina	HR
Markovac Našički	45.5000	18.1201	1396	County of Osijek-Baranja	HR
Izvin	45.8003	21.4607	1396	Timiș County	RO
Cegani	44.4628	27.9017	1396	Ialomița County	RO
Nógrád	47.9085	19.0481	1395	Nógrád	HU
Racoviţa	45.3000	27.4500	1395	Brăila County	RO
Pietriceaua	45.2191	25.8086	1395	Prahova	RO
Mereşti	46.2333	25.4500	1395	Harghita County	RO
Ḩājjīlār	38.8659	45.0938	1394	West Azerbaijan	IR
Suhuleț	46.9037	27.2585	1394	Iași County	RO
Pângărăcior	46.9333	26.2167	1394	Neamț County	RO
Voronivka	47.6559	31.4135	1394	Mykolaiv	UA
Tohanu Nou	45.5521	25.3862	1393	Brașov County	RO
Sprâncenata	44.0833	24.6333	1393	Olt	RO
Furculești	43.8720	25.1428	1393	Teleorman County	RO
Bogata	47.4079	26.1866	1393	Suceava	RO
Vesnyane	46.9778	31.8873	1393	Mykolaiv	UA
Kírra	38.4294	22.4444	1392	Central Greece	GR
Dobrotești	43.9614	24.1241	1392	Dolj	RO
Crişan	44.9667	29.4667	1392	Tulcea County	RO
Gedik	36.9155	31.0849	1392	Antalya	TR
Studinița	43.9769	24.4267	1391	Olt	RO
Cut	45.9397	23.6672	1391	Alba County	RO
Balta	44.8869	22.6369	1391	Mehedinți County	RO
Sâniob	47.2646	22.1278	1391	Bihor County	RO
Mali Požarevac	44.5633	20.6543	1391	Central Serbia	RS
Yavkyne	47.2691	32.6110	1391	Mykolaiv	UA
Tamași	44.5844	26.0072	1390	Ilfov	RO
Hodoşa	46.6333	24.8167	1390	Mureș County	RO
Brâncoveanca	43.9408	24.6934	1390	Teleorman County	RO
Boureni	47.2131	26.6309	1390	Iași County	RO
Veselovka	45.3773	33.2139	1390	Crimea	UA
Kamyanka	46.6353	30.2412	1390	Odesa	UA
Dolmativka	46.2146	32.4655	1390	Kherson	UA
Lernakert	40.5625	43.9389	1389	Shirak	AM
Arsénio	40.7141	22.1592	1389	Central Macedonia	GR
Dunaegyháza	46.8381	18.9543	1389	Bács-Kiskun	HU
Manshīyet Zabda	32.7067	35.1930	1389	Northern District	IL
Brabeți	43.9610	24.0134	1389	Dolj	RO
Abdioğlu	36.9086	35.5689	1389	Adana	TR
Göçbeyli	40.9762	29.4591	1389	Istanbul	TR
Vasilikí	39.6398	21.7045	1388	Thessaly	GR
Doanca	43.8487	24.6495	1388	Olt	RO
Zeyne	36.4446	33.5290	1388	Mersin	TR
Demiryol	37.9175	41.1498	1388	Batman	TR
Vynohradivka	47.1928	32.2650	1388	Mykolaiv	UA
Zlătărei	44.6306	24.2579	1387	Vâlcea County	RO
Trip	47.9245	23.3765	1387	Satu Mare County	RO
Oarţa de Jos	47.4583	23.1274	1387	Maramureş	RO
Negreni	44.5685	24.5953	1387	Olt	RO
Hodora	47.3371	27.0197	1387	Iași County	RO
Muncurlu	40.8160	31.2580	1387	Düzce	TR
Üçtepe	36.5906	34.2363	1387	Mersin	TR
Laplje Selo	42.5967	21.1408	1387	Pristina	XK
Zaritap	39.6389	45.5111	1386	Vayots Dzor	AM
Bâcu	44.4826	25.8890	1386	Giurgiu County	RO
Cumhuriyet	38.0722	26.9205	1386	İzmir Province	TR
Tovarnik	45.1650	19.1519	1385	Vukovar-Srijem	HR
Jūrīsh	32.1019	35.3219	1385	West Bank	PS
Macarlar	39.5280	27.8220	1385	Balıkesir	TR
Poroina Mare	44.4953	22.9364	1384	Mehedinți County	RO
Moscu	45.9026	27.9312	1384	Galați County	RO
Conțești	44.6852	25.6388	1384	Dâmbovița County	RO
Comanda	44.6486	23.1641	1384	Mehedinți County	RO
Yenibaşlar	38.9972	40.6858	1384	Bingöl	TR
Arevabuyr	40.0361	44.4695	1383	Ararat	AM
Grammatikó	38.2025	23.9650	1383	Attica	GR
Turcești	45.0402	23.8657	1383	Vâlcea County	RO
Ocland	46.1667	25.4167	1383	Harghita County	RO
Narince	37.8586	38.4449	1383	Adıyaman Province	TR
Parekklisha	34.7458	33.1583	1382	Limassol	CY
Ḩāshīyeh Rūd	38.5711	45.0671	1381	West Azerbaijan	IR
Tălmăcel	45.6471	24.2427	1381	Sibiu County	RO
Ballıca	38.9333	27.7000	1381	Manisa	TR
Őr	47.9721	22.1874	1380	Szabolcs-Szatmár-Bereg	HU
Victoria	47.6102	27.1673	1380	Botoșani County	RO
Nedeia	43.8499	23.7764	1380	Dolj	RO
Coaș	47.5396	23.5858	1380	Maramureş	RO
Noravan	40.1724	44.0298	1379	Armavir	AM
Argási	37.7625	20.9236	1379	Ionian Islands	GR
Mavrochóri	40.5122	21.3204	1379	West Macedonia	GR
Udim	32.2649	34.8455	1379	Central District	IL
Rădeşti	46.2667	23.7167	1379	Alba County	RO
Jirov	44.6710	23.0869	1378	Mehedinți County	RO
Ciumești	47.6638	22.3407	1378	Satu Mare County	RO
Lápas	38.0975	21.4186	1377	West Greece	GR
Beliş	46.6500	23.0333	1377	Cluj County	RO
Slobozia	47.0576	27.4145	1376	Iași County	RO
Cristur	45.8294	22.9432	1376	Hunedoara County	RO
Yaroslavka	46.0762	29.8716	1376	Odesa	UA
Krasne	46.1181	29.2458	1376	Odesa	UA
Balgarevo	43.4030	28.4119	1375	Varna	BG
Asopía	38.2988	23.5019	1375	Central Greece	GR
Néos Oropós	39.1506	20.7364	1375	Epirus	GR
Ivanovac	45.4864	18.6369	1375	County of Osijek-Baranja	HR
Aghireșu	46.8721	23.2377	1375	Cluj County	RO
Dobrić	44.7022	19.5793	1375	Central Serbia	RS
Săucești	46.6185	26.9414	1374	Bacău County	RO
Buza	46.9000	24.1500	1374	Cluj County	RO
Agrij	47.0669	23.0992	1374	Sălaj County	RO
Banatski Dvor	45.5187	20.5115	1374	Vojvodina	RS
Yemelyanovka	45.5329	34.8962	1374	Crimea	UA
Shyroke	45.9650	30.0903	1374	Odesa	UA
Pagaruša	42.4200	20.7422	1374	Prizren	XK
Kelasuri	42.9788	41.0707	1373	Abkhazia	GE
Pyrgetós	39.9187	22.5934	1373	Thessaly	GR
Iernuțeni	46.7639	24.7192	1373	Mureș County	RO
Crizbav	45.8152	25.4672	1373	Brașov County	RO
Araci	45.8119	25.6548	1373	Covasna County	RO
Akören	41.1968	28.3337	1373	Istanbul	TR
Kotel’nikovo	45.3658	34.0258	1373	Crimea	UA
Kofínou	34.8243	33.3913	1372	Larnaka	CY
Neochóri	39.0703	21.0189	1372	Epirus	GR
Perdíkkas	40.5600	21.6976	1372	West Macedonia	GR
Gura Ialomiței	44.7161	27.7531	1372	Ialomița County	RO
Boureni	44.0159	23.4339	1372	Dolj	RO
Janošik	45.1714	21.0066	1372	Vojvodina	RS
Giarmata-Vii	45.7996	21.3003	1371	Timiș County	RO
Corlătești	44.9134	26.0873	1371	Prahova	RO
Kamenica	44.3430	19.7233	1371	Central Serbia	RS
Aygün	38.4301	41.2454	1371	Diyarbakır Province	TR
Akdam	36.6419	31.8060	1371	Antalya	TR
Kastélla	38.5705	23.6313	1370	Central Greece	GR
Árnissa	40.7955	21.8358	1370	Central Macedonia	GR
Khāşābād	37.9066	45.9369	1370	East Azerbaijan	IR
Livezeni	45.0384	24.9768	1370	Arges	RO
Bistrița	44.5851	22.7876	1370	Mehedinți County	RO
Aluniş	47.0333	23.7500	1370	Cluj County	RO
Atlıhisar	38.4494	30.5839	1370	Afyonkarahisar Province	TR
Değirmendere	36.5758	32.0713	1370	Antalya	TR
Néa Mádytos	40.6228	23.5610	1369	Central Macedonia	GR
Vălişoara	46.0450	22.8210	1369	Hunedoara County	RO
Tudor Vladimirescu	47.6863	27.1721	1369	Botoșani County	RO
Sarmizegetusa	45.5167	22.7833	1369	Hunedoara County	RO
Icușeni	47.5927	26.5961	1369	Botoșani County	RO
Pasytsely	47.8302	29.6838	1369	Odesa	UA
Vetrino	43.3167	27.4333	1368	Varna	BG
Bolyarovo	42.1487	26.8102	1368	Yambol	BG
Târnava	46.1397	24.2893	1368	Sibiu County	RO
Pălatca	46.8500	23.9833	1368	Cluj County	RO
Mera	46.8152	23.4540	1368	Cluj County	RO
Dorgoş	46.0500	21.8333	1368	Arad County	RO
Palamutlu	37.8976	42.2022	1368	Siirt	TR
Zhuravlyovka	45.1768	33.9968	1368	Crimea	UA
Kruhloozerka	46.1312	32.3927	1368	Kherson	UA
Gamzali	40.9996	47.8038	1367	Qabala District	AZ
Mineralni Bani	41.9167	25.3500	1367	Haskovo	BG
Radu Vodă	44.3856	26.9254	1367	Călărași County	RO
İçmeler	40.8464	29.3089	1367	Istanbul	TR
Roșiori	47.7610	26.7217	1366	Botoșani County	RO
Poşaga de Sus	46.4667	23.3833	1366	Alba County	RO
Liteni	47.3017	27.0384	1366	Iași County	RO
Basaran	37.4770	43.1299	1366	Şırnak	TR
Yerazgavors	40.7029	43.7765	1365	Shirak	AM
Zugliget	47.5152	18.9795	1364	Pest County	HU
Gerpegezh	43.3737	43.6523	1364	Kabardino-Balkariya Republic	RU
Kfar Rosh HaNiqra	33.0857	35.1159	1363	Northern District	IL
Serej	37.3364	46.1668	1363	East Azerbaijan	IR
Cucuieți	46.5898	26.5287	1363	Bacău County	RO
Tătărăștii de Sus	44.4077	25.1219	1362	Teleorman County	RO
Piteasca	44.4934	26.3302	1362	Ilfov	RO
Luncani	46.4727	23.9509	1362	Cluj County	RO
Ezeriş	45.4108	21.8858	1362	Caraș-Severin County	RO
Ciomăgeşti	44.8333	24.4500	1362	Arges	RO
Sovetskoye	43.4104	46.3439	1362	Dagestan	RU
Sheliuhy	46.5581	35.2358	1362	Zaporizhzhia	UA
Tsiatsan	40.1861	44.2695	1361	Armavir	AM
Nagykarácsony	46.8712	18.7724	1361	Fejér	HU
Bălțești	45.1097	26.1294	1361	Prahova	RO
Sevindik	37.7410	40.0031	1361	Diyarbakır Province	TR
Koíla	40.3306	21.7910	1360	West Macedonia	GR
Plevna	45.3781	27.0131	1360	Buzău County	RO
Dănceu	44.3642	22.7210	1360	Mehedinți County	RO
Kormovoye	45.5000	33.6119	1360	Crimea	UA
Pély	47.4833	20.3500	1359	Heves County	HU
Sanarica	40.0891	18.3480	1359	Apulia	IT
Deaj	46.3471	24.4021	1359	Mureș County	RO
Gercebahşiş	36.1484	32.8818	1359	Mersin	TR
Başçayır	37.9558	28.0733	1359	Aydın	TR
Turgenevka	44.6975	33.8301	1359	Crimea	UA
Sulița	47.6500	26.9167	1357	Botoșani County	RO
Gorgota	44.9763	25.5084	1357	Dâmbovița County	RO
Shelkovichnoye	45.1875	33.6881	1357	Crimea	UA
Suvorove	46.0883	33.6884	1357	Crimea	UA
Soporu de Câmpie	46.6962	24.0066	1356	Cluj County	RO
Vlajkovac	45.0721	21.1994	1356	Vojvodina	RS
Melekyne	46.9565	37.3933	1356	Donetsk	UA
Abrud-Sat	46.2817	23.0610	1355	Alba County	RO
Konstantinovka	44.8551	34.1207	1354	Crimea	UA
Mihatovići	44.5428	18.5674	1353	Federation of B&H	BA
Ágio Pnévma	41.1014	23.6799	1353	Central Macedonia	GR
Kurtuluş	37.9432	28.6168	1353	Aydın	TR
Tsaghkalanj	40.2001	44.2305	1352	Armavir	AM
Bâsca Rozilei	45.4539	26.3371	1352	Buzău County	RO
Băniţa	45.4500	23.2667	1352	Hunedoara County	RO
Kızıllı	37.1125	30.7108	1352	Antalya	TR
Farkhah	32.0688	35.1529	1351	West Bank	PS
Stoenești	44.9242	25.8588	1351	Prahova	RO
Obrejița	45.5010	27.0897	1351	Vrancea	RO
Costâna	47.6927	26.1190	1351	Suceava	RO
İshaklı	41.1406	29.3014	1351	Istanbul	TR
Brnakot	39.4974	45.9724	1350	Syunik	AM
Bucaq	41.0780	47.3698	1350	Oğuz	AZ
Verdikoússa	39.7818	21.9773	1350	Thessaly	GR
Vignacastrisi	40.0160	18.4070	1350	Apulia	IT
Gurba	46.4676	21.7879	1350	Arad County	RO
Kayapınar	38.5994	27.3512	1350	Manisa	TR
Novopokrovka	45.1639	35.2537	1350	Crimea	UA
Loshchynivka	45.4745	28.8209	1350	Odesa	UA
Illinka	46.6814	30.6377	1350	Odesa	UA
Konispol	39.6589	20.1814	1349	Vlorë County	AL
Rași	44.5353	26.9248	1349	Ialomița County	RO
Zavodivka	47.2253	30.8150	1349	Odesa	UA
Semenivka	46.6079	33.5973	1349	Kherson	UA
Huryivka	47.1247	31.8629	1349	Mykolaiv	UA
Lárdos	36.0942	28.0157	1348	South Aegean	GR
Bélatelep	47.4579	19.1984	1348	Budapest	HU
Nevve Yaraq	32.1325	34.9245	1348	Central District	IL
Sámi	38.2508	20.6469	1347	Ionian Islands	GR
Ungureni	45.9131	27.4700	1347	Galați County	RO
Bancu	46.3029	25.9442	1347	Harghita County	RO
Yuva	38.2448	34.1537	1347	Aksaray	TR
Shyroke	46.1999	32.9040	1347	Kherson	UA
Ashnak	40.3307	43.9167	1346	Aragatsotn	AM
Kraniá Elassónas	39.9509	21.9708	1346	Thessaly	GR
Tuin	41.6194	21.0453	1346	Kichevo	MK
Spătărei	43.8885	25.1365	1346	Teleorman County	RO
Evciler	39.7756	26.7717	1346	Canakkale	TR
Gérgeri	35.1328	24.9496	1345	Crete	GR
Lianovérgi	40.6353	22.5082	1345	Central Macedonia	GR
Uioara de Jos	46.3709	23.8386	1345	Alba County	RO
Pietrosu	45.0593	26.7583	1345	Buzău County	RO
Jugur	45.1925	25.0849	1345	Arges	RO
Karacaburç	37.2261	37.3456	1345	Gaziantep	TR
Muratbey	41.0963	28.4923	1345	Istanbul	TR
Mramor Novi	44.5757	18.5624	1344	Federation of B&H	BA
Mataránga	38.5236	21.4733	1344	West Greece	GR
Viişoara	47.3833	22.4500	1344	Bihor County	RO
Prăjani	45.2042	25.9515	1344	Prahova	RO
Piscu Sadovei	43.8773	23.9369	1344	Dolj	RO
Păulești	45.8915	26.6891	1344	Vrancea	RO
Bahtılı	36.8868	30.5732	1344	Antalya	TR
Nova Dofinivka	46.5800	30.9060	1344	Odesa	UA
Agarakadzor	39.7361	45.3555	1343	Vayots Dzor	AM
Gerdevān	37.2406	44.9434	1342	West Azerbaijan	IR
Meziad	46.7409	22.4285	1342	Bihor County	RO
Vălenii de Mureș	46.8927	24.7979	1341	Mureș County	RO
Secăria	45.2833	25.6833	1341	Prahova	RO
Stari Lec	45.2840	20.9643	1341	Vojvodina	RS
Ivanivka	46.6541	31.6650	1341	Mykolaiv	UA
Valea Cânepii	45.0750	27.8023	1340	Brăila County	RO
Bratovoești	44.1333	23.9000	1340	Dolj	RO
Pazarköy	39.8019	26.4255	1340	Canakkale	TR
Lunca Leșului	47.3094	24.7760	1339	Bistrița-Năsăud County	RO
Jugureanu	44.9431	27.2788	1339	Brăila County	RO
Șindrilari	45.7908	26.8795	1338	Vrancea	RO
Kalınkoz	37.1322	29.3199	1338	Denizli	TR
Eresós	39.1697	25.9344	1337	North Aegean	GR
Ágios Spyrídon	40.2078	22.4431	1337	Central Macedonia	GR
Demirciler	36.7918	31.5094	1337	Antalya	TR
Voskevan	41.1208	45.0638	1336	Tavush	AM
Axós	40.8022	22.3616	1336	Central Macedonia	GR
Satu Nou	46.3581	28.1500	1336	Vaslui County	RO
Ocolna	43.8792	24.1340	1336	Dolj	RO
Zeytinli	36.9933	35.1340	1336	Adana	TR
Rozdolne	46.1573	33.2341	1336	Kherson	UA
Oleksandrivka	46.8379	32.7634	1336	Mykolaiv	UA
Vank	40.0528	46.5442	1335	Kalbajar	AZ
Moara Nica	47.6009	26.2226	1335	Suceava	RO
Bungetu	44.8432	25.5382	1335	Dâmbovița County	RO
Kerimler	41.3783	32.1683	1335	Zonguldak Province	TR
Troyitsko-Safonove	47.6761	32.8660	1335	Mykolaiv	UA
Serrano	40.1844	18.3516	1334	Apulia	IT
Tântava	44.4151	25.8245	1334	Giurgiu County	RO
Pădureni	46.6219	28.0826	1334	Vaslui County	RO
Çınaraltı	37.3851	40.8604	1334	Mardin	TR
Finiq	39.9064	20.0583	1333	Vlorë County	AL
Zărneștii de Slănic	45.2771	26.7555	1333	Buzău County	RO
Crucea	47.1657	27.1709	1333	Iași County	RO
Ciuruleasa	46.2500	23.0333	1333	Alba County	RO
Baru	45.4722	23.1627	1333	Hunedoara County	RO
Tepealtı	37.0959	41.3703	1333	Mardin	TR
Stanislavka	47.7278	29.2533	1333	Odesa	UA
Muskatnoye	45.4659	34.5432	1333	Crimea	UA
Hruzko-Zorianske	47.9442	38.0870	1333	Donetsk	UA
Nizami	40.0917	44.4057	1332	Ararat	AM
Kneževi Vinogradi	45.7503	18.7331	1332	County of Osijek-Baranja	HR
Surduk	45.0712	20.3251	1332	Vojvodina	RS
Kayalıpınar	37.3303	41.2279	1332	Mardin	TR
Chortomlyk	47.6242	34.1413	1332	Dnipropetrovsk	UA
Katastárion	37.8301	20.7575	1331	Ionian Islands	GR
Perivolákion	40.7442	23.0357	1331	Central Macedonia	GR
Mazor	32.0511	34.9229	1331	Central District	IL
Coronini	44.6800	21.6855	1331	Caraș-Severin County	RO
Parepa-Rușani	44.9058	26.3548	1331	Prahova	RO
Aiton	46.6833	23.7333	1331	Cluj County	RO
Örenkaya	38.3703	30.1592	1331	Afyonkarahisar Province	TR
Vasilyevka	45.1394	34.7229	1331	Crimea	UA
Patrída	40.5607	22.1854	1330	Central Macedonia	GR
Prínos	40.7409	24.5779	1330	East Macedonia and Thrace	GR
Nijemci	45.1403	19.0356	1330	Vukovar-Srijem	HR
Dobra	47.4948	22.8276	1330	Satu Mare County	RO
Boţeşti	45.0167	25.1333	1330	Arges	RO
Basarabi	44.0056	23.0092	1330	Dolj	RO
Yakasinek	38.5517	31.1725	1330	Afyonkarahisar Province	TR
Sovkhoznoye	45.9601	33.7715	1330	Crimea	UA
Megadim	32.7265	34.9615	1329	Haifa	IL
Bağlıca	37.5271	40.6862	1329	Mardin	TR
Néa Éfesos	40.2292	22.4981	1328	Central Macedonia	GR
Komletinci	45.1497	18.9492	1328	Vukovar-Srijem	HR
Ighișu Nou	46.1112	24.3492	1328	Sibiu County	RO
Cătina	45.0098	25.7840	1328	Prahova	RO
Taraš	45.4674	20.1987	1328	Vojvodina	RS
Gündoğan	40.1705	27.6307	1328	Balıkesir	TR
Okhotskoye	45.4861	34.8640	1328	Crimea	UA
Súr	47.3690	18.0304	1327	Komárom-Esztergom	HU
Moișeni	47.9280	23.4683	1327	Satu Mare County	RO
Ostanino	45.3273	35.9130	1327	Crimea	UA
Neochorópoulo	39.6255	20.8356	1326	Epirus	GR
Valea Arini	47.1269	26.2938	1326	Neamț County	RO
Talpa-Ogrăzile	44.2873	25.2933	1326	Teleorman County	RO
Berlişte	44.9867	21.4631	1326	Caraș-Severin County	RO
Balaban	40.6868	30.0840	1326	Kocaeli	TR
Avlón	37.3653	21.8020	1325	Peloponnese	GR
Rădești	45.0718	25.0021	1325	Arges	RO
Bistrița	45.1861	24.0401	1325	Vâlcea County	RO
Monospitovo	41.4156	22.7529	1324	Bosilovo	MK
Tătuleşti	44.6333	24.6333	1324	Olt	RO
Cornești	46.2922	24.2128	1324	Mureș County	RO
Zhankhoteko	43.5642	43.2106	1324	Kabardino-Balkariya Republic	RU
Çatağıl	37.6880	30.3865	1324	Burdur	TR
Güllübahçe	37.6658	27.3204	1324	Aydın	TR
Vozdvyzhivka	47.7520	36.0802	1324	Zaporizhzhia	UA
Geráki	36.9923	22.7066	1323	Peloponnese	GR
H̱innanit	32.4800	35.1736	1323	West Bank	PS
Lăpușel	47.6183	23.4791	1323	Maramureş	RO
Boğazören	37.5275	43.0089	1323	Şırnak	TR
Gündeş	37.3070	43.4469	1323	Hakkâri	TR
Mayisyan	40.8471	43.8394	1322	Shirak	AM
Shemokmedi	41.9096	42.0669	1322	Guria	GE
Bahrām	38.4337	45.7159	1322	East Azerbaijan	IR
Tisa	47.9484	23.9577	1322	Maramureş	RO
Kovanlık	37.1422	30.5847	1321	Antalya	TR
Ilichanka	46.6120	30.8124	1321	Odesa	UA
Lunca	45.2002	25.4435	1320	Dâmbovița County	RO
Gura Vulcanei	45.0244	25.3960	1320	Dâmbovița County	RO
Abovyan	40.0485	44.5474	1319	Ararat	AM
Madzharovo	41.6346	25.8644	1319	Haskovo	BG
Secu	44.4667	23.3000	1319	Dolj	RO
Săcăşeni	47.4833	22.6833	1319	Satu Mare County	RO
Piatra	44.4049	28.5614	1319	Constanța County	RO
Hârtoape	47.3216	26.7246	1319	Iași County	RO
Soltanivka	47.8606	30.1147	1319	Odesa	UA
Herla	47.4429	26.0125	1318	Suceava	RO
Mihajlovo	45.4708	20.4151	1318	Vojvodina	RS
Lisne	46.4677	29.3499	1318	Odesa	UA
Desovo	41.4628	21.4911	1317	Dolneni	MK
Moúlki	37.9932	22.7253	1316	Peloponnese	GR
H̱emed	32.0159	34.8428	1316	Central District	IL
Lown-e Sādāt	34.8837	46.7007	1316	Kurdistan Province	IR
Straja	46.4399	26.3626	1316	Bacău County	RO
Liubcova	44.6589	21.8956	1316	Caraș-Severin County	RO
Eşme	37.1549	40.6412	1316	Mardin	TR
Novooleksandrivka	46.2686	33.4130	1316	Kherson	UA
Bendzary	47.9288	29.6770	1316	Odesa	UA
Šički Brod	44.5230	18.5947	1315	Federation of B&H	BA
Miladinovci	41.9803	21.6498	1315	Ilinden	MK
Grčec	41.9881	21.3303	1315	Grad Skopje	MK
Iazu	44.7312	27.4207	1315	Ialomița County	RO
Hemeiuș	46.6264	26.8544	1315	Bacău County	RO
Dulcești	43.9051	28.5480	1315	Constanța County	RO
Ulupınar	36.4534	30.4323	1315	Antalya	TR
Kaşlıca	37.8136	37.9556	1315	Adıyaman Province	TR
Jorăști	45.7148	27.2633	1314	Vrancea	RO
Bobulești	47.7514	27.2270	1314	Botoșani County	RO
Kataro	37.3429	40.2490	1314	Mardin	TR
Pappadátes	39.3144	20.7931	1313	Epirus	GR
Colţi	45.3833	26.3833	1313	Buzău County	RO
Bădeni	47.4058	26.9490	1313	Iași County	RO
Şatırlı	36.9839	30.9460	1313	Antalya	TR
Petekkaya	38.0948	39.4355	1313	Diyarbakır Province	TR
Malorichenske	44.7589	34.5579	1313	Crimea	UA
Hirsivka	46.6404	35.3946	1313	Zaporizhzhia	UA
Kríkellos	38.9453	21.1791	1312	West Greece	GR
Șimon	45.4848	25.3566	1312	Brașov County	RO
Pusta	47.2460	22.7237	1312	Sălaj County	RO
Moldoveni	43.7777	24.7280	1312	Teleorman County	RO
Filia	46.1441	25.6214	1312	Covasna County	RO
Akimovka	45.5198	34.8244	1312	Crimea	UA
Argyropoúli	39.8257	22.3069	1311	Thessaly	GR
Zāvīyeh-e Ḩasan Khān	38.5615	44.8782	1311	West Azerbaijan	IR
Capari	41.0566	21.1788	1311	Bitola	MK
Poiana Blenchii	47.3000	23.7500	1311	Sălaj County	RO
Bosut	44.9298	19.3609	1311	Vojvodina	RS
Çamlık	37.4931	30.7025	1311	Burdur	TR
Kızılay	39.9213	32.8505	1311	Ankara	TR
Giera	45.4072	20.9922	1310	Timiș County	RO
Dolheștii Mici	47.4363	26.5518	1310	Suceava	RO
Curtea	45.8167	22.3000	1310	Timiș County	RO
Naydenovka	45.2709	34.4490	1310	Crimea	UA
Bardzrashen	40.0853	44.5796	1309	Ararat	AM
Borota	46.2660	19.2228	1309	Bács-Kiskun	HU
Montesardo	39.8757	18.3397	1309	Apulia	IT
Sânnicoară	46.7899	23.7257	1309	Cluj County	RO
Galbeni	46.4566	26.9466	1309	Bacău County	RO
Cuzap	47.2029	22.4152	1309	Bihor County	RO
Copăcele	45.5000	22.1000	1309	Caraș-Severin County	RO
Akçay	36.6022	29.7463	1309	Antalya	TR
Ivănești	46.6348	27.4605	1308	Vaslui County	RO
Dumbrava	46.3097	26.8909	1308	Bacău County	RO
Selimiye	36.7054	28.0933	1308	Muğla	TR
Berezovka	45.5747	33.3440	1308	Crimea	UA
Lithakiá	37.7193	20.8301	1307	Ionian Islands	GR
Breb	47.7485	23.9049	1307	Maramureş	RO
Düzce	38.2416	26.8159	1307	İzmir Province	TR
Pervomaisc	46.6986	29.0909	1306	Căuşeni	MD
Dobarce	41.9553	21.0888	1306	Zhelino	MK
Traian	45.0288	28.2352	1306	Tulcea County	RO
Scheia	47.1172	26.8815	1306	Iași County	RO
Pribești	46.9100	27.7966	1306	Vaslui County	RO
Pietrosu	47.3412	26.6082	1306	Iași County	RO
Geamăna	44.8201	24.8911	1306	Arges	RO
Habibfaki	41.1677	35.1936	1306	Samsun	TR
Ternuvate	47.8299	36.1297	1306	Zaporizhzhia	UA
Ostrivne	45.7603	29.1535	1306	Odesa	UA
Arkoúdi	37.8468	21.1102	1305	West Greece	GR
Bustan HaGalil	32.9512	35.0830	1305	Northern District	IL
Voetin	45.4437	27.1459	1305	Vrancea	RO
Jichişu de Jos	47.1167	23.8000	1305	Cluj County	RO
Vânători	47.2333	27.5333	1304	Iași County	RO
Valea Borcutului	47.3748	24.6529	1304	Bistrița-Năsăud County	RO
Balçıkhisar	38.4397	30.5192	1304	Afyonkarahisar Province	TR
Nova Dolyna	46.4010	30.5828	1304	Odesa	UA
Alek	34.8028	46.8452	1303	Kurdistan Province	IR
Crnilište	41.5303	21.4142	1303	Dolneni	MK
Săcel	46.3000	24.9333	1303	Harghita County	RO
Coșula	47.6257	26.7783	1303	Botoșani County	RO
Üçpınar	38.7342	27.3616	1303	Manisa	TR
Kardashynka	46.5538	32.6162	1303	Kherson	UA
Gara Hitrino	43.4333	26.9167	1302	Shumen	BG
Pithári	35.5167	24.0865	1302	Crete	GR
Shefayim	32.2174	34.8250	1302	Central District	IL
Vānlūjeq	38.4506	45.5266	1302	East Azerbaijan	IR
Clit	47.7540	25.8569	1302	Suceava	RO
Ciocănari	44.6977	25.9772	1302	Dâmbovița County	RO
Evci	40.0303	44.1441	1302	Iğdır	TR
Çakmak	38.1540	39.9566	1302	Diyarbakır Province	TR
Itéa	39.4567	22.1658	1301	Thessaly	GR
Bistrinci	45.6917	18.3986	1301	County of Osijek-Baranja	HR
Sohodol	45.0553	22.8819	1301	Gorj County	RO
Maryanivka	47.4437	30.1501	1301	Odesa	UA
Aleksandrovka	45.5765	34.0995	1301	Crimea	UA
Beshinji Zobujug	39.5758	47.3957	1300	Fuzuli District	AZ
Anaklia	42.3930	41.5623	1300	Samegrelo and Zemo Svaneti	GE
Jieni	43.9509	24.5935	1300	Olt	RO
Arefu	45.3333	24.6000	1300	Arges	RO
Fettahlı	36.9917	30.8120	1300	Antalya	TR
Čabra	42.9067	20.7725	1300	Mitrovica	XK
Géfyra	36.6872	23.0351	1299	Peloponnese	GR
Monastiráki	38.8505	20.9446	1299	West Greece	GR
Sat-Șugatag	47.7980	23.9064	1299	Maramureş	RO
Rucăreni	45.9944	26.6550	1299	Vrancea	RO
Comănești	47.6694	25.9884	1299	Suceava	RO
Cărand	46.4500	22.0833	1299	Arad County	RO
Saratak	40.6709	43.8723	1298	Shirak	AM
Aşağı Küngüt	41.0650	47.2546	1298	Shaki	AZ
Pásion	38.0129	22.7281	1298	Peloponnese	GR
H̱erut	32.2398	34.9148	1298	Central District	IL
Coşeiu	47.3167	22.9833	1298	Sălaj County	RO
Cocoreni	44.8277	23.3141	1298	Gorj County	RO
Buda	46.7623	27.4211	1298	Vaslui County	RO
Metalist	47.8246	38.2920	1298	Donetsk	UA
Perivóli	39.4194	20.0147	1297	Ionian Islands	GR
Cosmeștii-Vale	45.8693	27.2877	1297	Galați County	RO
Tavriia	46.3295	33.0279	1297	Kherson	UA
Loutrós	40.5887	22.3998	1296	Central Macedonia	GR
Păltineni	45.3960	26.3233	1296	Buzău County	RO
Drănic	44.0552	23.8468	1296	Dolj	RO
Krivaja	44.5502	19.5915	1296	Central Serbia	RS
Khlibodarivka	47.4789	37.4015	1296	Donetsk	UA
Arini	46.3500	27.1833	1295	Bacău County	RO
Telcișor	47.4600	24.4516	1295	Bistrița-Năsăud County	RO
Larga	46.3506	26.5332	1295	Bacău County	RO
Dobrița	45.1350	23.1741	1295	Gorj County	RO
Cuejdiu	46.9904	26.2946	1295	Neamț County	RO
Crovu	44.5895	25.5368	1295	Dâmbovița County	RO
Novohorivka	47.3687	35.5487	1295	Zaporizhzhia	UA
Diavatós	40.5461	22.2669	1294	Central Macedonia	GR
Zdrapți	46.1561	22.8695	1294	Hunedoara County	RO
Schiulești	45.2847	25.9540	1294	Prahova	RO
Gözlükuyu	38.1847	34.1092	1294	Aksaray	TR
Çalpınar	37.3654	41.1857	1294	Mardin	TR
Emirdoğan	37.8629	27.9453	1294	Aydın	TR
Qabaqçöl	41.7526	46.2705	1293	Balakan District	AZ
Polenitsa	41.5667	23.3000	1293	Blagoevgrad	BG
Peștișu Mare	45.8019	22.9270	1293	Hunedoara County	RO
Comoșteni	43.8740	23.8636	1293	Dolj	RO
Yenipazar	40.1783	30.5200	1293	Bilecik	TR
Cerić	45.3114	18.8561	1292	Vukovar-Srijem	HR
Timrat	32.7031	35.2234	1292	Northern District	IL
Brebu	45.4203	21.9925	1292	Caraș-Severin County	RO
Epitálio	37.6268	21.4953	1291	West Greece	GR
Jankovec	41.1103	21.0114	1291	Resen	MK
Bīr al Bāshā	32.4202	35.2301	1291	West Bank	PS
Mustafalar	37.1141	35.5111	1291	Adana	TR
Ladimirevci	45.6256	18.4486	1290	County of Osijek-Baranja	HR
Vladimirovo	41.7100	22.7928	1290	Berovo	MK
Robeasca	45.1600	27.1410	1290	Buzău County	RO
Popești	44.3044	25.9637	1290	Giurgiu County	RO
Ghizela	45.8242	21.7372	1290	Timiș County	RO
Conduratu	44.9724	26.4337	1290	Prahova	RO
Köprübaşı	36.1091	32.8434	1290	Mersin	TR
Norashen	40.8768	45.4572	1289	Tavush	AM
Vărăști	44.2124	26.9719	1289	Călărași County	RO
Cataloi	45.0958	28.7286	1289	Tulcea County	RO
Sofiyivka	47.6829	32.3616	1289	Mykolaiv	UA
Royítika	38.1827	21.6841	1288	West Greece	GR
Ceardac	45.6697	27.1661	1288	Vrancea	RO
Bogei	47.2655	22.3608	1288	Bihor County	RO
Papraqan	42.5528	20.3311	1288	Gjakova	XK
Apaj	47.1133	19.0881	1287	Pest County	HU
Tsofit	32.1939	34.9205	1287	Central District	IL
Esenpınar	36.5904	34.1139	1287	Mersin	TR
Tabachnoye	45.6126	34.6150	1287	Crimea	UA
Kalýves Polygýrou	40.2866	23.3903	1286	Central Macedonia	GR
Dâmbovicioara	44.6757	25.5537	1286	Dâmbovița County	RO
Tabanović	44.8202	19.6413	1286	Central Serbia	RS
Kırıkdağ	37.5565	43.9478	1286	Hakkâri	TR
Argalastí	39.2263	23.2187	1285	Thessaly	GR
Arfará	37.1562	22.0449	1285	Peloponnese	GR
Mangêsh	37.0361	43.0957	1285	Duhok	IQ
Ocnița	46.8627	24.4868	1285	Bistrița-Năsăud County	RO
Chircești	46.8463	27.8492	1285	Vaslui County	RO
Băneasa	43.9397	24.9500	1285	Teleorman County	RO
Aruch	40.2875	44.0780	1284	Aragatsotn	AM
Chalkiádes	39.1598	20.9329	1284	Epirus	GR
Cristești	47.1622	27.0816	1284	Iași County	RO
Žujince	42.3157	21.7021	1284	Central Serbia	RS
Arpașu de Sus	45.7344	24.6191	1283	Sibiu County	RO
Gazi	37.2958	35.8524	1283	Adana	TR
Dushnik	40.7319	19.9528	1282	Berat County	AL
Mădăraș	46.6049	24.4345	1282	Mureș County	RO
Karakesek	37.3250	37.2430	1282	Gaziantep	TR
Kosel	41.1744	20.8356	1281	Ohrid	MK
Modrany	47.8236	18.3520	1281	Nitra Region	SK
Sevinç	39.7800	30.6889	1281	Eskişehir	TR
Stânca	47.2307	26.1314	1280	Neamț County	RO
Români	44.9731	24.2051	1280	Vâlcea County	RO
Aghavnadzor	40.5785	44.6995	1279	Kotayk	AM
Banite	41.6167	25.0167	1279	Smolyan	BG
Vălcani	46.0036	20.3986	1279	Timiș County	RO
Tomeşti	46.2167	22.6500	1279	Hunedoara County	RO
Lăpuşnicel	44.9831	22.2269	1279	Caraș-Severin County	RO
Ghimeș	46.5682	26.0889	1279	Bacău County	RO
Chelința	47.4531	23.3180	1279	Maramureş	RO
Iráklion	40.7568	23.0356	1278	Central Macedonia	GR
Novy	44.9338	40.1694	1278	Adygeya Republic	RU
Koramanlar	41.4137	32.1915	1278	Zonguldak Province	TR
Velykokomarivka	47.0859	29.6476	1278	Odesa	UA
Shahumyan	40.2139	44.3001	1277	Armavir	AM
Plopi	47.9598	29.1607	1277	Transnistria	MD
Krušopek	41.9965	21.3436	1277	Grad Skopje	MK
Tufeni	45.0579	25.8398	1277	Prahova	RO
Sălcioara	45.3087	27.1769	1277	Buzău County	RO
Brazi	45.4872	22.8404	1277	Hunedoara County	RO
Kovalı	37.1912	40.2539	1277	Mardin	TR
Sukhyi Lyman	46.3921	30.6458	1277	Odesa	UA
Sarigyugh	41.0353	45.1449	1276	Tavush	AM
Dolno Količani	41.8864	21.4856	1276	Studenichani	MK
Valea Părului	45.3637	26.7771	1276	Buzău County	RO
Valea Arinilor	46.4979	26.5092	1276	Bacău County	RO
Vadu Roșca	45.6386	27.4572	1276	Vrancea	RO
Poiana Vadului	46.4000	22.8833	1276	Alba County	RO
Milcoiu	45.0500	24.4667	1276	Vâlcea County	RO
Glod	45.2416	25.4499	1276	Dâmbovița County	RO
Mağaralı	36.9689	38.0744	1276	Şanlıurfa	TR
Çevrimova	37.8400	41.2729	1276	Batman	TR
Kalós Agrós	41.1054	24.0857	1275	East Macedonia and Thrace	GR
Păpăuți	45.7833	26.1333	1275	Covasna County	RO
Dorobanțu	44.3542	26.3934	1275	Călărași County	RO
Umanskiy	46.2360	39.2669	1275	Krasnodar Krai	RU
Batal’noye	45.1940	35.6158	1275	Crimea	UA
Duhanas	40.7211	19.9933	1274	Berat County	AL
Ts’inubani	41.7014	45.0117	1274	Tbilisi	GE
Potamiá	40.7163	24.7286	1274	East Macedonia and Thrace	GR
Ulaş	36.9971	34.7822	1274	Mersin	TR
Kumlu	37.1722	40.7357	1274	Mardin	TR
Bilousivka	47.4216	31.5329	1274	Mykolaiv	UA
Avlonárion	38.5033	24.1251	1273	Central Greece	GR
Cheshmīdar	35.1662	46.5369	1273	Kurdistan Province	IR
Libotin	47.5054	23.9683	1273	Maramureş	RO
Bâsca Chiojdului	45.3712	26.1836	1273	Buzău County	RO
Orhanlı	38.1676	26.9520	1273	İzmir Province	TR
Drépanon	37.5389	22.8932	1272	Peloponnese	GR
Logovardi	41.0310	21.4097	1272	Bitola	MK
Vâlcele	46.2980	26.6000	1272	Bacău County	RO
Tritenii de Sus	46.6054	23.9985	1272	Cluj County	RO
Săliștea	45.9074	23.3979	1272	Alba County	RO
Peştişu Mic	45.8000	22.8833	1272	Hunedoara County	RO
Iedera de Sus	45.0417	25.6308	1272	Dâmbovița County	RO
Bicaz	47.4667	23.0333	1272	Maramureş	RO
Yaylalı	36.5144	32.1059	1272	Antalya	TR
Altıntaş	37.6193	28.3092	1272	Aydın	TR
Tahtalıkaradut	36.9411	36.9183	1272	Kilis	TR
Samankaya	36.1503	36.1283	1272	Hatay	TR
Mishmar Ha‘Emeq	32.6096	35.1428	1271	Northern District	IL
Munteni	47.3153	27.1384	1271	Iași County	RO
Paşamandıra	41.1847	29.2493	1271	Istanbul	TR
Saralanj	40.6212	44.0204	1270	Shirak	AM
Odaia Turcului	44.6978	25.4508	1270	Dâmbovița County	RO
Miceştii de Câmpie	46.8667	24.3167	1270	Bistrița-Năsăud County	RO
Yeşilöz	36.3890	32.2109	1270	Antalya	TR
Medvedevka	45.8839	34.5556	1270	Crimea	UA
Ruzhintsi	43.6218	22.8329	1269	Vidin	BG
Sedlarevo	41.8831	21.1275	1269	Zhelino	MK
Rasa	44.2140	27.1472	1269	Călărași County	RO
Poienarii Burchii	44.7500	26.0167	1269	Prahova	RO
Igriș	46.1131	20.7850	1269	Timiș County	RO
Făgetu	45.1367	26.0202	1269	Prahova	RO
Drăghinești	44.4309	25.4261	1269	Teleorman County	RO
Elmalı	36.9500	29.2333	1269	Denizli	TR
Dağlıca	37.4318	42.7761	1269	Şırnak	TR
Adámas	36.7251	24.4469	1268	South Aegean	GR
Sióagárd	46.3927	18.6534	1268	Tolna County	HU
Ocina de Sus	45.2006	25.5988	1268	Prahova	RO
Güveçli	38.8470	40.5245	1268	Bingöl	TR
Yukarı Taşyalak	36.9631	40.1319	1268	Şanlıurfa	TR
Bilenke	46.0528	30.3778	1268	Odesa	UA
Lupareve	46.6917	31.9750	1268	Mykolaiv	UA
Turda	44.9750	28.6240	1267	Tulcea County	RO
Tășad	46.9377	22.1252	1267	Bihor County	RO
Şinteu	47.1500	22.4833	1267	Bihor County	RO
Izimșa	44.1782	22.9565	1267	Mehedinți County	RO
Bozioru	45.3833	26.4833	1267	Buzău County	RO
Karahıdırlı	36.7349	34.2702	1267	Mersin	TR
Odradivka	46.3776	34.4459	1267	Kherson	UA
Vári	37.3986	24.9490	1266	South Aegean	GR
Moșneni	43.9349	28.5313	1266	Constanța County	RO
Olhivka	46.7924	33.1960	1266	Kherson	UA
Exochi	40.6302	23.0427	1265	Central Macedonia	GR
Soroní	36.3621	28.0027	1265	South Aegean	GR
Vraneštica	41.4450	21.0268	1265	Kichevo	MK
Strâmbeni	44.4690	24.9732	1265	Arges	RO
Oporelu	44.6000	24.4167	1265	Olt	RO
Islaz	44.4612	26.3872	1265	Ilfov	RO
Bâlta	45.1179	23.1022	1265	Gorj County	RO
Lipnica Gornja	44.5951	18.6231	1264	Federation of B&H	BA
Káto Asítai	35.2027	24.9983	1264	Crete	GR
Almáskert	47.4108	19.2090	1264	Budapest	HU
Beranci	41.1597	21.3596	1264	Mogila	MK
Ștefănești	47.7917	27.2005	1264	Botoșani County	RO
Aprozi	44.2662	26.5021	1264	Călărași County	RO
Doruklu	37.3420	42.3825	1264	Şırnak	TR
Mykolaivka	47.7529	32.8470	1264	Mykolaiv	UA
Norashen	40.6572	44.0770	1263	Aragatsotn	AM
Pliska	43.3667	27.1167	1263	Shumen	BG
Graikochóri	39.4979	20.2761	1263	Epirus	GR
Áno Kómi	40.2266	21.8283	1263	West Macedonia	GR
Bet HaShitta	32.5519	35.4389	1263	Northern District	IL
Leuca	39.7995	18.3581	1263	Apulia	IT
Santa Maria di Leuca	39.8003	18.3567	1263	Apulia	IT
Zorești	45.1818	26.7029	1263	Buzău County	RO
Țibeni	47.8162	26.0244	1263	Suceava	RO
Sodomeni	47.2223	26.6881	1263	Iași County	RO
Râu Alb de Jos	45.1365	25.3474	1263	Dâmbovița County	RO
Marga	45.5000	22.5167	1263	Caraș-Severin County	RO
Uzveće	44.8786	19.6036	1263	Central Serbia	RS
Blahodatne	47.7004	37.4192	1263	Donetsk	UA
Palaiochóri	40.4919	23.6493	1262	Central Macedonia	GR
Zimbor	47.0000	23.2667	1262	Sălaj County	RO
Castrele Traiane	44.2287	23.1392	1262	Dolj	RO
Čokešina	44.6532	19.3902	1262	Central Serbia	RS
Purani	43.9799	25.4366	1261	Teleorman County	RO
Copaciu	44.1818	25.7692	1261	Giurgiu County	RO
Jazovo	45.8988	20.2213	1261	Vojvodina	RS
Sokolovo Brdo	43.1369	19.8056	1261	Central Serbia	RS
Vladimirovka	45.1476	33.5758	1261	Crimea	UA
Băjești	45.0262	24.9401	1260	Arges	RO
Baciu	44.3315	25.4443	1260	Teleorman County	RO
Gömbe	36.5531	29.6686	1260	Antalya	TR
Altınkaya	38.6174	33.7811	1260	Aksaray	TR
Çinik	41.1899	36.4698	1260	Samsun	TR
Pamiatne	46.3668	32.2174	1260	Kherson	UA
Baltazarivka	46.4158	33.4062	1260	Kherson	UA
Kopliku i Siperm	42.2283	19.4667	1259	Shkodër County	AL
Asímion	35.0432	25.0928	1259	Crete	GR
Aroanía	37.8847	22.0122	1259	West Greece	GR
Torre San Giovanni	39.8900	18.1116	1259	Apulia	IT
Zimnicele	43.6613	25.4129	1259	Teleorman County	RO
Văleni	46.9029	26.3895	1259	Neamț County	RO
Valea Merilor	44.4717	24.6561	1259	Olt	RO
Brăiești	47.4967	26.0718	1259	Suceava	RO
Mirnovka	45.6908	34.3097	1259	Crimea	UA
Grammenítsa	39.1844	20.9793	1258	Epirus	GR
Enisala	44.8796	28.8187	1258	Tulcea County	RO
Călacea	46.6769	21.9329	1258	Bihor County	RO
Livada de Bihor	47.0104	21.8084	1257	Bihor County	RO
Gerali	37.9010	28.9122	1257	Denizli	TR
Novoselivka	47.1639	30.8263	1257	Odesa	UA
Bukovik	41.9710	21.2390	1256	Grad Skopje	MK
Valea Târsei	45.1771	25.6332	1256	Prahova	RO
Racovița	44.8393	25.6208	1256	Dâmbovița County	RO
Merghindeal	45.9667	24.7333	1256	Sibiu County	RO
Aran	37.4480	40.7480	1256	Mardin	TR
Çakırca	40.4706	29.6633	1256	Bursa Province	TR
Kyselivka	47.0020	32.4700	1256	Mykolaiv	UA
Gogaran	40.8925	44.1992	1255	Lori	AM
Kakopetriá	34.9877	32.9047	1255	Nicosia	CY
Skarmagkás	38.0113	23.6030	1255	Attica	GR
Tătaru	45.1000	26.3333	1255	Prahova	RO
Schitu	43.9428	28.6283	1255	Constanța County	RO
Palekastro	35.1979	26.2543	1254	Crete	GR
Palaiá Fókaia	37.7200	23.9479	1254	Attica	GR
Anbī	37.5162	44.7657	1254	West Azerbaijan	IR
Boiu Mare	47.4000	23.5833	1254	Maramureş	RO
Dikbıyık	41.2208	36.6150	1254	Samsun	TR
Eğercili	41.2350	36.5739	1254	Samsun	TR
Krithiá	40.8418	22.9829	1253	Central Macedonia	GR
Uda-Paciurea	43.8798	24.7238	1253	Teleorman County	RO
Sârbi	47.9427	26.9182	1252	Botoșani County	RO
Deja	47.3554	23.1830	1252	Sălaj County	RO
Broșteni	44.7205	25.5094	1252	Dâmbovița County	RO
Pámfila	39.1570	26.5217	1251	North Aegean	GR
Maḩalleh-ye Kāfī ol Malek	38.1387	45.5708	1251	East Azerbaijan	IR
Çiçektepe	38.2864	30.5422	1251	Afyonkarahisar Province	TR
Sokolinoye	44.5504	33.9590	1251	Crimea	UA
Chernopolye	45.0440	34.6392	1251	Crimea	UA
Narek	40.0004	44.6648	1250	Ararat	AM
Podnovlje	44.9483	18.1167	1250	Srpska	BA
Bademağacı	36.6165	32.0923	1250	Antalya	TR
Lëbushë	42.5631	20.2908	1250	Gjakova	XK
Samaticë	40.8059	19.7516	1249	Berat County	AL
Aidipsós	38.8792	23.0469	1249	Central Greece	GR
‘En HaMifrats	32.9031	35.0962	1249	Northern District	IL
Giuggianello	40.0938	18.3689	1249	Apulia	IT
Horia	44.6333	28.1167	1249	Constanța County	RO
Brătești	46.3254	26.6433	1249	Bacău County	RO
Anghelești	46.0787	27.0646	1249	Vrancea	RO
Ševica	44.5088	21.7230	1249	Central Serbia	RS
Meneou	34.8608	33.5931	1248	Larnaka	CY
Merișani	44.1167	25.3998	1248	Teleorman County	RO
Guruieni	44.0585	25.3966	1248	Teleorman County	RO
Caporal Alexa	46.3379	21.5832	1248	Arad County	RO
Blăjani	45.3167	26.8167	1248	Buzău County	RO
Arcuș	45.9008	25.7767	1248	Covasna County	RO
Novyi Svit	44.8309	34.9137	1248	Crimea	UA
Soltszentimre	46.7714	19.2870	1247	Bács-Kiskun	HU
Moara Domnească	46.7145	27.7589	1247	Vaslui County	RO
Pochetnoye	45.9950	33.7659	1247	Crimea	UA
Yelpin	39.8083	45.1099	1246	Vayots Dzor	AM
Cracăul Negru	47.0936	26.2406	1246	Neamț County	RO
Borča	44.8697	20.4541	1246	Central Serbia	RS
Sinošević	44.6150	19.6360	1246	Central Serbia	RS
Karadağ	36.3792	29.8656	1246	Antalya	TR
Verbove	47.4265	35.9928	1246	Zaporizhzhia	UA
Bácsborsód	46.0987	19.1581	1245	Bács-Kiskun	HU
Spinuş	47.2000	22.2000	1245	Bihor County	RO
Holt	46.5786	26.9750	1245	Bacău County	RO
Gurbediu	46.7938	21.8648	1245	Bihor County	RO
Gemenea Brătulești	45.1084	25.2315	1245	Dâmbovița County	RO
Alunișu	44.3388	26.0584	1245	Ilfov	RO
Asprókhoma	37.0478	22.0748	1244	Peloponnese	GR
Prčanj	42.4575	18.7422	1244	Kotor	ME
Gradec	41.8507	22.5113	1244	Vinica	MK
Cârniceni	47.3394	27.5051	1244	Iași County	RO
Bademli	39.0276	26.8245	1244	İzmir Province	TR
Bademli	38.3875	26.9569	1244	İzmir Province	TR
Tsaghkaber	40.7985	44.1014	1243	Lori	AM
Haykavan	40.8031	43.7517	1243	Shirak	AM
Daşüz	41.0971	47.0837	1243	Shaki	AZ
Bučin	41.2738	21.3169	1243	Krushevo	MK
Brăniștari	44.1763	26.0595	1243	Giurgiu County	RO
Dorumali	36.8050	38.8531	1243	Şanlıurfa	TR
Yastrubynove	47.5056	31.3935	1243	Mykolaiv	UA
Khachaghbyur	40.1681	45.6926	1242	Gegharkunik	AM
Crângu	43.8461	25.0735	1242	Teleorman County	RO
Ranchpar	40.0279	44.3695	1241	Ararat	AM
Spuž	42.5150	19.1950	1241	Danilovgrad	ME
Ma‘ale Efrayim	32.0714	35.3987	1241	West Bank	PS
Șerbănești	44.6814	24.9924	1241	Arges	RO
Năvodari	43.7421	25.0941	1241	Teleorman County	RO
Mardarivka	47.5363	29.7371	1241	Odesa	UA
Dalnyk	46.2257	30.5298	1241	Odesa	UA
Likarstvenne	44.9419	33.8223	1241	Crimea	UA
Verșeni	47.1129	26.6434	1240	Iași County	RO
Sârbi	47.1932	22.1222	1240	Bihor County	RO
Minare	36.9308	39.0044	1240	Şanlıurfa	TR
Yağınözü	41.1690	35.3955	1240	Samsun	TR
Rosishka	47.9881	24.0688	1240	Zakarpattia	UA
Políkhronon	40.0166	23.5283	1239	Central Macedonia	GR
Halânga	44.6812	22.6904	1239	Mehedinți County	RO
Dara	47.8164	22.7522	1239	Satu Mare County	RO
Cintei	46.4443	21.5656	1239	Arad County	RO
Karlı	37.4913	44.2434	1239	Hakkâri	TR
Nor Kyurin	40.0739	44.4973	1238	Ararat	AM
Itamar	32.1747	35.3094	1238	West Bank	PS
Bucșești	46.4838	26.5823	1238	Bacău County	RO
Köseli	37.8388	40.6081	1238	Diyarbakır Province	TR
Kargalık	37.0514	30.1811	1238	Antalya	TR
Peléndri	34.8960	32.9682	1237	Limassol	CY
Koška	45.5453	18.2858	1237	County of Osijek-Baranja	HR
Poiana	47.4930	26.8639	1237	Iași County	RO
Alaylı	37.0561	30.8840	1237	Antalya	TR
Büyükkılıçlı	41.1666	28.1905	1237	Istanbul	TR
Kallithéa	40.0737	23.4464	1236	Central Macedonia	GR
Dolno Orizari	41.0503	21.3794	1236	Bitola	MK
Poiana Mărului	47.4119	26.0408	1236	Suceava	RO
Plopeni	43.9509	28.1945	1236	Constanța County	RO
Gura Putnei	47.8995	25.5951	1236	Suceava	RO
Cărbunari	44.8344	21.7442	1236	Caraș-Severin County	RO
Göktaş	37.4863	40.1670	1236	Mardin	TR
Taşlı Pınar Mahallesi	38.4098	41.9200	1236	Bitlis	TR
Kakavadzor	40.3541	44.0543	1235	Aragatsotn	AM
Bata	42.7382	27.4972	1235	Burgas	BG
Sde Neẖemya	33.1879	35.6242	1235	Northern District	IL
Karalarbahşiş	36.1592	32.8583	1235	Mersin	TR
Büyükköy	37.1572	30.3061	1235	Antalya	TR
Khreshchatytske	47.2330	37.9275	1235	Donetsk	UA
Lusakunk	40.1778	45.6914	1234	Gegharkunik	AM
Vanand	40.1031	43.8151	1234	Armavir	AM
Poriyya	32.7445	35.5386	1234	Northern District	IL
Drăgușeni	47.9054	23.0778	1234	Satu Mare County	RO
Călinești	47.8033	26.1534	1234	Suceava	RO
Ocaklı	37.9335	28.2827	1234	Aydın	TR
Yarove	46.0449	29.0959	1234	Odesa	UA
Mesariá	36.3989	25.4481	1233	South Aegean	GR
Rém	46.2473	19.1414	1233	Bács-Kiskun	HU
Nireș	47.1150	23.9809	1233	Cluj County	RO
Kojori	41.6589	44.7001	1232	Kvemo Kartli	GE
Mărginenii de Sus	44.9317	25.7523	1232	Dâmbovița County	RO
Găvănești	45.0883	27.0650	1232	Buzău County	RO
Fetești	47.4093	26.9089	1232	Iași County	RO
Ciocârlia de Sus	44.1171	28.3340	1232	Constanța County	RO
Gülpınar	39.5328	26.1206	1232	Canakkale	TR
Hlyboke	45.7304	29.6085	1232	Odesa	UA
Kavásila	37.8758	21.2642	1231	West Greece	GR
Valea Dacilor	44.1949	28.3178	1231	Constanța County	RO
Poieni	46.8333	26.3500	1231	Neamț County	RO
Peșteana de Jos	44.8333	23.2697	1231	Gorj County	RO
Izvoarele	44.3096	22.6635	1231	Mehedinți County	RO
Hırkatolu	38.4062	33.9308	1231	Aksaray	TR
Ljubin	42.0014	21.3092	1230	Grad Skopje	MK
Cuciulata	45.9439	25.2754	1230	Brașov County	RO
Bircii	44.5167	24.6032	1230	Olt	RO
Çakırkaş	38.7673	39.9715	1230	Elazığ	TR
Berizky	47.9029	30.5495	1230	Mykolaiv	UA
Ulëz	41.6828	19.8933	1229	Dibër County	AL
Răchita	45.8383	22.1061	1229	Timiș County	RO
Dâmbău	46.3200	24.2344	1229	Mureș County	RO
Boghicea	47.0541	27.0694	1229	Neamț County	RO
Örtülüce	40.3819	27.2059	1229	Canakkale	TR
Castiglione	39.9833	18.3500	1228	Apulia	IT
Smirna	44.7240	27.3548	1228	Ialomița County	RO
Fișer	46.0791	25.1510	1228	Brașov County	RO
Ciochiuța	44.6031	23.1170	1228	Mehedinți County	RO
Blânzi	45.9357	27.6506	1228	Galați County	RO
Joševa	44.5877	19.4097	1228	Central Serbia	RS
Shevchenkove	47.5437	32.5280	1228	Mykolaiv	UA
Sis	40.0583	44.3889	1227	Ararat	AM
Neochóri	41.0523	23.5800	1227	Central Macedonia	GR
Páhi	46.7129	19.3869	1227	Bács-Kiskun	HU
Petkovica	44.6663	19.4392	1227	Central Serbia	RS
Bajč	47.9262	18.2074	1227	Nitra Region	SK
Beşpınar	37.8371	41.6022	1227	Batman	TR
Stepanivka Persha	46.4760	35.5479	1227	Zaporizhzhia	UA
Novosofiivka	46.1649	32.5059	1227	Kherson	UA
Ach’andara	43.1887	40.7193	1226	Abkhazia	GE
Kalamákion	37.7417	20.9029	1226	Ionian Islands	GR
Nămoloasa	45.5361	27.5523	1226	Galați County	RO
Moftinu Mic	47.6867	22.6005	1226	Satu Mare County	RO
Gheorghieni	46.7139	23.6885	1226	Cluj County	RO
Sudugunu	39.0466	40.4323	1226	Bingöl	TR
Mitrofanovka	45.4511	34.6788	1226	Crimea	UA
Geghanist	40.6847	44.0233	1225	Shirak	AM
Profítis Ilías	40.8137	22.1617	1225	Central Macedonia	GR
Teleormanu	43.9627	25.4588	1225	Teleorman County	RO
Caraclău	46.3070	26.7164	1225	Bacău County	RO
Gennadi	36.0236	27.9233	1224	South Aegean	GR
Joldești	47.5600	26.5770	1224	Botoșani County	RO
Çamlıca	36.3934	32.4278	1224	Antalya	TR
Mutaflar	37.6109	28.0883	1224	Aydın	TR
Topaly	47.6018	29.2980	1224	Odesa	UA
Meghrashen	40.6702	43.9565	1223	Shirak	AM
Satnica Ðakovačka	45.3558	18.3781	1223	County of Osijek-Baranja	HR
Bogomila	41.5931	21.4717	1223	Chashka	MK
Trestiana	46.2000	27.6500	1223	Vaslui County	RO
Coropceni	46.9419	27.8371	1223	Iași County	RO
Ciofliceni	44.6812	26.1192	1223	Ilfov	RO
Kayacı	36.6442	34.1916	1223	Mersin	TR
Kyryakivka	47.0566	31.8508	1223	Mykolaiv	UA
Davydiv Brid	47.2392	33.1909	1223	Kherson	UA
Astrakhanka	46.9505	35.6537	1223	Zaporizhzhia	UA
Sekirnik	41.4400	22.7954	1222	Bosilovo	MK
Țelna	46.1590	23.5010	1222	Alba County	RO
Scheiu de Jos	44.9346	25.1999	1222	Dâmbovița County	RO
Ciuchici	44.9414	21.6100	1222	Caraș-Severin County	RO
Mala Ivanča	44.5896	20.6163	1222	Central Serbia	RS
Gücünkaya	38.3845	34.1333	1222	Aksaray	TR
Agarak	41.0107	44.4684	1221	Lori	AM
Polydéndri	38.2160	23.8681	1221	Attica	GR
Pantazi	44.9349	26.1402	1221	Prahova	RO
Pīr Kandī	38.7150	45.1037	1220	West Azerbaijan	IR
‘Ajjūl	32.0223	35.1797	1220	West Bank	PS
Topana	44.8167	24.5167	1220	Olt	RO
Sacoșu Mare	45.5850	21.7296	1220	Timiș County	RO
Roșcani	47.5335	26.5491	1220	Suceava	RO
Buești	44.5447	27.1873	1220	Ialomița County	RO
Üçkavak	37.4951	40.9687	1220	Mardin	TR
Ağılboğazı	37.4829	35.8251	1220	Adana	TR
Çeltiksuyu	38.8568	40.5776	1220	Bingöl	TR
Oluklu	40.3075	42.8844	1220	Kars Province	TR
Zybiny	45.2367	34.6499	1220	Crimea	UA
Vasylivka	45.5217	29.1632	1220	Odesa	UA
Fioletovo	40.7236	44.7166	1219	Lori	AM
Rubla	45.3530	27.0753	1219	Buzău County	RO
Chóra	37.7037	26.9045	1218	North Aegean	GR
Vrănești	44.8460	25.0072	1218	Arges	RO
Ungureni	44.8715	25.3918	1218	Dâmbovița County	RO
Sânnicolau Român	46.9610	21.7147	1218	Bihor County	RO
Lacu Sărat	45.2187	27.8876	1218	Brăila County	RO
Calomfirești	43.9174	25.3580	1218	Teleorman County	RO
Uspenivka	47.0608	36.6059	1218	Zaporizhzhia	UA
Mykolayivka-Novorosiyska	46.1344	29.9042	1218	Odesa	UA
Bila Krynytsya	47.3493	33.1972	1218	Kherson	UA
Roșiori	44.2563	22.9284	1217	Mehedinți County	RO
Hacılar	41.4911	32.0930	1217	Zonguldak Province	TR
Kocatepe	37.0418	37.6921	1216	Gaziantep	TR
İğdir	36.9067	34.6432	1216	Mersin	TR
Bīlverdī	38.2597	46.8705	1215	East Azerbaijan	IR
Vrani	45.0383	21.4925	1215	Caraș-Severin County	RO
Gökçebağ	37.7806	30.3792	1215	Burdur	TR
Havaleas	40.8203	19.8969	1214	Berat County	AL
Áno Lekhónia	39.3276	23.0540	1214	Thessaly	GR
Rovine	44.6954	27.0936	1214	Ialomița County	RO
Buznea	47.1951	27.0157	1214	Iași County	RO
Băduleasa	43.9229	24.9827	1214	Teleorman County	RO
Arghira	47.4541	26.4725	1214	Suceava	RO
Tršić	44.4950	19.2649	1214	Central Serbia	RS
Témeni	38.2371	22.1253	1213	West Greece	GR
Néa Seléfkeia	39.5246	20.2552	1213	Epirus	GR
Myrsíni	37.9212	21.2370	1213	West Greece	GR
Limnokhórion	38.1412	21.4805	1213	West Greece	GR
Batsra	32.2138	34.8782	1213	Central District	IL
Ghimpețeni	44.2810	24.7746	1213	Olt	RO
Căpeni	46.0411	25.5786	1213	Covasna County	RO
Muravlivka	45.5635	29.1568	1213	Odesa	UA
Dobrushino	45.3744	33.3655	1213	Crimea	UA
Melíti	40.8343	21.5843	1212	West Macedonia	GR
Rummāna	32.7886	35.3110	1212	Northern District	IL
Sağlıklı	37.0332	34.9083	1212	Mersin	TR
Novopokrovka	45.4220	34.4505	1212	Crimea	UA
Velyka Balka	46.5614	30.6089	1212	Odesa	UA
Konak	45.3158	20.9147	1211	Vojvodina	RS
Tenistoye	44.7430	33.6681	1211	Crimea	UA
Bannivka	45.6886	28.9227	1211	Odesa	UA
Dzithankov	40.5085	43.8209	1210	Shirak	AM
Omvriakí	39.1012	22.2711	1210	Central Greece	GR
Țolici	47.1184	26.4484	1210	Neamț County	RO
Tepeköy	39.0879	27.1071	1210	İzmir Province	TR
Usatove	46.5155	30.6090	1210	Odesa	UA
Hryhorivka	47.3289	36.2765	1210	Zaporizhzhia	UA
Olteanca	43.8305	24.7960	1209	Teleorman County	RO
Yif‘at	32.6768	35.2235	1208	Northern District	IL
Voievodeasa	47.7995	25.7494	1208	Suceava	RO
Surdulești	44.3922	24.9580	1208	Arges	RO
Peceiu	47.1242	22.8624	1208	Sălaj County	RO
Rumska	44.5726	19.5899	1208	Central Serbia	RS
Karateke	37.7569	29.2192	1208	Denizli	TR
Kalanchak	45.5406	28.7937	1208	Odesa	UA
Hartagyugh	40.8346	44.0461	1207	Lori	AM
Chesinț	46.0497	21.5794	1207	Arad County	RO
Augustin	46.0461	25.5533	1207	Brașov County	RO
Kirişçiler	37.0436	30.7003	1207	Antalya	TR
Kırca	38.5082	31.2274	1207	Afyonkarahisar Province	TR
Vesela Dolyna	46.2322	29.3239	1207	Odesa	UA
Husarka	47.3598	36.5231	1207	Zaporizhzhia	UA
Byuravan	40.0160	44.5189	1206	Ararat	AM
Lesichovo	42.3563	24.1119	1206	Pazardzhik	BG
Zonianá	35.2950	24.8294	1206	Crete	GR
Roviés	38.8097	23.2307	1206	Central Greece	GR
Umbrărești	45.8484	27.9184	1206	Galați County	RO
Bata	46.0167	22.0333	1206	Arad County	RO
Shave Tsiyyon	32.9810	35.0833	1205	Northern District	IL
Goričani	42.3322	19.2119	1205	Podgorica	ME
Grnčari	41.0172	21.0533	1205	Resen	MK
Letca Nouă	44.2350	25.7426	1205	Giurgiu County	RO
Cărășeu	47.7413	23.0980	1205	Satu Mare County	RO
Hryhorivka	47.6943	35.3570	1205	Zaporizhzhia	UA
Mándalo	40.8568	22.2126	1204	Central Macedonia	GR
Zebegény	47.7998	18.9110	1204	Pest County	HU
Răcăuți	46.2248	26.7872	1204	Bacău County	RO
Salavatlı	37.8912	28.1033	1204	Aydın	TR
Gökçeler	36.9678	35.1103	1204	Adana	TR
Krymka	47.9378	30.7648	1204	Mykolaiv	UA
Kurskoye	45.0291	34.9362	1204	Crimea	UA
Rudeni	44.4724	25.9733	1203	Ilfov	RO
Rânzești	46.2210	28.0947	1203	Vaslui County	RO
Porumbenii Mari	46.2755	25.1362	1203	Harghita County	RO
Huta Certeze	47.9258	23.4871	1203	Satu Mare County	RO
Bâlta	44.5356	23.4702	1203	Dolj	RO
Adorjan	46.0033	20.0401	1203	Vojvodina	RS
Tosmurlu	36.3835	33.9011	1203	Mersin	TR
Andriivka	46.2210	30.0848	1203	Odesa	UA
Mughni	40.3120	44.3667	1202	Aragatsotn	AM
Portariá	40.2841	23.2955	1202	Central Macedonia	GR
Bobota	45.4211	18.8539	1202	Vukovar-Srijem	HR
Pleașov	43.8497	24.7489	1202	Teleorman County	RO
Lunca	47.2276	26.2998	1202	Neamț County	RO
Falcău	47.9109	25.4691	1202	Suceava	RO
Căstău	45.8147	23.2117	1202	Hunedoara County	RO
Sarchapet	41.1960	44.3843	1201	Lori	AM
Lárimna	38.5656	23.2848	1201	Central Greece	GR
Káto Dhiminió	38.0249	22.7329	1201	Peloponnese	GR
Virós	39.5834	19.8827	1201	Ionian Islands	GR
Tirat Yehuda	32.0139	34.9342	1201	Central District	IL
Dâmbroca	45.1233	26.9558	1201	Buzău County	RO
Broșteni	47.3046	26.5562	1201	Suceava	RO
Rudnik	44.1398	20.4940	1201	Central Serbia	RS
Kozjak	44.5873	19.2841	1201	Central Serbia	RS
Krasnoznamenka	45.2868	34.0004	1201	Crimea	UA
Orsant’ia	42.4678	41.6738	1200	Samegrelo and Zemo Svaneti	GE
Kamárai	38.2988	21.9989	1200	West Greece	GR
Dömös	47.7616	18.9131	1200	Komárom-Esztergom	HU
Geva‘ Karmel	32.6627	34.9556	1200	Haifa	IL
Bābelābād	38.8774	45.0955	1200	West Azerbaijan	IR
Lipci	42.4972	18.6581	1200		ME
Războieni	47.2175	27.0504	1200	Iași County	RO
Balşa	46.0333	23.1167	1200	Hunedoara County	RO
Lagja e Poshtme	42.3885	21.7297	1200	Central Serbia	RS
İzzettin	41.1765	28.5039	1200	Istanbul	TR
Kosuriq	42.5703	20.4647	1200	Pec	XK
Elishama‘	32.1521	34.9283	1199	Central District	IL
Rachieri	44.9544	26.1284	1199	Prahova	RO
Moșnița Veche	45.7355	21.3340	1199	Timiș County	RO
Marin	47.1275	22.8105	1199	Sălaj County	RO
Balıklıova	38.4212	26.5867	1199	İzmir Province	TR
Sengān	37.0136	45.0644	1198	West Azerbaijan	IR
Pogonești	46.1523	27.5323	1198	Vaslui County	RO
Nána	47.8136	18.6965	1198	Nitra Region	SK
Krasne	46.8230	31.3959	1198	Mykolaiv	UA
Kaló Chorió	35.0446	26.1569	1197	Crete	GR
Zagăr	46.3500	24.6167	1197	Mureș County	RO
Sânger	46.5583	24.1377	1197	Mureș County	RO
Piscu Nou	43.9240	23.1792	1197	Dolj	RO
Otetelișu	44.6384	23.9592	1197	Vâlcea County	RO
Tabdi	46.6819	19.3265	1196	Bács-Kiskun	HU
Viișoara	44.8812	25.4273	1196	Dâmbovița County	RO
Aghireș	47.1616	23.0176	1196	Sălaj County	RO
Efeköy	38.5989	30.6286	1196	Afyonkarahisar Province	TR
Palaiokómi	40.8707	23.9012	1195	Central Macedonia	GR
Rinnatya	32.0443	34.9276	1195	Central District	IL
Riẖaniya	33.0490	35.4881	1195	Northern District	IL
Tavriiske	46.6919	35.6091	1195	Zaporizhzhia	UA
Archontochóri	38.7005	21.0390	1194	West Greece	GR
Szakmár	46.5554	19.0753	1194	Bács-Kiskun	HU
Dorna-Arini	47.3383	25.4074	1194	Suceava	RO
Cayönü	38.1355	41.5031	1194	Batman	TR
Slavyanskoye	45.7277	33.3216	1194	Crimea	UA
Kfar Netter	32.2733	34.8736	1193	Central District	IL
Orodel	44.2333	23.2333	1193	Dolj	RO
Bârlogu	44.6266	25.0807	1193	Arges	RO
Karaçallı	36.8910	30.8682	1193	Antalya	TR
Dmytrivka	46.6319	31.7388	1193	Mykolaiv	UA
Alámpra	34.9890	33.3989	1192	Nicosia	CY
Grizáno	39.6319	22.0526	1192	Thessaly	GR
Néa Róda	40.3812	23.9237	1192	Central Macedonia	GR
Lespezi	46.1603	27.2406	1192	Vrancea	RO
Ariniş	47.5000	23.2333	1192	Maramureş	RO
Oktyabr’skoye	45.6553	33.9492	1192	Crimea	UA
Vanáton	37.7945	20.8519	1191	Ionian Islands	GR
Rimetea	46.4500	23.5667	1191	Alba County	RO
Plutonița	47.4808	25.7915	1191	Suceava	RO
Drajna de Sus	45.2571	26.0739	1191	Prahova	RO
Ljukovo	45.0260	20.0274	1191	Vojvodina	RS
Bogosavac	44.7180	19.5953	1191	Central Serbia	RS
Kirazlıyayla	36.9783	29.2028	1191	Denizli	TR
Kfar H̱ittim	32.8001	35.5030	1190	Northern District	IL
Sal‘it	32.2430	35.0527	1190	West Bank	PS
Stroești	45.1295	24.7942	1190	Arges	RO
Iazu Nou	47.4827	27.2091	1190	Iași County	RO
Drăguș	45.7615	24.7791	1190	Brașov County	RO
Yavuzlu	36.6955	37.2720	1190	Kilis	TR
Adatepe	41.1786	35.4549	1190	Samsun	TR
Lepetykha	47.3274	33.0502	1190	Mykolaiv	UA
Alífeira	37.5392	21.8627	1189	West Greece	GR
Zmeu	47.1916	27.1792	1189	Iași County	RO
Trei Sate	46.4757	24.8986	1189	Mureș County	RO
Tecuci	44.3418	24.8597	1189	Teleorman County	RO
Salcia	45.1833	26.3333	1189	Prahova	RO
Palanca	44.8156	26.2000	1189	Prahova	RO
Greci	44.6613	25.3435	1189	Dâmbovița County	RO
Kuštilj	45.0349	21.3799	1189	Vojvodina	RS
Makrychóri	39.4398	21.9658	1188	Thessaly	GR
Álli Meriá	39.3704	22.9835	1188	Thessaly	GR
Ḩīq	38.3828	47.5810	1188	Ardabil Province	IR
Lisičani	41.4614	21.0544	1188	Plasnica	MK
Făclia	44.2804	28.1058	1188	Constanța County	RO
Coconi	44.2477	26.8841	1188	Călărași County	RO
Bădeana	46.1500	27.5833	1188	Vaslui County	RO
Kamyane	47.8753	35.3965	1188	Zaporizhzhia	UA
Dzorakap	40.5681	43.8807	1187	Shirak	AM
Răcarii de Sus	44.5354	23.5575	1187	Dolj	RO
Lozna	47.3167	23.4667	1187	Sălaj County	RO
Glodeni	45.0635	25.4534	1187	Dâmbovița County	RO
Balș	47.2963	26.9786	1187	Iași County	RO
I. C. Brătianu	45.4058	28.0538	1187	Tulcea County	RO
Boyunlu	38.2278	40.9849	1187	Diyarbakır Province	TR
Vynohradne	47.2250	31.0990	1187	Odesa	UA
Basen	40.7577	43.9927	1186	Shirak	AM
Tal El	32.9282	35.1813	1186	Northern District	IL
Nalīvān	37.0630	45.1214	1186	West Azerbaijan	IR
Ciorăști	46.1138	27.4531	1186	Galați County	RO
Ulyap	45.0538	39.9466	1186	Adygeya Republic	RU
Sergen	38.3013	40.3569	1186	Diyarbakır Province	TR
Çakırkaya	37.6518	40.1682	1186	Diyarbakır Province	TR
Bahşılar	38.2418	40.0236	1186	Diyarbakır Province	TR
Kumari	47.9359	30.6693	1186	Mykolaiv	UA
Berezan	46.5694	30.4303	1186	Odesa	UA
Salhany	46.1525	30.3433	1186	Odesa	UA
Sikyón	37.9823	22.7246	1185	Peloponnese	GR
Mārāb	34.7612	46.8280	1185	Kurdistan Province	IR
Pohronský Ruskov	47.9736	18.6563	1185	Nitra Region	SK
Dokuchayeve	47.8300	32.6300	1185	Kirovohrad	UA
Palaiókipos	39.0556	26.4505	1184	North Aegean	GR
Talea	45.2256	25.5643	1184	Prahova	RO
Podoleni	45.7483	27.4466	1184	Galați County	RO
Pietrari	45.0938	25.2929	1184	Dâmbovița County	RO
Drăghici	45.1287	25.0451	1184	Arges	RO
Covrigi	44.7383	23.1492	1184	Gorj County	RO
Kanachut	40.0095	44.5453	1183	Ararat	AM
Palaiomonástiro	39.4627	21.6579	1182	Thessaly	GR
Būrīdar	35.1997	46.5119	1182	Kurdistan Province	IR
Aydınkonak	37.8946	41.1641	1181	Batman	TR
Tochylove	47.7712	29.7487	1181	Odesa	UA
Stavrove	47.6159	29.5563	1181	Odesa	UA
Liubomyrka	47.7634	29.4849	1181	Odesa	UA
Ágios Vasíleios	40.6642	23.1137	1180	Central Macedonia	GR
Sajóörös	47.9500	21.0333	1180	Borsod-Abaúj-Zemplén	HU
Vânători	46.6246	21.6733	1180	Arad County	RO
Laznica	44.2403	21.8100	1180	Central Serbia	RS
Akpınar	41.2806	28.8073	1180	Istanbul	TR
Shyrokyne	47.0984	37.8180	1180	Donetsk	UA
Chekhohrad	46.8275	35.1189	1180	Zaporizhzhia	UA
Maiak	47.9654	38.0292	1180	Donetsk	UA
Luchyste	44.7365	34.4006	1180	Crimea	UA
Pyrgetós	39.5528	21.7485	1179	Thessaly	GR
Orashac	42.0625	21.7997	1179		MK
Mânău	47.4818	23.2625	1179	Maramureş	RO
Angelochóri	40.4972	22.8344	1178	Central Macedonia	GR
Áfytos	40.0992	23.4367	1178	Central Macedonia	GR
Līvār-e Bālā	38.5512	45.6766	1178	East Azerbaijan	IR
Gugești	46.7634	27.9005	1178	Vaslui County	RO
Drăgăneasa	45.1047	25.6814	1178	Prahova	RO
Akkonak	38.5239	30.8945	1178	Afyonkarahisar Province	TR
Krrabë	41.2156	19.9714	1177	Tirana	AL
Șiclău	46.4912	21.3683	1177	Arad County	RO
Dobrotinet	44.4796	24.3473	1177	Olt	RO
Yıllarca	37.7378	40.1440	1177	Diyarbakır Province	TR
Gökpınar	36.7500	29.9548	1177	Antalya	TR
Mória	39.1325	26.5170	1176	North Aegean	GR
Próti	40.9441	24.0012	1176	Central Macedonia	GR
Néo Agionéri	40.8083	22.7073	1176	Central Macedonia	GR
Giv‘at H̱ayyim Iẖud	32.3996	34.9327	1176	Central District	IL
Zorlenţu Mare	45.4506	21.9561	1176	Caraș-Severin County	RO
Voșlăbeni	46.6500	25.6333	1176	Harghita County	RO
İkizce	36.8626	37.7743	1176	Gaziantep	TR
Yevhenivka	47.0871	32.9029	1176	Mykolaiv	UA
Băile Borșa	47.6842	24.7139	1175	Maramureş	RO
Zavetnoye	45.1230	36.3997	1175	Crimea	UA
Vyzyrka	46.6859	30.9991	1175	Odesa	UA
Akner	39.5349	46.3073	1174	Syunik	AM
Costești	47.2343	26.9262	1174	Iași County	RO
Dzhayrakh	42.8236	44.6765	1174	Ingushetiya Republic	RU
Fevzipaşa	37.0942	36.6372	1173	Gaziantep	TR
Kastráki	39.7169	21.6186	1172	Thessaly	GR
Goruna	45.0870	25.9420	1172	Prahova	RO
Dealu	44.3994	25.6486	1172	Giurgiu County	RO
Vernashen	39.7924	45.3639	1171	Vayots Dzor	AM
Harich	40.6095	44.0031	1171	Shirak	AM
Fáros	38.3996	23.6227	1171	Central Greece	GR
Lákkoma	40.3914	23.0558	1171	Central Macedonia	GR
Bne Dror	32.2622	34.8992	1171	Central District	IL
Viișoara	46.2833	26.6619	1171	Bacău County	RO
Merii Petchii	44.7353	26.3005	1171	Ilfov	RO
Balda	46.7335	24.1436	1171	Mureș County	RO
Çardaklı	37.2321	42.5843	1171	Şırnak	TR
Novonikolayevka	45.3085	36.0575	1171	Crimea	UA
Zangakatun	39.8223	45.0417	1170	Ararat	AM
Shamiram	40.2765	44.0985	1170	Aragatsotn	AM
Lusaghbyur	40.8614	44.0349	1170	Lori	AM
Káto Pýrgos	35.1790	32.6860	1170	Nicosia	CY
Suceagu	46.7843	23.4651	1170	Cluj County	RO
Greci	44.3302	24.5592	1170	Olt	RO
Cadea	47.3118	22.0622	1170	Bihor County	RO
Kozjak	45.1826	20.8638	1170	Vojvodina	RS
Khindakh	42.4009	46.9692	1170	Dagestan	RU
Karaağaçkuyusu	38.0183	29.7817	1170	Afyonkarahisar Province	TR
Çukurköy	38.4526	40.3398	1170	Diyarbakır Province	TR
Ukrayinka	46.8259	32.1424	1170	Mykolaiv	UA
Artashar	40.1111	44.1833	1169	Armavir	AM
Domnești-Târg	46.0167	27.1833	1169	Vrancea	RO
Lálas	37.7094	21.7212	1168	West Greece	GR
Buliga	44.3573	27.7922	1168	Ialomița County	RO
Magazinka	45.8631	34.0497	1168	Crimea	UA
Émponas	36.2268	27.8564	1167	South Aegean	GR
Bukor	44.4952	19.5712	1167	Central Serbia	RS
Kurna	40.9592	29.3356	1167	Istanbul	TR
Racu	46.4518	25.7606	1166	Harghita County	RO
Ploștina	44.8240	22.9879	1166	Gorj County	RO
Burzuc	47.1555	22.1710	1166	Bihor County	RO
Koilás	37.4123	23.1255	1165	Peloponnese	GR
Matsuva	33.0635	35.1576	1165	Northern District	IL
Mișca	46.6028	21.6000	1165	Arad County	RO
Dumbrava	47.0758	27.5517	1165	Iași County	RO
Ulugöz	36.3548	33.9395	1165	Mersin	TR
Akvara	43.2389	40.3947	1164	Abkhazia	GE
Vânători	47.3598	26.7642	1164	Iași County	RO
Turnu	46.2576	21.1266	1164	Arad County	RO
Orevița Mare	44.4571	22.9132	1164	Mehedinți County	RO
Işıklar	36.9942	40.1264	1164	Şanlıurfa	TR
Kalí Vrýsi	41.1465	23.9067	1163	East Macedonia and Thrace	GR
Zăuan	47.2249	22.6633	1163	Sălaj County	RO
Răsmireşti	43.9833	25.5500	1163	Teleorman County	RO
Pleșoi	44.3508	23.5334	1163	Dolj	RO
Părhăuți	47.7106	26.0901	1163	Suceava	RO
Lunca Jariștei	45.4823	26.2548	1163	Buzău County	RO
Feneș	46.1043	23.2951	1163	Alba County	RO
Bodești	45.1417	24.1155	1163	Vâlcea County	RO
Faydalı	37.2254	35.5800	1163	Adana	TR
Kargı	36.7013	29.0756	1163	Muğla	TR
Fülöpjakab	46.7422	19.7213	1162	Bács-Kiskun	HU
Poria Illit	32.7319	35.5463	1162	Northern District	IL
H̱agor	32.1393	34.9470	1162	Central District	IL
Valea Șoșii	46.4618	26.5499	1162	Bacău County	RO
Roșiori	47.2568	21.9521	1162	Bihor County	RO
Pietroasa	45.8333	22.4000	1162	Timiș County	RO
Cepari	44.4973	24.1712	1162	Olt	RO
Arpi	39.7389	45.2667	1161	Vayots Dzor	AM
Loukísia	38.4795	23.4480	1161	Central Greece	GR
Vanyarc	47.8257	19.4527	1161	Nógrád	HU
Patru Frați	44.7367	26.4706	1161	Ialomița County	RO
Dimăcheni	47.9114	26.5456	1161	Botoșani County	RO
Brădicești	46.8481	27.9027	1161	Iași County	RO
Başaran	37.8617	28.5436	1161	Aydın	TR
Novomykolaivka	46.9661	32.3587	1161	Mykolaiv	UA
Pakharevka	45.8347	34.1613	1161	Crimea	UA
Mihai Bravu	47.2578	21.9381	1160	Bihor County	RO
Goești	47.1565	27.1366	1160	Iași County	RO
Dârjiu	46.2000	25.2000	1160	Harghita County	RO
Cociu	47.1993	24.2324	1160	Bistrița-Năsăud County	RO
Cârja	46.1488	28.1101	1160	Vaslui County	RO
Petrivka	46.9981	31.7637	1160	Mykolaiv	UA
Malynivka	47.1704	37.2326	1160	Donetsk	UA
Voskehat	40.2779	44.2751	1159	Aragatsotn	AM
Zemo-Barghebi	42.5666	41.6542	1159	Abkhazia	GE
Ramot Menashe	32.5975	35.0569	1159	Northern District	IL
Gurgurnica	41.8451	21.1054	1159	Brvenica	MK
Tămașda	46.6445	21.5569	1159	Bihor County	RO
Radomir	44.1212	24.1683	1159	Dolj	RO
Geriş	41.5683	32.4357	1159	Bartın	TR
Aragyugh	40.4029	44.5445	1158	Kotayk	AM
Mosfilotí	34.9532	33.4252	1158	Larnaka	CY
Pigí	39.5106	21.7010	1158	Thessaly	GR
Donji Žabar	44.9432	18.6467	1157	Srpska	BA
Pánormos	35.4181	24.6909	1157	Crete	GR
Taxiárches	39.5757	21.8925	1157	Thessaly	GR
Rizómata	40.3506	22.2108	1157	Central Macedonia	GR
An Nabī Ilyās	32.1848	35.0176	1157	West Bank	PS
Goșmani	46.8362	26.7152	1157	Neamț County	RO
Ciocănești	47.4811	25.2791	1157	Suceava	RO
C.A. Rosetti	45.3000	29.5667	1157	Tulcea County	RO
Blândiana	45.9794	23.3854	1157	Alba County	RO
Dimitrov	40.0085	44.4917	1156	Ararat	AM
Kouloúra	40.5465	22.3179	1156	Central Macedonia	GR
Valea Mare	45.7627	26.0120	1156	Covasna County	RO
Urca	46.5489	23.9619	1156	Cluj County	RO
Mărunțișu	45.2861	26.3542	1156	Buzău County	RO
Dranovățu	44.4362	24.2789	1156	Olt	RO
Eğrice	37.3618	37.3315	1156	Kahramanmaraş	TR
Nevve Yamin	32.1722	34.9393	1155	Central District	IL
Dolna	47.1219	28.2703	1155	Strășeni	MD
Hociungi	46.8131	26.7760	1155	Neamț County	RO
Sultan	41.0254	26.4523	1155	Edirne	TR
Komuniga	41.8000	25.2333	1154	Kardzhali	BG
Aparhant	46.3287	18.4490	1154	Tolna County	HU
Bănești	47.5895	26.5234	1154	Suceava	RO
Kargınküre	36.7644	28.8459	1154	Muğla	TR
Nishor	42.4239	20.8017	1154	Prizren	XK
Briješće	45.5242	18.6272	1153	County of Osijek-Baranja	HR
Mănăștur	46.0095	21.1336	1153	Arad County	RO
Karaisalı	36.1332	32.9935	1153	Mersin	TR
Bazaryanka	45.8873	30.1459	1153	Odesa	UA
Shaki	39.5650	45.9986	1152	Syunik	AM
Zalha	47.1833	23.5333	1152	Sălaj County	RO
Tariverde	44.5627	28.6025	1152	Constanța County	RO
Cârligi	46.7658	26.8505	1152	Bacău County	RO
Ayía Triás	37.6371	22.8050	1151	Peloponnese	GR
Tataháza	46.1741	19.3003	1151	Bács-Kiskun	HU
Zăval	43.8472	23.8421	1151	Dolj	RO
Padea	44.0213	23.8683	1151	Dolj	RO
Moara Grecilor	46.6715	27.7457	1151	Vaslui County	RO
Greceanca	45.0786	26.5447	1151	Buzău County	RO
Ciușlea	45.7876	27.3064	1151	Vrancea	RO
‘En Ayyala	32.6290	34.9448	1150	Haifa	IL
Mal	47.0698	22.8144	1150	Sălaj County	RO
Crivina	44.7864	26.0560	1150	Prahova	RO
Sonyachnohirske	44.7472	34.5400	1150	Crimea	UA
Krasnokamyanka	44.9245	35.0754	1150	Crimea	UA
Haghtanak	41.2172	44.9138	1149	Tavush	AM
Stârciu	47.0875	22.9200	1149	Sălaj County	RO
Giurtelecu Șimleului	47.2968	22.7956	1149	Sălaj County	RO
Jvari	42.7169	42.0520	1148	Samegrelo and Zemo Svaneti	GE
Podeni	44.8814	22.5433	1148	Mehedinți County	RO
Pietrișu	43.7251	25.6746	1148	Giurgiu County	RO
Floroaia	45.6950	26.0156	1148	Covasna County	RO
Saracalarçiftliği	40.0739	32.9698	1148	Ankara	TR
Demirli	37.4046	39.9708	1147	Mardin	TR
Nor Artamet	40.3005	44.5579	1146	Kotayk	AM
Loutráki	40.9712	21.9466	1146	Central Macedonia	GR
Paralía Ofryníou	40.7666	23.9004	1146	East Macedonia and Thrace	GR
Asfestān	37.9342	47.6001	1146	East Azerbaijan	IR
Prelipca	47.6108	26.3541	1146	Suceava	RO
Nistru	47.7209	23.4550	1146	Maramureş	RO
Limpeziș	44.9536	26.7049	1146	Buzău County	RO
Izvoare	46.9101	26.4701	1146	Neamț County	RO
Ionășeni	47.7303	26.9933	1146	Botoșani County	RO
Chițorani	44.9746	26.1190	1146	Prahova	RO
Kaldırım	36.6905	35.5370	1146	Adana	TR
Bulutlu	36.7358	39.3939	1146	Şanlıurfa	TR
Novokairy	47.0140	33.6006	1146	Kherson	UA
Popovi	44.7655	19.2867	1145	Srpska	BA
Anávra	39.1900	22.0931	1145	Thessaly	GR
Ognjaci	41.9217	21.5831	1145		MK
Al ‘Aţţārah	32.3257	35.1637	1145	West Bank	PS
‘Ayn al Bayḑā	32.3805	35.5084	1145	West Bank	PS
Turluianu	46.4530	26.6461	1145	Bacău County	RO
Tomyna Balka	46.6244	32.3078	1145	Kherson	UA
Nuntași	44.5376	28.6488	1144	Constanța County	RO
Nicolae Bălcescu	44.9971	28.5876	1144	Tulcea County	RO
Garipçe	38.7707	30.3506	1144	Afyonkarahisar Province	TR
Banivka	46.7505	36.3779	1144	Zaporizhzhia	UA
Be’erotayim	32.3213	34.9827	1143	Central District	IL
Diso	40.0091	18.3914	1143	Apulia	IT
Gerdibi	37.5111	35.1553	1143	Adana	TR
Krasnoflotskoye	45.3157	34.9476	1143	Crimea	UA
Ecseg	47.8981	19.6061	1142	Nógrád	HU
Áporka	47.2333	19.0167	1142	Pest County	HU
Pianu de Jos	45.9353	23.4891	1142	Alba County	RO
Nicolești	46.4392	25.8445	1142	Harghita County	RO
Goruni	47.1039	27.7185	1142	Iași County	RO
Udarnyy	44.3492	42.5053	1142	Karachayevo-Cherkesiya Republic	RU
Kalynivske	47.1168	32.9757	1142	Kherson	UA
Sinitsyno	45.2386	35.2466	1142	Crimea	UA
Hovtashen	40.0251	44.4501	1141	Ararat	AM
Perachóra	38.0302	22.9490	1141	Peloponnese	GR
Strâmtura	47.5808	25.6814	1141	Suceava	RO
Pricaz	45.8593	23.1727	1141	Hunedoara County	RO
Drăgoeşti-Snagov	44.5667	26.5333	1141	Ialomița County	RO
Obid	47.7780	18.6471	1141	Nitra Region	SK
Pınarönü	37.2798	42.3347	1141	Şırnak	TR
Ceritler	37.4692	35.3875	1141	Adana	TR
Bozön	36.8026	34.4964	1141	Mersin	TR
Akçakaya	39.5758	27.8675	1141	Balıkesir	TR
Novodmytrivka	46.2092	34.5160	1141	Kherson	UA
Sitovo	44.0273	27.0198	1140	Silistra	BG
Rodotópi	39.7082	20.7266	1140	Epirus	GR
Murgeşti	45.4000	26.8833	1140	Buzău County	RO
Dezmir	46.7647	23.7245	1140	Cluj County	RO
Bozhüyük	37.9810	41.4133	1140	Siirt	TR
Illinka	45.8178	33.7948	1140	Crimea	UA
Mrgastan	40.2001	44.2779	1139	Armavir	AM
Maggal	32.3853	35.0338	1139	Haifa	IL
Arzanaq	37.9915	47.2172	1139	East Azerbaijan	IR
Bīlevār	38.6748	45.1170	1139	West Azerbaijan	IR
Fâstâci	46.7306	27.4490	1139	Vaslui County	RO
Capu Piscului	45.1800	24.9768	1139	Arges	RO
Buda	44.8244	26.1852	1139	Prahova	RO
Hetin	45.6620	20.7914	1139	Vojvodina	RS
Vardanashen	40.0524	44.1901	1138	Armavir	AM
Madina	40.0764	45.2551	1138	Gegharkunik	AM
Lchap	40.4557	45.0751	1138	Gegharkunik	AM
Domvraína	38.2530	22.9821	1138	Central Greece	GR
Kainoúryion	38.7928	22.7247	1138	Central Greece	GR
Áno Sýros	37.4500	24.9356	1138	South Aegean	GR
Obršani	41.2817	21.3615	1138	Krivogashtani	MK
Runcu	45.1667	24.4500	1138	Vâlcea County	RO
Aşağı Karafakılı	36.7788	36.5578	1138	Hatay	TR
Prámanta	39.5231	21.1014	1137	Epirus	GR
Szelevény	46.8026	20.2028	1137	Jász-Nagykun-Szolnok	HU
‘En Ya‘aqov	33.0099	35.2308	1137	Northern District	IL
Sultana	44.2606	26.8542	1137	Călărași County	RO
Iezeru	44.2862	27.6245	1137	Călărași County	RO
Kocadere	40.6300	29.0300	1137	Yalova	TR
Değirmenaltı	38.4297	42.1753	1137	Bitlis	TR
Ujmisht	41.9083	20.3469	1136	Kukës County	AL
Burgeta	32.3240	34.9623	1136	Central District	IL
Slobozia	47.4772	26.8896	1136	Iași County	RO
Moča	47.7610	18.4079	1136	Nitra Region	SK
Arkhanhelska Sloboda	46.6357	33.7050	1136	Kherson	UA
Uvarovka	45.4511	34.7881	1136	Crimea	UA
H̱osen	32.9987	35.2981	1135	Northern District	IL
Payām	38.3557	45.8129	1135	East Azerbaijan	IR
Ruja	46.0117	24.6505	1135	Sibiu County	RO
Sarıçubuk	38.6663	39.1230	1135	Elazığ	TR
Pýrgos	35.0061	25.1519	1134	Crete	GR
Ayyelet HaShaẖar	33.0227	35.5768	1134	Northern District	IL
Luncșoara	47.0366	22.5421	1134	Bihor County	RO
Poldnëvoye	45.8557	47.9524	1134	Astrakhan Oblast	RU
Vareiá	39.0794	26.5778	1133	North Aegean	GR
Mailat	46.0419	21.1070	1133	Arad County	RO
Forău	46.7107	22.2011	1133	Bihor County	RO
Cozia	47.0032	27.8943	1133	Iași County	RO
Colonia Fabricii	45.7662	22.3146	1133	Timiș County	RO
Cârţişoara	45.7167	24.5833	1133	Sibiu County	RO
Carastelec	47.3000	22.7000	1133	Sălaj County	RO
Darbnik	40.1083	44.3779	1132	Ararat	AM
Shenik	40.2130	43.7703	1132	Armavir	AM
Stános	38.8045	21.1746	1132	West Greece	GR
Mokhós	35.2634	25.4230	1132	Crete	GR
Mataguži	42.3236	19.2728	1132	Podgorica	ME
Plopu	46.3926	26.5027	1132	Bacău County	RO
Lopadea Nouă	46.2909	23.8190	1132	Alba County	RO
Gherteniș	45.4331	21.5813	1132	Caraș-Severin County	RO
Dumbrava	47.2162	26.4631	1132	Neamț County	RO
Göçe	41.1075	29.8537	1132	Istanbul	TR
Çayırbaşı	41.1511	29.6488	1132	Istanbul	TR
Póros	38.1537	20.7712	1131	Ionian Islands	GR
Áyios Thomás	38.2772	23.5891	1131	Central Greece	GR
Kalá Déndra	41.0994	23.4240	1131	Central Macedonia	GR
Agkístri	37.6917	23.3456	1131	Peloponnese	GR
‘Olesh	32.3320	34.9856	1131	Central District	IL
Qīrah	32.1221	35.1717	1131	West Bank	PS
Breaza	47.3511	24.0622	1131	Bistrița-Năsăud County	RO
Bâlvăneşti	44.7975	22.6803	1131	Mehedinți County	RO
Lukanivka	47.9134	30.4656	1131	Mykolaiv	UA
Mýki	41.2438	24.9208	1130	East Macedonia and Thrace	GR
Kalývia	40.7551	22.2175	1130	Central Macedonia	GR
Trpinja	45.4192	18.8992	1130	Vukovar-Srijem	HR
Ramat HaKovesh	32.2174	34.9380	1130	Central District	IL
Valea Izvoarelor	46.4385	24.3760	1130	Mureș County	RO
Sfârcea	44.4861	23.5466	1130	Dolj	RO
Seciu	45.0328	26.0647	1130	Prahova	RO
Cristeștii Ciceului	47.1933	24.0961	1130	Bistrița-Năsăud County	RO
Chier	46.3420	21.8249	1130	Arad County	RO
Buda	47.4032	26.6783	1130	Iași County	RO
Băbeni	45.4464	26.9788	1130	Buzău County	RO
Bağgöze	37.7126	41.9154	1130	Siirt	TR
Stepkivka	47.8913	30.9055	1130	Mykolaiv	UA
Iballë	42.1875	20.0025	1129	Shkodër County	AL
Navur	40.8670	45.3418	1129	Tavush	AM
Aredioú	35.0484	33.1961	1129	Nicosia	CY
Astypálaia	36.5500	26.3500	1129	South Aegean	GR
Kafr Qūd	32.4566	35.2265	1129	West Bank	PS
Pogănești	46.6924	28.1678	1129	Vaslui County	RO
Igești	45.8204	27.1825	1129	Vrancea	RO
Dioșod	47.2924	23.0210	1129	Sălaj County	RO
Bălteni	44.6649	25.6934	1129	Dâmbovița County	RO
Eskihisar	37.9034	28.1313	1129	Aydın	TR
Luganskoye	45.8019	34.2379	1129	Crimea	UA
Kyrás Vrýsi	37.9130	22.9865	1128	Peloponnese	GR
Livezile	45.3903	21.0579	1128	Timiș County	RO
Jabenița	46.7841	24.7967	1128	Mureș County	RO
Căldăraru	44.4131	26.2631	1128	Ilfov	RO
Sofiyivka	46.9059	36.3264	1128	Zaporizhzhia	UA
Izyumovka	45.0444	35.1372	1128	Crimea	UA
Zelenyi Hai	46.9424	32.2418	1128	Mykolaiv	UA
Tsaghkadzor	40.5325	44.7232	1127	Kotayk	AM
Néa Plágia	40.2654	23.2038	1127	Central Macedonia	GR
Káto Kamíla	41.0212	23.4834	1127	Central Macedonia	GR
Vădurele	46.7296	26.5717	1127	Neamț County	RO
Kayış	37.5453	30.3475	1127	Burdur	TR
Ağaçeli	38.9833	40.7000	1127	Bingöl	TR
Sukholuzhzhia	46.2167	30.2640	1127	Odesa	UA
Parapótamos	39.5486	20.3244	1126	Epirus	GR
Potcoava Fălcoeni	44.4948	24.6165	1126	Olt	RO
Falaștoaca	44.1910	26.1848	1126	Giurgiu County	RO
Drăgăești Ungureni	44.9456	25.3105	1126	Dâmbovița County	RO
Erikli	37.2026	37.2849	1126	Gaziantep	TR
Akyar	39.4642	27.9990	1126	Balıkesir	TR
Kumluca	40.7756	31.3292	1126	Düzce	TR
Verkhorechye	44.6974	33.9870	1126	Crimea	UA
Varmahang	34.7952	46.8856	1125	Kurdistan Province	IR
Perișoru	45.1127	27.4982	1125	Brăila County	RO
Pădureni	47.9743	26.3167	1125	Botoșani County	RO
Viile Tecii	46.9333	24.4833	1125	Bistrița-Năsăud County	RO
Iazurile	45.0216	28.9428	1125	Tulcea County	RO
Mala Moštanica	44.6383	20.3060	1125	Central Serbia	RS
Ovayenice	41.1004	28.4188	1125	Istanbul	TR
Stal’noye	45.7081	34.5624	1125	Crimea	UA
Tríkala	40.5981	22.5573	1124	Central Macedonia	GR
Stari Jankovci	45.2619	18.9144	1124	Vukovar-Srijem	HR
Lucăceni	47.7419	22.4782	1124	Satu Mare County	RO
Hărmăneștii Vechi	47.2773	26.8139	1124	Iași County	RO
Shtormovoye	45.2672	33.0869	1124	Crimea	UA
Gosh	40.7305	45.0001	1123	Tavush	AM
Farakláta	38.2024	20.5201	1123	Ionian Islands	GR
Ūdalah	32.1536	35.2765	1123	West Bank	PS
Valea Popii	45.0925	25.0224	1123	Arges	RO
Puieni	44.0767	26.1911	1123	Giurgiu County	RO
Jupânești	45.0667	24.8500	1123	Arges	RO
Karayahşılar	38.2203	29.7292	1123	Denizli	TR
Ostrovskoye	45.7423	34.0661	1123	Crimea	UA
Mámmari	35.1760	33.2043	1122	Nicosia	CY
Malekzādeh	38.1801	45.8485	1122	East Azerbaijan	IR
Deleni	46.2634	24.3412	1122	Mureș County	RO
Alparslan	40.8072	36.3422	1122	Amasya	TR
Angeghakot	39.5695	45.9445	1121	Syunik	AM
Ápsalos	40.8924	22.0571	1121	Central Macedonia	GR
‘Atsmon Segev	32.8659	35.2523	1121	Northern District	IL
Tudor Vladimirescu	43.9476	24.9062	1121	Teleorman County	RO
Scorțaru Vechi	45.2189	27.7549	1121	Brăila County	RO
Cloșani	45.0690	22.8025	1121	Gorj County	RO
Ciucani	46.2570	25.9474	1121	Harghita County	RO
Kurtuluş	36.6333	33.5508	1121	Mersin	TR
Kurtuluş	36.3408	34.0095	1121	Mersin	TR
Viișoara	47.1033	24.4495	1120	Bistrița-Năsăud County	RO
Goiești	44.4833	23.7667	1120	Dolj	RO
Copăceni	46.5968	23.7389	1120	Cluj County	RO
Yazır	36.4756	29.9719	1120	Antalya	TR
Petropavlivka	46.3417	29.5601	1120	Odesa	UA
Kalinino	45.5952	34.2203	1120	Crimea	UA
Alsószentmárton	45.7895	18.3057	1119	Baranya	HU
Valea Dulce	45.1143	26.2079	1119	Prahova	RO
Făgetu	44.9062	24.9116	1119	Arges	RO
Köksalan	37.2783	37.2390	1119	Gaziantep	TR
Aşağı Beğdeş	36.8147	38.9192	1119	Şanlıurfa	TR
Akdiken	36.7250	39.3086	1119	Şanlıurfa	TR
Urozhaynoye	45.3362	35.0686	1119	Crimea	UA
Pavlivka	47.0641	32.8507	1119	Mykolaiv	UA
Koutselió	39.5881	20.9120	1118	Epirus	GR
Allon HaGalil	32.7576	35.2214	1118	Northern District	IL
Igoiu	45.0482	23.8084	1118	Vâlcea County	RO
Baltaköy	37.7800	27.8830	1118	Aydın	TR
Umm el Quṭūf	32.4672	35.0581	1117	Haifa	IL
Mara	47.7555	23.8313	1117	Maramureş	RO
İncesu	41.1643	35.3253	1117	Samsun	TR
Loutrá	39.0570	26.5448	1116	North Aegean	GR
Neos Voutzás	38.0431	23.9775	1116	Attica	GR
Ároktő	47.7333	20.9500	1116	Borsod-Abaúj-Zemplén	HU
Gandāb	33.0507	47.2639	1116	Ilam Province	IR
Urziceanca	44.6305	25.8424	1116	Dâmbovița County	RO
Bogza	45.5080	27.1977	1116	Vrancea	RO
Kolosky	45.2710	33.2997	1116	Crimea	UA
Kiten	43.0833	27.3167	1115	Varna	BG
Kiten	42.2342	27.7749	1115	Burgas	BG
Nitsane ‘Oz	32.3060	35.0039	1115	Central District	IL
Greblești	45.4751	24.3118	1115	Vâlcea County	RO
Baldovinești	45.3218	27.9111	1115	Brăila County	RO
Kayaönü	37.8053	38.1916	1115	Adıyaman Province	TR
Novopoltavka	47.5486	32.5020	1115	Mykolaiv	UA
Nerkin Sasnashen	40.3555	43.9917	1114	Aragatsotn	AM
Slănic	45.2311	24.8941	1114	Arges	RO
Ghizdăvești	44.0576	24.1081	1114	Dolj	RO
Albești-Muru	44.9444	26.2090	1114	Prahova	RO
Tarasivka	46.1446	33.1174	1114	Kherson	UA
Vukatanë	42.0281	19.5478	1113	Shkodër County	AL
Akriní	40.4349	21.9061	1113	West Macedonia	GR
Domrūstān	33.4737	47.2229	1113	Lorestan Province	IR
Tocileni	47.7110	26.7866	1113	Botoșani County	RO
Tihău	47.2272	23.3296	1113	Sălaj County	RO
Mândrești	45.8833	27.7000	1113	Galați County	RO
Jidvei	46.2167	24.1000	1113	Alba County	RO
Iecea Mică	45.8215	20.9232	1113	Timiș County	RO
Balintești	46.0294	27.9220	1113	Galați County	RO
Çelemli	36.8480	35.6487	1113	Adana	TR
Baltaşı	38.5885	39.7884	1113	Elazığ	TR
Poltavka	47.7176	36.4834	1113	Zaporizhzhia	UA
Vârciorova	45.3271	22.3521	1112	Caraș-Severin County	RO
Șaeș	46.1564	24.7689	1112	Mureș County	RO
Cornățel	44.5797	24.9549	1112	Arges	RO
Oropós	38.3033	23.7555	1111	Attica	GR
Anéza	39.0866	20.9230	1111	Epirus	GR
Ólynthos	40.2915	23.3421	1111	Central Macedonia	GR
Filiaș	46.2707	25.0212	1111	Harghita County	RO
Călui	44.4530	24.0636	1111	Olt	RO
Dereyanı	37.4248	40.8623	1111	Mardin	TR
Bıyıklı	37.7591	27.5845	1111	Aydın	TR
Saygeçit	37.2496	35.6255	1111	Adana	TR
Çiftepınar	36.7134	34.3455	1111	Mersin	TR
Páchni	41.3051	24.8944	1110	East Macedonia and Thrace	GR
Sânpetru de Câmpie	46.7159	24.2624	1110	Mureș County	RO
Dobric	47.2469	24.1278	1110	Bistrița-Năsăud County	RO
Cheț	47.4194	22.3388	1110	Bihor County	RO
Ferhatlı	37.4976	35.8797	1110	Adana	TR
Trykhaty	47.1399	31.8208	1110	Mykolaiv	UA
Voznesenske	47.6206	31.5331	1110	Mykolaiv	UA
Bayt Ḩasan	32.2376	35.4041	1109	West Bank	PS
Suseni	44.9009	25.1442	1109	Arges	RO
Mavrodin	44.6492	25.7173	1109	Dâmbovița County	RO
Furtunești	45.4594	26.3976	1109	Buzău County	RO
Chițoc	46.5954	27.6745	1109	Vaslui County	RO
Güzelsu	37.8778	38.9190	1109	Adıyaman Province	TR
Sovkhoznoye	45.0306	34.0107	1109	Crimea	UA
Prokópi	38.7340	23.4906	1108	Central Greece	GR
Ștefan Vodă	46.3169	26.5125	1108	Bacău County	RO
Lunca Prahovei	45.0471	25.7716	1108	Prahova	RO
Hodoni	45.9065	21.0885	1108	Timiș County	RO
Gura Căluiu	44.4590	24.0355	1108	Olt	RO
Bradu	45.7222	24.3323	1108	Sibiu County	RO
Kaynardzha	43.9928	27.5071	1107	Silistra	BG
Ahtopol	42.1001	27.9436	1107	Burgas	BG
Budrovci	45.2711	18.4486	1107	County of Osijek-Baranja	HR
Kafr Şūr	32.2437	35.0639	1107	West Bank	PS
Pojogeni	44.9912	23.4842	1107	Gorj County	RO
Pocruia	45.0447	22.9249	1107	Gorj County	RO
Dalboșeț	44.8640	21.9585	1107	Caraș-Severin County	RO
Cheșereu	47.4278	22.1142	1107	Bihor County	RO
Kayaköy	38.2061	27.8178	1107	İzmir Province	TR
İncesu	37.2190	37.2898	1107	Gaziantep	TR
Zemo Gulripshi	42.9492	41.1368	1106	Abkhazia	GE
Rizó	40.7333	22.1367	1106	Central Macedonia	GR
Mândruloc	46.1486	21.4657	1106	Arad County	RO
Ghinești	44.7477	25.5530	1106	Dâmbovița County	RO
Qereshnik	40.7633	20.0097	1105	Berat County	AL
Neochóri	37.9079	21.2039	1105	West Greece	GR
Urseni	45.6927	21.3099	1105	Timiș County	RO
Sviniţa	44.4997	22.1061	1105	Mehedinți County	RO
Sâncrai	46.3667	25.3167	1105	Harghita County	RO
Mățău	45.2356	25.0829	1105	Arges	RO
Jajinci	44.7406	20.4863	1105	Central Serbia	RS
Tepecikören	37.3614	35.6263	1105	Adana	TR
Sülek	36.8199	31.4802	1105	Antalya	TR
Orlove	47.0682	35.5840	1105	Zaporizhzhia	UA
Vamvakoú	39.3371	22.4198	1104	Thessaly	GR
Cîşliţa-Prut	45.5391	28.1709	1104	Cahul	MD
Perșani	45.7816	25.2128	1104	Brașov County	RO
Eliseni	46.2923	24.9372	1104	Harghita County	RO
Yeniköy	37.2707	42.4235	1104	Şırnak	TR
Oğulbey	39.6867	32.8263	1104	Ankara	TR
Köklüce	37.4689	37.6208	1104	Gaziantep	TR
Sde Ya‘aqov	32.6900	35.1386	1103	Northern District	IL
Cotenești	45.2346	25.1862	1103	Arges	RO
Bălcaciu	46.1912	24.0614	1103	Alba County	RO
Akköy	37.4914	27.2694	1103	Aydın	TR
Valteró	41.1793	23.3202	1102	Central Macedonia	GR
Ursa	43.7878	24.6379	1102	Olt	RO
Uda-Clocociov	43.8879	24.7144	1102	Teleorman County	RO
Verkhniy Fiagdon	42.8345	44.3060	1102	North Ossetia–Alania	RU
Kaleburcu	36.9330	34.8371	1102	Mersin	TR
Güleçler	37.9533	42.5389	1102	Siirt	TR
Balçık	40.8725	29.4283	1102	Kocaeli	TR
Kopani	47.7596	38.3376	1102	Donetsk	UA
Savália	37.8216	21.2943	1101	West Greece	GR
Ramat HaShofet	32.6115	35.0956	1101	Northern District	IL
Jakimovo	41.9000	22.5122	1101	Vinica	MK
Vulcăneasa	45.7739	26.9098	1101	Vrancea	RO
Șerbănești	47.8101	26.3192	1101	Suceava	RO
Plugova	44.9625	22.3586	1101	Caraș-Severin County	RO
Hărțăgani	46.0501	22.9218	1101	Hunedoara County	RO
Agarakavan	40.3307	44.0723	1100	Aragatsotn	AM
Ashaghi Aghjakand	40.4179	46.5648	1100	Goranboy District	AZ
Soyugbulag	41.3228	45.2697	1100	Ağstafa	AZ
Samad Vurghun	40.9190	46.1906	1100	Şǝmkir	AZ
Acharávi	39.7936	19.8174	1100	Ionian Islands	GR
Beloiannisz	47.1824	18.8238	1100	Fejér	HU
Irești	45.9299	26.9439	1100	Vrancea	RO
Fântânele	47.5746	26.5328	1100	Suceava	RO
Drauț	46.2605	21.8092	1100	Arad County	RO
Bucova	45.5091	22.6373	1100	Caraș-Severin County	RO
Grecheskoye	44.4305	43.0083	1100	Stavropol Kray	RU
Lermontovo	44.3038	38.7572	1100	Krasnodar Krai	RU
Yenipınar	37.8429	41.3014	1100	Batman	TR
Kızılcaşehir	36.5660	32.0906	1100	Antalya	TR
Bilgi	38.0961	43.2609	1100	Van	TR
Behram	39.4934	26.3332	1100	Canakkale	TR
Kermenchyk	47.7101	36.9402	1100	Donetsk	UA
Morani	41.9098	21.5500	1099	Studenichani	MK
Lunca Cernii de Jos	45.6333	22.6167	1099	Hunedoara County	RO
Bărăști	45.2537	24.5965	1099	Arges	RO
Toba	45.6894	20.5571	1099	Vojvodina	RS
Ataeymir	37.7046	28.7716	1099	Aydın	TR
Erköklü	37.8618	41.1441	1099	Batman	TR
Zorkino	45.5476	34.7103	1099	Crimea	UA
Zaliznychne	47.6486	36.1671	1099	Zaporizhzhia	UA
Kozyrka	46.8104	31.8801	1099	Mykolaiv	UA
Bogovë	40.5711	20.1500	1098	Berat County	AL
Kallíthiro	39.2810	21.9049	1098	Thessaly	GR
Fíki	39.5160	21.6556	1098	Thessaly	GR
Agía Triáda	38.3550	22.9088	1098	Central Greece	GR
Kallífytos	41.1728	24.2153	1098	East Macedonia and Thrace	GR
Potău	47.7567	23.1209	1098	Satu Mare County	RO
Pushkino	45.2037	34.9764	1098	Crimea	UA
Chkalovo	45.6047	34.8340	1098	Crimea	UA
Çlirim	40.8095	19.7842	1097	Berat County	AL
Malakónta	38.4000	23.7667	1097	Central Greece	GR
Tsrufa	32.6483	34.9473	1097	Haifa	IL
Vâlcele	44.2826	24.5438	1097	Olt	RO
Cheia	45.1831	24.2167	1097	Vâlcea County	RO
Serhiyi	47.9883	25.1554	1097	Chernivtsi	UA
Gubacsidűlő	47.4490	19.0942	1096	Budapest	HU
Sdot Yam	32.4917	34.8920	1096	Haifa	IL
Regba	32.9772	35.0986	1096	Northern District	IL
Livadea	45.1866	25.9280	1096	Prahova	RO
Dobra	45.7691	23.6422	1096	Alba County	RO
Costești	44.7326	23.4449	1096	Gorj County	RO
Balıklıdere	36.1210	36.1048	1096	Hatay	TR
Hamzabey	40.1358	29.5264	1096	Bursa Province	TR
Kornidzor	39.5476	46.5305	1095	Syunik	AM
Kalinovik	43.5046	18.4465	1095	Srpska	BA
Kyprínos	41.5754	26.2291	1095	East Macedonia and Thrace	GR
Harduf	32.7634	35.1747	1095	Northern District	IL
Șimișna	47.2320	23.6237	1095	Sălaj County	RO
Cașoca	45.4891	26.2671	1095	Buzău County	RO
Taşobası	37.0900	34.9296	1095	Mersin	TR
Mikrópolis	41.1935	23.8157	1094	East Macedonia and Thrace	GR
Cremenciug	46.7061	29.6741	1094	Transnistria	MD
Sebeșel	45.8877	23.5661	1094	Alba County	RO
Găzărie	46.4893	26.5188	1094	Bacău County	RO
Emil Racoviță	46.8715	27.6794	1094	Vaslui County	RO
Colacu	44.6690	25.7588	1094	Dâmbovița County	RO
Alțâna	45.9333	24.4667	1094	Sibiu County	RO
Alakamış	37.1591	41.7892	1094	Şırnak	TR
Blahodatne	46.2362	33.1452	1094	Kherson	UA
Eleoúsa	39.1528	20.9621	1093	Epirus	GR
Ágios Mámas	40.2591	23.3357	1093	Central Macedonia	GR
Aẖituv	32.3872	34.9907	1093	Central District	IL
Yuvallim	32.8776	35.2703	1093	Northern District	IL
Bruchin	32.0819	35.0899	1093	West Bank	PS
Izvoru Dulce	45.3418	26.7773	1093	Buzău County	RO
Göçerli	38.2975	30.4499	1093	Afyonkarahisar Province	TR
Akalan	41.2564	28.4193	1093	Istanbul	TR
Kiriş	36.5757	30.5812	1093	Antalya	TR
Pasci Donji	44.5030	18.6545	1092	Federation of B&H	BA
Stalís	35.2926	25.4329	1092	Crete	GR
Gilon	32.9043	35.2347	1092	Northern District	IL
Zorile	44.3786	25.8068	1092	Giurgiu County	RO
Varnița	44.8068	25.9453	1092	Prahova	RO
Decebal	47.7663	22.7560	1092	Satu Mare County	RO
Kremenivka	47.3339	37.4786	1092	Donetsk	UA
Kamyanyy Mist	47.9629	30.8154	1092	Mykolaiv	UA
Marína	40.6920	22.1010	1091	Central Macedonia	GR
Plăvălari	47.5683	26.3592	1091	Suceava	RO
Mirceștii Noi	45.7507	27.2726	1091	Vrancea	RO
Hotar	47.0197	22.2852	1091	Bihor County	RO
Tokuşlar	38.7553	30.1667	1091	Afyonkarahisar Province	TR
Armutlu	38.1942	33.8951	1091	Aksaray	TR
Szirák	47.8310	19.5311	1090	Nógrád	HU
Rădoiești-Deal	44.1500	25.1333	1090	Teleorman County	RO
Petriș	47.1030	24.6231	1090	Bistrița-Năsăud County	RO
Negrileasa	47.4235	25.8162	1090	Suceava	RO
Căneşti	45.4000	26.6000	1090	Buzău County	RO
Yeniçiftlik	40.3017	27.1839	1090	Canakkale	TR
Plodovoye	44.8716	33.8561	1090	Crimea	UA
Melikgyugh	40.6654	44.3536	1089	Aragatsotn	AM
Reshafim	32.4813	35.4762	1089	Northern District	IL
Sredno Konjari	41.9574	21.7149	1089	Petrovec	MK
Budăi	47.2177	27.2228	1089	Iași County	RO
Vilovo	45.2486	20.1552	1089	Vojvodina	RS
Archis	41.1635	44.8763	1088	Tavush	AM
Ágios Matthaíos	39.4951	19.8734	1088	Ionian Islands	GR
Toplița	45.0902	24.7324	1088	Arges	RO
Sânmărghita	47.1565	23.9946	1088	Cluj County	RO
Bistra	47.2548	22.4230	1088	Bihor County	RO
Köklüce	36.9401	35.4228	1088	Adana	TR
Erbeyli	37.8657	27.6787	1088	Aydın	TR
Valeryanivka	47.6387	37.3812	1088	Donetsk	UA
Naddnipryanske	46.7359	32.7053	1088	Kherson	UA
Barativka	46.9461	32.7794	1088	Mykolaiv	UA
Oía	36.4626	25.3764	1087	South Aegean	GR
Krani	40.9393	21.1091	1087	Resen	MK
Sălcioara	44.7667	28.8833	1087	Tulcea County	RO
Poienile-Mogoş	46.2833	23.2833	1087	Alba County	RO
Gorganu	44.8424	25.0384	1087	Arges	RO
Mrganush	40.0264	44.5595	1086	Ararat	AM
Arjut	40.8612	44.3759	1086	Lori	AM
Alanjeq	38.4284	46.0780	1086	East Azerbaijan	IR
Socetu	44.1950	24.8542	1086	Teleorman County	RO
Sărăuad	47.4794	22.6256	1086	Satu Mare County	RO
Rugășești	47.2315	23.8733	1086	Cluj County	RO
Coada Izvorului	44.8577	25.8185	1086	Prahova	RO
Bobolia	45.0939	25.7426	1086	Prahova	RO
Ucgoz	37.6403	37.9656	1086	Adıyaman Province	TR
Bozköy	37.9418	27.6317	1086	Aydın	TR
Havrylivka	47.0712	34.7079	1086	Zaporizhzhia	UA
Bak’urianis Andezit’i	41.7337	43.4724	1085	Samtskhe-Javakheti	GE
Lianokládhion	38.9166	22.3034	1085	Central Greece	GR
Urși	44.9940	24.0890	1085	Vâlcea County	RO
Sarıbelen	36.2693	29.4820	1085	Antalya	TR
Vorobyovo	45.3289	33.2465	1085	Crimea	UA
Pasanauri	42.3506	44.6891	1084	Mtskheta-Mtianeti	GE
Baẖan	32.3517	35.0192	1084	Central District	IL
Cărpiniș	45.1841	23.5805	1084	Gorj County	RO
Yeşilbağ	37.7092	40.0130	1084	Diyarbakır Province	TR
Geghamasar	40.3109	45.6792	1083	Gegharkunik	AM
Ts’avk’isi	41.6679	44.7430	1083	Tbilisi	GE
Priboiu	45.0301	25.2579	1083	Dâmbovița County	RO
Cuza Vodă	45.3902	27.4484	1083	Brăila County	RO
İnanöz	37.7080	39.9684	1083	Diyarbakır Province	TR
Salda	37.5272	29.6311	1083	Burdur	TR
Krasnopillya	46.8631	31.2490	1083	Mykolaiv	UA
Vraná	38.1250	23.9520	1082	Attica	GR
Yarẖiv	32.1524	34.9679	1082	Central District	IL
Săpunari	44.5014	26.8366	1082	Călărași County	RO
Breazu	47.2134	27.5181	1082	Iași County	RO
Stolbovoye	45.3627	33.4958	1082	Crimea	UA
Vahagni	40.9070	44.6087	1081	Lori	AM
Lýkeio	41.0641	25.6857	1081	East Macedonia and Thrace	GR
Vitigliano	40.0395	18.4117	1081	Apulia	IT
Ianoșda	46.8379	21.8078	1081	Bihor County	RO
Ðurići	43.8468	19.4093	1081	Central Serbia	RS
Kobzartsi	47.1439	32.7665	1081	Mykolaiv	UA
Novokrymskoye	45.7801	34.1554	1081	Crimea	UA
Akhurik	40.7421	43.7767	1080	Shirak	AM
Áyios Adhrianós	37.5998	22.8456	1080	Peloponnese	GR
Gerakaroú	40.6267	23.2157	1080	Central Macedonia	GR
Bāvaleh	34.8912	47.7168	1080	Kermanshah Province	IR
Aalma ech Chaab	33.1045	35.1820	1080	South Governorate	LB
Odăile	45.3833	26.5500	1080	Buzău County	RO
Gropșani	44.4407	23.9705	1080	Olt	RO
Bădeni	45.1527	25.4026	1080	Dâmbovița County	RO
Yarımca	38.6581	39.7624	1080	Elazığ	TR
Yağcılar	38.6730	27.2917	1080	Manisa	TR
Odabaşı	37.0263	30.6807	1080	Antalya	TR
Çınarköy	37.6340	40.1019	1080	Diyarbakır Province	TR
Aynalı	38.1016	39.4561	1080	Diyarbakır Province	TR
Allambres	40.7025	19.8025	1079	Berat County	AL
Kyllíni	37.9354	21.1450	1079	West Greece	GR
Traian	46.8334	26.5766	1079	Neamț County	RO
Budești	46.9408	26.7118	1079	Neamț County	RO
Bistra Mureșului	46.9609	24.9061	1079	Mureș County	RO
Pınarlar	37.5081	29.0808	1079	Denizli	TR
Abrykosivka	45.1076	35.1014	1079	Crimea	UA
Lusagyugh	40.0889	44.2695	1078	Armavir	AM
Jrahovit	40.0473	44.4751	1078	Ararat	AM
Troúlloi	35.0326	33.6155	1078	Larnaka	CY
Pissoúri	34.6694	32.7013	1078	Limassol	CY
Argáka	35.0659	32.4923	1078	Pafos	CY
Árma	38.3512	23.4860	1078	Central Greece	GR
Vășad	47.5186	22.2566	1078	Bihor County	RO
Özbek	36.9684	34.9436	1078	Mersin	TR
Ammochóri	40.7820	21.4846	1077	West Macedonia	GR
Mareș	44.7782	24.7901	1077	Arges	RO
Malcoci	45.1385	28.8882	1077	Tulcea County	RO
Iojib	47.8162	23.1560	1077	Satu Mare County	RO
Humele	44.5261	24.9771	1077	Arges	RO
Ciorani	45.9882	27.2161	1077	Vrancea	RO
Bucșenești-Lotași	45.0131	24.9685	1077	Arges	RO
Smârdan	45.2867	28.0037	1077	Tulcea County	RO
Starohorozhene	47.4965	32.3416	1077	Mykolaiv	UA
Buzinove	46.9876	30.4857	1077	Odesa	UA
Svyato-Pokrovske	47.1653	37.1702	1077	Donetsk	UA
Saramej	40.7749	44.2222	1076	Lori	AM
Zăvoiu	44.6604	25.4035	1076	Dâmbovița County	RO
Dedulești	45.4700	26.9674	1076	Buzău County	RO
Tabureli	36.6540	34.0685	1076	Mersin	TR
Sülekler	37.1333	30.0833	1076	Antalya	TR
Bet Alfa	32.5161	35.4307	1075	Northern District	IL
Büyükkarabağ	38.7772	31.2472	1075	Afyonkarahisar Province	TR
Olgun	38.0879	39.8478	1075	Diyarbakır Province	TR
Pryamobalka	45.8907	29.3017	1075	Odesa	UA
Novodmytrivka	47.3577	33.3515	1075	Kherson	UA
Oleksandrivka	46.1171	33.4798	1075	Kherson	UA
Káto Lipochóri	40.7575	22.1796	1074	Central Macedonia	GR
Mihăiești	47.5156	26.2173	1074	Suceava	RO
Kumköy	36.8829	30.9518	1074	Antalya	TR
Örencik	39.7800	32.8325	1074	Ankara	TR
Çaltı	40.0434	30.2480	1074	Bilecik	TR
Hvozdavka Druha	47.8898	30.0884	1074	Odesa	UA
Livadiya	44.4702	34.1427	1074	Crimea	UA
Verin Ptghni	40.2439	44.5741	1073	Kotayk	AM
Pelópi	37.6744	21.5934	1073	West Greece	GR
Andrijevica	42.7339	19.7919	1073	Andrijevica	ME
Iacobeni	47.8612	26.9130	1073	Botoșani County	RO
Golești	44.8397	24.9653	1073	Arges	RO
Dubova	44.6167	22.2667	1073	Mehedinți County	RO
Ataköy	37.7399	28.6981	1073	Aydın	TR
Zaporizhzhya	47.1521	35.7425	1073	Zaporizhzhia	UA
Adzyubzha	42.8413	41.1787	1072	Abkhazia	GE
Bar Yoẖay	32.9978	35.4480	1072	Northern District	IL
Stâncești	47.7500	26.6000	1072	Botoșani County	RO
Fizeș	45.3640	21.5952	1072	Caraș-Severin County	RO
Kozağacı	36.9511	29.9194	1072	Antalya	TR
Bahçedere	38.8005	42.6381	1072	Bitlis	TR
Vorţa	46.0167	22.6833	1071	Hunedoara County	RO
Mylove	47.0656	33.6298	1071	Kherson	UA
Psevdás	34.9448	33.4607	1070	Larnaka	CY
Ampeleíes	40.8342	22.3877	1070	Central Macedonia	GR
Mitspe Aviv	32.8391	35.1992	1070	Northern District	IL
Bān Raḩmān	33.1609	46.3556	1070	Ilam Province	IR
Yahşiler	37.6449	28.8805	1070	Denizli	TR
Fertesholmash	47.9825	22.9305	1070	Zakarpattia	UA
Amasia	40.0833	43.9667	1069	Armavir	AM
Pusztahencse	46.6000	18.7167	1069	Tolna County	HU
Văleni-Podgoria	44.8576	24.9893	1069	Arges	RO
Dudu	43.9790	24.6779	1069	Teleorman County	RO
Balaciu	44.6333	26.8833	1069	Ialomița County	RO
Novotavriyske	47.8174	35.4604	1069	Zaporizhzhia	UA
Adigeni	41.6756	42.7029	1068	Samtskhe-Javakheti	GE
Arísvi	41.0700	25.5904	1068	East Macedonia and Thrace	GR
Moledet	32.5869	35.4397	1068	Northern District	IL
Kafr Zībād	32.2258	35.0718	1068	West Bank	PS
Bağrıbütün	37.1292	40.2860	1068	Mardin	TR
Trapivka	45.7940	29.6993	1068	Odesa	UA
Mavrovoúni	40.7824	22.1563	1067	Central Macedonia	GR
Poiana Mărului	47.3795	26.8924	1067	Iași County	RO
Cornuțel	45.4349	22.0956	1067	Caraș-Severin County	RO
Güney	37.4969	29.5550	1067	Burdur	TR
Muharremşah	41.3635	32.1957	1067	Zonguldak Province	TR
Doğancı	40.7711	32.0592	1067	Bolu	TR
Stara Kulna	47.6948	29.3149	1067	Odesa	UA
Shchaslyve	46.9064	31.4741	1067	Mykolaiv	UA
Seslavtsi	42.7833	23.5167	1066	Sofia-Capital	BG
Vlăsceni	44.5852	25.5993	1066	Dâmbovița County	RO
Nicolae Bălcescu	44.3743	22.8584	1066	Mehedinți County	RO
Hlăpești	47.0382	26.5984	1066	Neamț County	RO
Domănești	47.7107	22.5897	1066	Satu Mare County	RO
Cidreag	47.9868	22.9640	1066	Satu Mare County	RO
Gökbudak	37.9032	42.6488	1066	Siirt	TR
Büyük Kardeş	37.2718	41.0344	1066	Mardin	TR
Tamaryne	47.0187	33.0024	1066	Mykolaiv	UA
Ostrovu	45.2035	25.9034	1065	Prahova	RO
Dedulești	45.1468	27.3891	1065	Brăila County	RO
Cișmele	45.5163	27.9297	1065	Galați County	RO
Chintinici	46.8275	26.4934	1065	Neamț County	RO
Alitaşı	37.8129	39.6651	1065	Diyarbakır Province	TR
Sardínia	38.8900	21.2062	1064	West Greece	GR
Al Faşāyil	32.0251	35.4435	1064	West Bank	PS
Stâna	47.5076	22.9642	1064	Satu Mare County	RO
Gradiștea	44.8880	26.5152	1064	Prahova	RO
Bolovăniș	46.6163	26.0526	1064	Bacău County	RO
Elaçmaz	38.4658	43.9899	1064	Van	TR
Pyrgíon	38.2263	25.9999	1063	North Aegean	GR
Magoúla	38.4118	23.8213	1063	Central Greece	GR
Babayağmur	39.3631	35.4790	1063	Yozgat	TR
Göllüce	40.3738	29.5903	1063	Bursa Province	TR
Burlacha Balka	46.3398	30.6645	1063	Odesa	UA
Zalesye	44.8869	34.1017	1063	Crimea	UA
Vardablur	40.9708	44.5089	1062	Lori	AM
Vâlcelele de Sus	44.2846	24.5582	1062	Olt	RO
Tansa	47.3014	27.0765	1062	Iași County	RO
Pătuleni	44.7325	25.1650	1062	Arges	RO
Filioara	47.1604	26.2792	1062	Neamț County	RO
Cubulcut	47.3227	22.1865	1062	Bihor County	RO
Radovnica	42.4336	22.2286	1062	Central Serbia	RS
Yukarı Küpkıran	39.7067	43.2550	1062	Ağrı	TR
Karaöz	36.7805	31.5204	1062	Antalya	TR
Sarıabalı	36.9582	31.1689	1062	Antalya	TR
Dobropillia	46.2349	32.5812	1062	Kherson	UA
Aats’i	43.1364	40.7322	1061	Abkhazia	GE
Oxílithos	38.5799	24.1118	1061	Central Greece	GR
Kítros	40.3740	22.5786	1061	Central Macedonia	GR
Nahand	38.2528	46.4692	1061	East Azerbaijan	IR
Gorobinci	41.8751	21.8760	1061	Sveti Nikole	MK
Vădurele	46.9332	26.2507	1061	Neamț County	RO
Suseni Socetu	44.7562	25.7983	1061	Dâmbovița County	RO
Rediu	46.6337	27.6944	1061	Vaslui County	RO
Pietreni	44.0961	28.0683	1061	Constanța County	RO
Gănești	46.0897	27.9934	1061	Galați County	RO
Făcăi	44.2736	23.8203	1061	Dolj	RO
Kalafat	39.9467	26.2331	1061	Canakkale	TR
Alcı	37.1459	29.1908	1061	Denizli	TR
Krasnolissya	44.8326	34.2309	1061	Crimea	UA
Khrystoforivka	47.2678	32.2564	1061	Mykolaiv	UA
Katnaghbyur	40.3807	43.9473	1060	Aragatsotn	AM
Péra	35.0335	33.2541	1060	Nicosia	CY
HaZor‘im	32.7475	35.5028	1060	Northern District	IL
Khāneqāh	37.6249	45.8221	1060	East Azerbaijan	IR
Mehr	33.4294	46.4654	1060	Ilam Province	IR
Galugnano	40.2560	18.2147	1060	Apulia	IT
Scheiu de Sus	44.9560	25.1932	1060	Dâmbovița County	RO
Prundu	43.8239	24.6920	1060	Teleorman County	RO
Negoești	44.2306	26.5015	1060	Călărași County	RO
Ulianivka	46.2075	32.9504	1060	Kherson	UA
Parálio Ástros	37.4166	22.7661	1059	Peloponnese	GR
Karpochóri	39.3357	22.0113	1059	Thessaly	GR
Mishmeret	32.2268	34.9186	1059	Central District	IL
Comisarovca Nouă	47.3306	29.3472	1059	Transnistria	MD
Pitaru	44.5906	25.5841	1059	Dâmbovița County	RO
Dăscălești	45.4063	27.2504	1059	Buzău County	RO
Argel	47.7614	25.4705	1059	Suceava	RO
Albiș	47.3902	22.2453	1059	Bihor County	RO
Culmea	44.2576	28.4664	1059	Constanța County	RO
Sarıköy	37.3599	41.2993	1059	Mardin	TR
Strumyani	41.6333	23.2000	1058	Blagoevgrad	BG
Mărgineni Slobozia	44.5312	24.5568	1058	Olt	RO
Iadăra	47.4793	23.3989	1058	Maramureş	RO
Corbu Nou	45.4100	27.5919	1058	Brăila County	RO
Bucșenești	45.3010	24.6584	1058	Arges	RO
Agriș	47.8807	23.0034	1058	Satu Mare County	RO
Senokosnoye	45.7328	33.5155	1058	Crimea	UA
Galatás	38.3574	21.5622	1057	West Greece	GR
Raqqefet	32.8548	35.2647	1057	Northern District	IL
Greoni	45.0890	21.6173	1057	Caraș-Severin County	RO
Gheorghe Doja	46.3783	26.9625	1057	Bacău County	RO
Dikmen	36.9087	31.0032	1057	Antalya	TR
Atatürk	40.9640	31.4520	1057	Düzce	TR
Fruktove	46.7317	35.2012	1057	Zaporizhzhia	UA
Steíri	38.4083	22.7116	1056	Central Greece	GR
Kokkónion	37.9706	22.7802	1056	Peloponnese	GR
Rahāl	38.4789	44.8748	1056	West Azerbaijan	IR
Zagavia	47.4191	26.8979	1056	Iași County	RO
Valea Părului	43.9173	25.4659	1056	Teleorman County	RO
Gulia	44.5469	25.8730	1056	Dâmbovița County	RO
Bălnaca	46.9438	22.5721	1056	Bihor County	RO
Acriș	45.6367	25.9925	1056	Brașov County	RO
Keda	41.5995	41.9395	1055	Adjara	GE
Otradnoe	43.2743	40.2810	1055	Abkhazia	GE
Ighiel	46.1468	23.4797	1055	Alba County	RO
Bușca	44.1117	24.8024	1055	Olt	RO
Aydınocak	38.3928	42.8432	1055	Van	TR
Merkez	40.8388	30.9462	1055	Düzce	TR
Grabovica Donja	44.5487	18.7120	1054	Federation of B&H	BA
Sárti	40.0937	23.9786	1054	Central Macedonia	GR
Kynopiástes	39.5678	19.8836	1054	Ionian Islands	GR
Kabri	33.0212	35.1497	1054	Northern District	IL
Usje	41.9587	21.4583	1054	Grad Skopje	MK
Rădeni	47.5119	26.8925	1054	Botoșani County	RO
Mălâncrav	46.1100	24.6481	1054	Sibiu County	RO
Bârzești	46.7500	27.5500	1054	Vaslui County	RO
Constantin Brâncoveanu	44.4784	27.4127	1054	Călărași County	RO
Seksenören	36.9725	39.0748	1054	Şanlıurfa	TR
Sekretarivka	46.6598	30.2833	1054	Odesa	UA
Stejaru	46.9189	26.1802	1053	Neamț County	RO
Babța	47.4578	22.9428	1053	Satu Mare County	RO
Sakarkaya	37.6451	37.4038	1053	Kahramanmaraş	TR
Bolayır	40.5150	26.7572	1053	Canakkale	TR
Zemo Eshera	43.0747	40.8785	1052	Abkhazia	GE
Mīrābād	36.9871	45.0158	1052	West Azerbaijan	IR
Șupitca	47.6094	26.7836	1052	Botoșani County	RO
Crăiești	45.9431	27.8114	1052	Galați County	RO
Göltepesi	38.9597	40.5922	1052	Bingöl	TR
Novi Chobruchi	46.8670	30.0658	1052	Odesa	UA
Zall-Dardhë	41.8067	20.3361	1051	Dibër County	AL
Sterpoaia	44.7906	23.4360	1051	Gorj County	RO
Poieni	46.9188	22.8583	1051	Cluj County	RO
Solontsi	46.5774	32.6749	1051	Kherson	UA
Krasnokamyanka	44.5638	34.2888	1051	Crimea	UA
Chaykyne	45.0822	34.0867	1051	Crimea	UA
Petroșnița	45.3235	22.2592	1050	Caraș-Severin County	RO
Mihăileni	45.9833	24.3500	1050	Sibiu County	RO
Crăciunei	44.1457	24.6631	1050	Olt	RO
Catanele	44.3820	24.5615	1050	Olt	RO
Kızılca	37.8402	34.3513	1050	Niğde Province	TR
Ballı	37.4109	42.8402	1050	Şırnak	TR
Rozkvit	47.1226	30.6162	1050	Odesa	UA
Dubova (Driloni)	42.7119	20.3697	1050	Pec	XK
Lloqan	42.5244	20.2808	1050	Gjakova	XK
Tsaghkunk	40.5779	44.8779	1049	Gegharkunik	AM
Lernahovit	41.1619	44.3698	1049	Lori	AM
Polykárpi	40.9260	22.0163	1049	Central Macedonia	GR
Népliget	47.4804	19.1089	1049	Budapest	HU
Stornești	47.1167	27.1833	1049	Iași County	RO
Doştat	45.9667	23.8500	1049	Alba County	RO
Ciulnița	44.7877	25.1539	1049	Arges	RO
Mala Kardashynka	46.5044	32.5871	1049	Kherson	UA
Oleksandrivka	46.5367	35.4868	1049	Zaporizhzhia	UA
Sculia	45.4443	21.4322	1048	Timiș County	RO
Radovan	44.1667	23.6167	1048	Dolj	RO
Krasnaya Polyana	45.4824	32.9379	1048	Crimea	UA
Vinnytske	44.9813	33.7392	1048	Crimea	UA
Shyroke	46.9434	34.9316	1048	Zaporizhzhia	UA
Dídyma	37.4625	23.1718	1047	Peloponnese	GR
Pisignano	40.3047	18.2716	1047	Apulia	IT
Veseuș	46.2746	24.1428	1047	Alba County	RO
Peregu Mic	46.2502	20.9489	1047	Arad County	RO
Orlea Nouă	43.7552	24.3583	1047	Olt	RO
Herculian	46.1340	25.7098	1047	Covasna County	RO
Dumbrăvița	47.3984	26.3458	1047	Suceava	RO
Colacu	47.5383	25.3721	1047	Suceava	RO
Hacıhalilarpaç	36.7250	34.3784	1047	Mersin	TR
Uluköy	40.7856	36.4181	1047	Amasya	TR
Ruch’i	45.7856	33.6609	1047	Crimea	UA
Sáp	47.2500	21.3667	1046	Hajdú-Bihar	HU
Bet Yehoshua‘	32.2593	34.8648	1046	Central District	IL
Bayt Wazan	32.2311	35.2158	1046	West Bank	PS
Santa Mare	47.6084	27.3454	1046	Botoșani County	RO
Glăvile	44.8167	24.1500	1046	Vâlcea County	RO
Novovolodymyrivka	46.2472	32.3958	1046	Kherson	UA
Traian	46.9914	26.9044	1045	Neamț County	RO
Sălcuța	44.1599	23.7025	1045	Dolj	RO
Potcoava	44.2633	27.1322	1045	Călărași County	RO
Dudașu	44.6525	22.6968	1045	Mehedinți County	RO
Dalnic	45.9224	25.9874	1045	Covasna County	RO
Kökez	37.5813	35.2875	1045	Adana	TR
Gökçekoru	37.9559	42.4492	1045	Siirt	TR
Demirdöven	40.0366	41.7364	1045	Erzurum	TR
Krynychky	47.0724	31.7332	1045	Mykolaiv	UA
Ch’iauri	41.7032	46.1504	1044	Kakheti	GE
Vaida-Cămăraș	46.8282	23.9472	1044	Cluj County	RO
Râmești	44.5667	24.1000	1044	Vâlcea County	RO
Barice	45.1819	21.0828	1044	Vojvodina	RS
Akdam	37.5513	35.6190	1044	Adana	TR
Voznesenka Persha	46.1316	29.4788	1044	Odesa	UA
Vynohradne	45.2933	35.8445	1044	Crimea	UA
Nekrasovka	45.4408	34.9858	1044	Crimea	UA
Starovë	40.7172	19.9178	1043	Berat County	AL
Tsáda	34.8386	32.4750	1043	Pafos	CY
Īvand	38.3492	46.1169	1043	East Azerbaijan	IR
Meri	44.8337	26.3086	1043	Prahova	RO
Jidoștița	44.7158	22.5931	1043	Mehedinți County	RO
Dâmbovicioara	45.4500	25.2333	1043	Arges	RO
Pirlibey	37.8636	28.4328	1043	Aydın	TR
Charopó	41.2603	23.3728	1042	Central Macedonia	GR
Plopșoru	44.0119	25.9931	1042	Giurgiu County	RO
Kozluca	37.4928	30.1328	1042	Burdur	TR
Alamut	37.8085	28.2923	1042	Aydın	TR
Fillýra	41.1167	25.6333	1041	East Macedonia and Thrace	GR
Kanatlarci	41.2103	21.5033	1041	Prilep	MK
Poiana	43.7419	24.9524	1041	Teleorman County	RO
Dealu Frumos	45.1857	25.4133	1041	Dâmbovița County	RO
Tekkeköy	36.6172	29.8700	1041	Antalya	TR
Natalivka	47.8363	35.3426	1041	Zaporizhzhia	UA
Gyovren	41.6633	24.3756	1040	Smolyan	BG
Stathmós Mourión	41.2638	22.8386	1040	Central Macedonia	GR
Sârbi	47.7618	23.9449	1040	Maramureş	RO
Pădurea Neagră	47.1655	22.4132	1040	Bihor County	RO
Măru	45.4759	22.4504	1040	Caraș-Severin County	RO
Goreni	46.8547	24.6557	1040	Mureș County	RO
Radenković	44.9219	19.4954	1040	Vojvodina	RS
Topolyne	47.2364	37.3904	1040	Donetsk	UA
Karaberd	40.5431	43.8333	1039	Shirak	AM
Vierșani	44.8787	23.5312	1039	Gorj County	RO
Perșunari	45.0568	26.4478	1039	Prahova	RO
Cetatea	43.9511	25.9345	1039	Giurgiu County	RO
Băbeni-Oltețu	44.6140	23.9780	1039	Vâlcea County	RO
Veliki Gaj	45.2885	21.1706	1039	Vojvodina	RS
Turija	44.5227	21.6395	1039	Central Serbia	RS
Novohryhorivka	47.5039	31.4284	1039	Mykolaiv	UA
Shirak	40.8404	43.9158	1038	Shirak	AM
Al Hāshimīyah	32.4639	35.2194	1038	West Bank	PS
Mădăras	47.6840	22.8655	1038	Satu Mare County	RO
Dumitrești	44.6837	24.3163	1038	Olt	RO
Cehei	47.2563	22.7751	1038	Sălaj County	RO
Yakacık	40.8960	35.4291	1038	Amasya	TR
Seymen	41.1568	28.1706	1038	Istanbul	TR
Rupite	41.4425	23.2417	1037	Blagoevgrad	BG
Péplos	40.9575	26.2658	1037	East Macedonia and Thrace	GR
Mândrești	47.7333	26.4833	1037	Botoșani County	RO
Cergău Mare	46.0987	23.9228	1037	Alba County	RO
Alămor	45.9300	23.9937	1037	Sibiu County	RO
Tetirlik	37.5362	37.2748	1037	Kahramanmaraş	TR
Novoheorhiivka	47.7744	29.9934	1037	Odesa	UA
Magoúla	39.4539	21.8035	1036	Thessaly	GR
Áris	37.0992	22.0044	1036	Peloponnese	GR
Popoveni	44.2880	23.7821	1036	Dolj	RO
Ferestrău-Oituz	46.2025	26.5763	1036	Bacău County	RO
Corbu	45.3211	26.2494	1036	Buzău County	RO
Bădoși	44.1472	23.8897	1036	Dolj	RO
Sarıkaraman	38.7711	34.1951	1036	Aksaray	TR
Balat	37.5128	27.2792	1036	Aydın	TR
Balaban	38.1729	40.2090	1036	Diyarbakır Province	TR
Levadki	44.8708	34.0428	1036	Crimea	UA
Palaiópyrgos	39.6084	21.8172	1035	Thessaly	GR
Podolenii de Sus	46.8572	28.0155	1035	Iași County	RO
Moneasa	46.4500	22.2500	1035	Arad County	RO
Mărtineşti	45.8167	23.1333	1035	Hunedoara County	RO
Čata	47.9536	18.6515	1035	Nitra Region	SK
Ormanlı	41.3938	28.4526	1035	Istanbul	TR
Ahronomiya	47.7701	31.3118	1035	Mykolaiv	UA
Perekhrestove	47.4353	29.7983	1035	Odesa	UA
Kfar Pines	32.4834	35.0029	1034	Haifa	IL
Hurjuieni	47.9167	25.8167	1034	Suceava	RO
Comandău	45.7617	26.2767	1034	Covasna County	RO
Kuşlukçayırı	37.9038	39.5678	1034	Diyarbakır Province	TR
Hacıköy	40.9802	26.5509	1034	Edirne	TR
Svitlodolynske	46.0914	29.5873	1034	Odesa	UA
Krasne	45.1400	34.0945	1034	Crimea	UA
Aliaj	42.2567	19.4275	1033	Shkodër County	AL
Ágios Andréas	37.3452	22.7647	1033	Peloponnese	GR
Nýmfes	39.7559	19.7849	1033	Ionian Islands	GR
Menaẖemya	32.6632	35.5551	1033	Northern District	IL
Bulacani	42.0706	21.5028	1033	Grad Skopje	MK
Tăureni	46.2692	25.2599	1033	Harghita County	RO
Orășa	46.4222	26.7437	1033	Bacău County	RO
Mănăstirea	46.9500	27.2000	1033	Iași County	RO
Măguri	46.6285	23.1029	1033	Cluj County	RO
Dejești	44.8309	24.3565	1033	Olt	RO
Toprakkale	39.8482	42.8200	1033	Ağrı	TR
Beylerce	41.2167	36.7000	1033	Samsun	TR
Volodymyrivka	46.6613	35.1579	1033	Zaporizhzhia	UA
Kalynivka	46.9221	31.5305	1033	Mykolaiv	UA
Hushakert	40.0833	43.9305	1032	Armavir	AM
Nadil	40.7386	46.2911	1032	Goygol Rayon	AZ
Achigvara	42.6839	41.6373	1032	Abkhazia	GE
Varvásaina	37.6711	21.4989	1032	West Greece	GR
Icoana	44.4931	25.7462	1032	Giurgiu County	RO
Chereluș	46.4686	21.7071	1032	Arad County	RO
Birda	45.4300	21.3436	1032	Timiș County	RO
Maliyivka	47.4855	32.7317	1032	Mykolaiv	UA
Cerrcë	42.7797	20.4531	1032	Pec	XK
Baghramyan	40.1961	43.8541	1031	Armavir	AM
Ivanovo	43.6857	25.9556	1031	Ruse	BG
Néa Stíra	38.1793	24.2084	1031	Central Greece	GR
Elon	33.0632	35.2201	1031	Northern District	IL
Berāsb	37.2358	44.8734	1031	West Azerbaijan	IR
Slepče	41.2333	21.1750	1031	Demir Hisar	MK
Epureni	46.2469	27.9112	1031	Vaslui County	RO
Costeștii din Deal	44.6813	25.4894	1031	Dâmbovița County	RO
Petrivka	46.3128	29.9526	1031	Odesa	UA
Agía Triáda	39.4636	21.8985	1030	Thessaly	GR
Valea Cucului	45.0652	26.2279	1030	Prahova	RO
Preajba	44.2651	23.8502	1030	Dolj	RO
Orășeni-Deal	47.6760	26.6767	1030	Botoșani County	RO
Lunca la Tisa	47.9521	24.0522	1030	Maramureş	RO
Vorontsovka	46.6529	38.0787	1030	Krasnodar Krai	RU
Kamenný Most	47.8512	18.6564	1030	Nitra Region	SK
Çamköy	37.9567	27.5900	1030	Aydın	TR
Vysoke	46.9198	33.0964	1030	Kherson	UA
Jrarat	40.7382	44.0278	1029	Shirak	AM
Lipnica	44.5662	18.6088	1029	Federation of B&H	BA
Mitspe Netofa	32.8024	35.3867	1029	Northern District	IL
Verșești	46.4490	26.7018	1029	Bacău County	RO
Rachelu	45.2867	28.3235	1029	Tulcea County	RO
Misentea	46.3271	25.8951	1029	Harghita County	RO
Ibrianu	44.7751	25.8438	1029	Dâmbovița County	RO
Yamaçoba	37.1724	37.0885	1029	Gaziantep	TR
Taşlı	37.9876	42.1361	1029	Siirt	TR
Oğuz	37.1790	40.9545	1029	Mardin	TR
Ormankadı	40.1477	28.4518	1029	Bursa Province	TR
Demydove	47.2645	30.6749	1029	Odesa	UA
Isahakyan	40.6156	43.7264	1028	Shirak	AM
Viile	44.1620	27.7577	1028	Constanța County	RO
Recea	44.3195	22.9166	1028	Mehedinți County	RO
Leicești	45.0959	24.8611	1028	Arges	RO
Gălășești	44.9559	24.7860	1028	Arges	RO
Koyunluca	36.8228	39.3433	1028	Şanlıurfa	TR
Zerzavatçı	41.1281	29.1592	1028	Istanbul	TR
Myrove	47.7727	34.7304	1028	Dnipropetrovsk	UA
Kashtanove	44.8321	34.0591	1028	Crimea	UA
Polídhrosos	38.6401	22.5317	1027	Central Greece	GR
Nadăș	46.2249	21.9504	1027	Arad County	RO
Ludași	46.6196	26.5793	1027	Bacău County	RO
Pokrovka	47.3533	31.5236	1027	Mykolaiv	UA
Novoestoniya	45.4997	34.2433	1027	Crimea	UA
Oleksiivka	46.2883	32.2388	1027	Kherson	UA
‘En Dor	32.6568	35.4164	1026	Northern District	IL
Stăvaru	43.8644	24.2590	1026	Olt	RO
Humoreni	47.6516	25.9919	1026	Suceava	RO
Feisa	46.2261	24.1449	1026	Alba County	RO
Stavkove	47.1796	30.6354	1026	Odesa	UA
Nekrasovo	45.4245	34.2854	1026	Crimea	UA
Levídion	37.6827	22.2959	1025	Peloponnese	GR
Áyios Vasílios	37.7976	22.7973	1025	Peloponnese	GR
Ornós	37.4239	25.3225	1025	South Aegean	GR
Semeljci	45.3606	18.5436	1025	County of Osijek-Baranja	HR
Mihai Viteazu	44.3486	27.0736	1025	Călărași County	RO
Galoșpetreu	47.4834	22.2173	1025	Bihor County	RO
Chilii	46.8025	27.0339	1025	Neamț County	RO
Adea	46.5551	21.5843	1025	Arad County	RO
Oyuklu	38.3167	40.7833	1025	Diyarbakır Province	TR
Karayün	37.8349	41.1138	1025	Batman	TR
Hovtamej	40.1825	44.2538	1024	Armavir	AM
Bazmaghbyur	40.3295	44.3190	1024	Aragatsotn	AM
Sumbatan-diza	38.9480	45.8257	1024	Nakhchivan	AZ
Abgharkhuki	43.1157	40.7045	1024	Abkhazia	GE
Melíssi	40.7741	22.3530	1024	Central Macedonia	GR
Argithéa	37.9751	23.8856	1024	Attica	GR
Zaton	42.6908	18.0381	1024	Dubrovnik-Neretva	HR
Jelisavac	45.5289	18.1561	1024	County of Osijek-Baranja	HR
Mishmarot	32.4879	34.9859	1024	Haifa	IL
Vintileanca	44.9850	26.5800	1024	Buzău County	RO
Ghighișeni	46.5514	22.4315	1024	Bihor County	RO
Agrieș	47.4002	24.1349	1024	Bistrița-Năsăud County	RO
Méniko	35.1095	33.1447	1023	Nicosia	CY
Chrysochórafa	41.1810	23.2355	1023	Central Macedonia	GR
Dehlor	34.4090	47.8855	1023	Kermanshah Province	IR
Sâncrai	46.2939	23.7521	1023	Alba County	RO
Greci	44.2812	24.3524	1023	Olt	RO
Ghimpați	44.1536	24.4270	1023	Olt	RO
Bichiş	46.3667	24.1000	1023	Mureș County	RO
Ortaköy	37.3278	43.2806	1023	Şırnak	TR
Zernovoye	45.3236	34.4810	1023	Crimea	UA
Kamariótissa	40.4750	25.4746	1022	East Macedonia and Thrace	GR
Doïráni	41.1779	22.7611	1022	Central Macedonia	GR
Padina Matei	44.7584	21.7507	1022	Caraș-Severin County	RO
Olteni	44.3931	25.9502	1022	Ilfov	RO
Croitori	44.5751	25.4136	1022	Dâmbovița County	RO
Sokolovica	43.2153	20.3156	1022	Central Serbia	RS
Lislāmīn	35.8569	36.9036	1022	Idlib	SY
Serhatta	37.6628	42.1406	1022	Siirt	TR
Horokhivske	46.9574	32.7037	1022	Mykolaiv	UA
Kentrí	35.0326	25.7528	1021	Crete	GR
Aigáni	39.9528	22.6121	1021	Thessaly	GR
Perama	39.5829	19.9122	1021	Ionian Islands	GR
Tel Yitsẖaq	32.2532	34.8689	1021	Central District	IL
Lahavot H̱aviva	32.3947	35.0088	1021	Haifa	IL
Shūr Daraq	38.3505	45.8915	1021	East Azerbaijan	IR
Străteni	47.9368	26.2966	1021	Botoșani County	RO
Oniceni	47.3244	26.4622	1021	Suceava	RO
Lozna	47.9514	26.2772	1021	Botoșani County	RO
Dobrotu	45.2063	24.6586	1021	Arges	RO
Bughea de Jos	45.1799	26.0204	1021	Prahova	RO
Eymirli	37.1697	40.6859	1021	Mardin	TR
Pavlivka	47.2419	29.5694	1021	Odesa	UA
Ttujur	40.6464	45.3159	1020	Gegharkunik	AM
Lentekhi	42.7889	42.7223	1020	Racha-Lechkhumi and Kvemo Svaneti	GE
Vokhaïkó	37.9484	22.7920	1020	Peloponnese	GR
Stýpsi	39.3112	26.2206	1020	North Aegean	GR
Neudorf	46.0696	21.6190	1020	Arad County	RO
Dobridor	44.1187	23.1697	1020	Dolj	RO
Comana de Jos	45.9138	25.2313	1020	Brașov County	RO
Cioroboreni	44.3888	22.7633	1020	Mehedinți County	RO
Kızıkhamurkesen	37.2559	37.3630	1020	Gaziantep	TR
Çayırdere	38.2195	39.5744	1020	Diyarbakır Province	TR
Buyuklu	41.1489	36.4782	1020	Samsun	TR
Sadove	46.0200	29.2762	1020	Odesa	UA
Sde H̱emed	32.1604	34.9435	1019	Central District	IL
Vieru	43.8879	25.8097	1019	Giurgiu County	RO
Tușnadu Nou	46.1936	25.8876	1019	Harghita County	RO
Șilindru	47.4372	22.0468	1019	Bihor County	RO
Gura Beliei	45.2106	25.6495	1019	Prahova	RO
Dumbrava	47.8442	23.0806	1019	Satu Mare County	RO
Parmakkurdu	36.9725	34.6654	1019	Mersin	TR
Donduran	37.8340	28.2426	1019	Aydın	TR
Tersefánou	34.8541	33.5474	1018	Larnaka	CY
Kalamiá	39.1653	20.9321	1018	Epirus	GR
Gavaloú	38.5290	21.5323	1018	West Greece	GR
Casamassella	40.1142	18.4510	1018	Apulia	IT
Valea Bolvașnița	44.9460	22.3902	1018	Caraș-Severin County	RO
Prohozești	46.4815	26.5517	1018	Bacău County	RO
Nerău	45.9693	20.5607	1018	Timiș County	RO
Bolătău	46.6335	26.4015	1018	Bacău County	RO
Kutluca	37.5926	37.9771	1018	Adıyaman Province	TR
Hendekköy	38.1562	39.6270	1018	Diyarbakır Province	TR
Akçıra	38.8509	43.0977	1018	Bitlis	TR
Glazovka	45.3879	36.5797	1018	Crimea	UA
Obodnica Donja	44.6121	18.6395	1017	Federation of B&H	BA
Chrysavgí	40.7648	23.0810	1017	Central Macedonia	GR
Haq	36.9818	45.0423	1017	West Azerbaijan	IR
Sauca	46.6527	27.6052	1017	Vaslui County	RO
Mișca	47.2629	22.2591	1017	Bihor County	RO
Gogoşu	44.4167	23.3667	1017	Dolj	RO
Gepiu	46.9303	21.7902	1017	Bihor County	RO
Dămăcușeni	47.4571	23.9091	1017	Maramureş	RO
Borcut	47.4820	23.8407	1017	Maramureş	RO
İşgören	37.6565	40.6581	1017	Mardin	TR
Zaporizke	47.6472	33.8114	1017	Dnipropetrovsk	UA
Zidurile	44.5818	25.5546	1016	Dâmbovița County	RO
Vlăduleni	44.8886	23.2373	1016	Gorj County	RO
Poienile Izei	47.7000	24.1167	1016	Maramureş	RO
Mihălceni	45.4449	27.3047	1016	Vrancea	RO
Kumkale	39.9806	26.2369	1016	Canakkale	TR
Pentaplátano	40.8190	22.4190	1015	Central Macedonia	GR
Poiana Copăceni	45.1639	26.0692	1015	Prahova	RO
Mănăilești	45.0246	24.1245	1015	Vâlcea County	RO
Cipău	46.4488	24.2779	1015	Mureș County	RO
Vvedenka	46.1700	29.5330	1015	Odesa	UA
Novofedorivka	46.7709	31.3091	1015	Mykolaiv	UA
Solnechnoye	45.0477	34.0838	1015	Crimea	UA
Tsageri	42.6453	42.7691	1014	Racha-Lechkhumi and Kvemo Svaneti	GE
Peteinós	41.1006	24.8985	1014	East Macedonia and Thrace	GR
Askós	40.7495	23.3876	1014	Central Macedonia	GR
Khānīān	37.4807	45.9268	1014	East Azerbaijan	IR
Izvor	42.2032	21.5781	1014	Lipkovo	MK
Siminoc	44.1687	28.3528	1014	Constanța County	RO
Petrești	45.0436	24.8899	1014	Arges	RO
Bogdănești	46.4496	27.7268	1014	Vaslui County	RO
Bălcești	45.1052	23.6329	1014	Gorj County	RO
Yılmazköy	37.8578	27.8897	1014	Aydın	TR
Orlovskoye	45.8107	33.9731	1014	Crimea	UA
Novouspenivka	47.0478	35.0314	1014	Zaporizhzhia	UA
Piscoiu	44.8521	23.7539	1013	Gorj County	RO
Clocotici	45.2450	21.8347	1013	Caraș-Severin County	RO
Belin-Vale	45.9324	25.6088	1013	Covasna County	RO
Agrișu Mare	46.2724	21.7556	1013	Arad County	RO
Kızılcaköy	37.9641	28.1077	1013	Aydın	TR
Uzunkavak	36.3524	36.4195	1013	Hatay	TR
Krasna Kosa	46.3329	30.1002	1013	Odesa	UA
Alvand	40.1073	47.8737	1012	Zardab	AZ
Skalánion	35.2826	25.1868	1012	Crete	GR
Chávari	37.8484	21.3840	1012	West Greece	GR
Anakasiá	39.3811	22.9748	1012	Thessaly	GR
Ramat Yoẖanan	32.7931	35.1223	1012	Haifa	IL
Treznea	47.1000	23.1167	1012	Sălaj County	RO
Tețcoiu	44.6819	25.4385	1012	Dâmbovița County	RO
Hălărești	46.3945	27.5561	1012	Vaslui County	RO
Beşpınar	41.1382	35.2172	1012	Samsun	TR
Kosy	47.6790	29.4978	1012	Odesa	UA
Tsentralne	46.9071	32.4704	1012	Mykolaiv	UA
Plános	37.8163	20.8644	1011	Ionian Islands	GR
Agios Dimítrios Kropiás	37.8061	23.8579	1011	Attica	GR
Retkovci	45.2333	18.6531	1011	Vukovar-Srijem	HR
Crăieşti	46.2969	24.1920	1011	Mureș County	RO
Demirköprü	36.2495	36.3527	1011	Hatay	TR
Asmalı	36.7567	35.5335	1011	Adana	TR
Chaykino	45.8111	34.5954	1011	Crimea	UA
Batsíon	37.8601	24.7849	1010	South Aegean	GR
Viișoara	46.0516	27.0959	1010	Vrancea	RO
Valea Mare	45.1126	23.0800	1010	Gorj County	RO
Valea Ierii	46.6500	23.3500	1010	Cluj County	RO
Tabăra	47.5740	27.4121	1010	Iași County	RO
Lăculețe	45.0184	25.4311	1010	Dâmbovița County	RO
Cucueți	44.1843	24.9483	1010	Teleorman County	RO
Alparea	47.0305	22.0481	1010	Bihor County	RO
Ballıbostan	39.6765	43.1878	1010	Ağrı	TR
Rozivka	46.0444	29.8988	1010	Odesa	UA
Ortelle	40.0337	18.3912	1009	Apulia	IT
Ivankovci	41.8489	21.8203	1009	Veles	MK
Vintere	46.7688	22.1465	1009	Bihor County	RO
Sinești	44.4678	24.6658	1009	Olt	RO
Oanțu	46.9097	26.1989	1009	Neamț County	RO
Bârgăuani	46.9833	26.6333	1009	Neamț County	RO
Prudovoye	44.9042	33.7811	1009	Crimea	UA
Dasht	40.2279	44.3001	1008	Armavir	AM
Páchna	34.7787	32.7936	1008	Limassol	CY
Sosándra	40.9989	22.0325	1008	Central Macedonia	GR
Kallikomo	37.5833	21.5833	1008	West Greece	GR
Tard	47.8833	20.6167	1008	Borsod-Abaúj-Zemplén	HU
Dad	47.5191	18.2263	1008	Komárom-Esztergom	HU
Grăjdana	45.2086	26.6311	1008	Buzău County	RO
Ciutelec	47.2620	22.3869	1008	Bihor County	RO
Bâscenii de Sus	45.2666	26.2707	1008	Buzău County	RO
Sarabash	47.7637	37.7890	1008	Donetsk	UA
Rozdolne	45.3607	34.8547	1008	Crimea	UA
Vizurești	44.6404	25.8074	1007	Dâmbovița County	RO
Vălenii Șomcutei	47.4729	23.4514	1007	Maramureş	RO
Stroiești	47.6104	26.9656	1007	Botoșani County	RO
Câmpani	46.5142	22.5219	1007	Bihor County	RO
Skosarivka	47.4441	30.5263	1007	Odesa	UA
Ruščica	45.1467	18.0794	1006	Brod-Posavina	HR
Héhalom	47.7802	19.5852	1006	Nógrád	HU
Giv‘at H̱ayyim Me’uẖad	32.3918	34.9301	1006	Central District	IL
Ceamurlia de Sus	44.7637	28.6088	1006	Tulcea County	RO
Rădulești	44.7667	26.3500	1006	Ialomița County	RO
Ulaşlı	38.1766	41.3204	1006	Batman	TR
Reşadiye	38.4223	30.1678	1006	Afyonkarahisar Province	TR
Novozlatopil	47.6621	36.5690	1006	Zaporizhzhia	UA
Frontovoye	44.6674	33.7384	1006	Sevastopol City	UA
Kukushkino	45.7192	33.3903	1006	Crimea	UA
Mykolayivske	46.9292	32.1256	1006	Mykolaiv	UA
Káto Mazaráki	38.0703	21.6510	1005	West Greece	GR
Loutrá Oraías Elénis	37.8647	22.9961	1005	Peloponnese	GR
Brijest	45.5206	18.6719	1005	County of Osijek-Baranja	HR
Régiakadémiatelep	47.4898	19.2473	1005	Budapest	HU
Zelenikovo	41.8733	21.6031	1005	Zelenikovo	MK
Satu Mare	46.0663	20.9583	1005	Arad County	RO
Lăcusteni	44.6071	27.6757	1005	Ialomița County	RO
Karataş	37.1397	30.6261	1005	Antalya	TR
Novosamarka	47.5100	29.5268	1005	Odesa	UA
Bratskoye	45.8317	33.9215	1005	Crimea	UA
Hartavan	40.4779	44.4001	1004	Aragatsotn	AM
Sperchógeia	37.0740	22.0625	1004	Peloponnese	GR
Gărăgău	44.2319	25.1892	1004	Teleorman County	RO
Demacușa	47.6972	25.5050	1004	Suceava	RO
Bölcek	39.1828	27.4252	1004	İzmir Province	TR
Novopokrovka	46.2737	34.0727	1004	Kherson	UA
Molochne	46.7458	35.3693	1004	Zaporizhzhia	UA
Hrebenyky	46.8896	29.8086	1004	Odesa	UA
Sísion	35.3077	25.5202	1003	Crete	GR
Budakalász	47.6167	19.0500	1003	Pest County	HU
Ashdot Ya‘aqov Iẖud	32.6583	35.5814	1003	Northern District	IL
Dūsh	37.3882	46.1372	1003	East Azerbaijan	IR
Olari	44.3078	24.2086	1003	Olt	RO
Kahraman	37.6034	28.0374	1003	Aydın	TR
Himmetli	37.8671	36.0643	1003	Adana	TR
Loutró	38.9521	21.2049	1002	West Greece	GR
Néa Anatolí	35.0092	25.6617	1002	Crete	GR
Kaskantyú	46.6720	19.3868	1002	Bács-Kiskun	HU
Ogretin	45.2648	26.0917	1002	Prahova	RO
Groși	47.0453	22.4796	1002	Bihor County	RO
Domnița	47.0209	27.3350	1002	Iași County	RO
Özbek	37.1781	41.6932	1002	Şırnak	TR
Okçular	37.7388	42.4384	1002	Siirt	TR
Hacılar	39.0987	40.8227	1002	Bingöl	TR
Irmaksırtı	41.2289	36.5918	1002	Samsun	TR
Sukhyi Yelanets	47.3698	31.9867	1002	Mykolaiv	UA
Novogrigoryevka	45.4520	34.6038	1002	Crimea	UA
Uszód	46.5701	18.9012	1001	Bács-Kiskun	HU
Zencani	46.9270	25.3341	1001	Harghita County	RO
Tăut	46.7199	21.8385	1001	Bihor County	RO
Oleșești	45.8478	27.1010	1001	Vrancea	RO
Chendrea	47.1224	23.2990	1001	Sălaj County	RO
Starobohdanivka	47.1150	35.4895	1001	Zaporizhzhia	UA
Shyroke	47.9573	38.2316	1001	Donetsk	UA
Buşrá ash Shām	32.5174	36.4816	1000	Daraa	SY
Zimino	45.5080	33.5143	1000	Crimea	UA
Naidăș	44.8811	21.5906	998	Caraș-Severin County	RO
Papiu Ilarian	46.5500	24.2000	997	Mureș County	RO
Burjuc	45.9500	22.4833	997	Hunedoara County	RO
Kolodeznoye	45.2268	34.3370	997	Crimea	UA
Ernestinovo	45.4519	18.6592	996	County of Osijek-Baranja	HR
Platonești	44.6071	27.6971	995	Ialomița County	RO
Bârza	44.3281	24.1419	995	Olt	RO
Vishnyovka	45.9597	33.9529	995	Crimea	UA
Cenade	46.0500	24.0167	994	Alba County	RO
Botoşeşti-Paia	44.4000	23.2667	994	Dolj	RO
Tămășeu	47.2212	21.9276	991	Bihor County	RO
Izobilne	45.5702	34.9447	991	Crimea	UA
Jagodnjak	45.6992	18.5769	990	County of Osijek-Baranja	HR
Donja Motičina	45.4947	18.0242	990	County of Osijek-Baranja	HR
Fundata	45.4500	25.3000	990	Brașov County	RO
Viljevo	45.7514	18.0631	987	County of Osijek-Baranja	HR
Negoslavci	45.2794	18.9967	983	Vukovar-Srijem	HR
Ariceștii Zeletin	45.2222	26.1796	982	Prahova	RO
Cioroiași	44.0833	23.4500	981	Dolj	RO
Sfântu Gheorghe	44.8960	29.5929	979	Tulcea County	RO
Sântămăria-Orlea	45.5887	22.9704	974	Hunedoara County	RO
Bogatoye	45.0293	34.7673	973	Crimea	UA
Andreești	44.7895	23.5510	972	Gorj County	RO
Zhemchuzhina	45.2747	34.6578	971	Crimea	UA
Mereni	46.0792	26.2360	970	Covasna County	RO
Zheleznodorozhnoye	44.7171	33.8042	970	Crimea	UA
Lapoș	45.1520	26.4191	964	Prahova	RO
C.a. Rosetti	45.0462	27.1664	959	Buzău County	RO
Fântâna Mare	47.4143	26.3001	958	Suceava	RO
Văliug	45.2333	22.0333	953	Caraș-Severin County	RO
Chalandrítsa	38.1084	21.7835	949	West Greece	GR
Bărăganu	44.0894	28.4198	948	Constanța County	RO
Yarkoye Pole	45.6129	34.3183	948	Crimea	UA
Dmitrovka	45.4841	35.0588	947	Crimea	UA
Zernovoye	45.2884	33.8641	944	Crimea	UA
Şilindia	46.3500	21.9167	943	Arad County	RO
Leskovik	40.1514	20.5972	939	Korçë County	AL
Ilyichevo	45.2452	35.0713	938	Crimea	UA
Drăgoești	44.5679	26.5395	936	Ialomița County	RO
Bozova	37.2161	30.2858	935	Antalya	TR
Mlini	42.6231	18.2072	933	Dubrovnik-Neretva	HR
Vadu Săpat	45.0397	26.3870	932	Prahova	RO
Chapayevka	45.2812	34.8943	930	Crimea	UA
Cârţa	45.7833	24.5667	928	Sibiu County	RO
Roshchino	45.6092	34.3799	928	Crimea	UA
Scânteiești	45.6833	27.9833	926	Galați County	RO
Goruia	45.1872	21.7792	921	Caraș-Severin County	RO
Viškovci	45.3450	18.4622	920	County of Osijek-Baranja	HR
Dăești	45.2011	24.3868	920	Vâlcea County	RO
Vladislavci	45.4594	18.5742	919	County of Osijek-Baranja	HR
Fruntișeni	46.2063	27.7690	918	Vaslui County	RO
Rusakovka	45.1237	34.4746	918	Crimea	UA
Ohaba	46.0667	23.7833	916	Alba County	RO
Slavnoye	45.7218	33.2369	914	Crimea	UA
Alekseyevka	45.5819	33.6298	913	Crimea	UA
Yermakovo	45.8536	34.4864	909	Crimea	UA
Lermontovo	40.7584	44.6340	908	Lori	AM
Doğanpınar	36.8432	37.6176	908	Gaziantep	TR
Lugovoye	45.2347	35.7220	906	Crimea	UA
Livezi	46.4064	26.7361	905	Bacău County	RO
Râșca	46.7397	23.1062	902	Cluj County	RO
Tselinnoye	45.9063	34.1806	900	Crimea	UA
Krinichnoye	45.0243	34.6120	898	Crimea	UA
Potom	40.4883	20.3733	897	Berat County	AL
Bălăbănești	46.0955	27.7221	895	Galați County	RO
Kostochkovka	45.3175	34.6742	892	Crimea	UA
Mehadica	45.0333	22.2667	891	Caraș-Severin County	RO
Ucea de Jos	45.7841	24.6710	889	Brașov County	RO
Măguri-Răcătău	46.6450	23.1970	889	Cluj County	RO
Băla	46.7167	24.5000	889	Mureș County	RO
Boynitsa	43.9573	22.5324	884	Vidin	BG
Mădârjac	47.0499	27.2618	884	Iași County	RO
Alma	46.2136	24.4804	884	Sibiu County	RO
Ciocârlia	44.8000	26.6667	881	Ialomița County	RO
Vynohradove	45.3926	33.6467	881	Crimea	UA
Doğantepe	40.5978	35.6042	880	Amasya	TR
Kılıç	40.6331	29.3947	876	Yalova	TR
Novoivanovka	45.4491	33.0983	876	Crimea	UA
Şenköy	36.0484	36.1437	875	Hatay	TR
Krayneye	45.2299	33.8324	875	Crimea	UA
Khulo	41.6452	42.3146	874	Adjara	GE
Novopavlovka	45.8663	33.8902	874	Crimea	UA
Malynivka	47.6795	36.4811	873	Zaporizhzhia	UA
Silivașu de Câmpie	46.7833	24.3000	872	Bistrița-Năsăud County	RO
Ciceu-Mihăiești	47.1857	23.9748	872	Bistrița-Năsăud County	RO
Aromatnoye	44.8037	33.8700	872	Crimea	UA
Topliţa	45.6833	22.7833	870	Hunedoara County	RO
Pshenichnoye	45.6463	34.8377	868	Crimea	UA
Râca	44.4343	25.0433	866	Arges	RO
Mitrofani	44.7327	24.2091	866	Vâlcea County	RO
Mărgăriteşti	45.4333	26.8333	866	Buzău County	RO
Nestório	40.4128	21.0622	865	West Macedonia	GR
Čeminac	45.6864	18.6675	865	County of Osijek-Baranja	HR
Kashtany	44.8676	33.7899	862	Crimea	UA
Intregalde	46.2500	23.4167	860	Alba County	RO
Drăgușeni	46.9012	27.5126	859	Iași County	RO
Stakhanovka	45.3706	33.9488	857	Crimea	UA
Uvarovo	45.2626	35.6651	855	Crimea	UA
Grădina	44.5552	28.4324	854	Constanța County	RO
Slava Cercheză	44.9013	28.5475	852	Tulcea County	RO
Sâg	47.0754	22.7808	851	Sălaj County	RO
Veţca	46.3500	24.7833	849	Mureș County	RO
Ticuşu Vechi	45.9333	25.1000	849	Brașov County	RO
Polémi	34.8861	32.5071	848	Pafos	CY
Ungureni	46.5228	27.1119	848	Bacău County	RO
Chernovo	45.5083	33.9340	843	Crimea	UA
Chuprene	43.5181	22.6661	842	Vidin	BG
Alexandru I. Cuza	47.1333	26.8500	841	Iași County	RO
Lidoríki	38.5239	22.1997	840	Central Greece	GR
Marpod	45.8667	24.5000	840	Sibiu County	RO
Găvănești	44.4172	24.0165	840	Olt	RO
Călmățuiu de Sus	44.0263	24.8123	840	Teleorman County	RO
Jiana	44.4018	22.7128	839	Mehedinți County	RO
Gâlgău	47.2818	23.7016	838	Sălaj County	RO
Kímolos	36.7937	24.5758	837	South Aegean	GR
Sutești	44.6685	24.2148	837	Vâlcea County	RO
Karpivka	47.6673	33.1222	836	Dnipropetrovsk	UA
Sary-Bash	45.5714	33.7873	835	Crimea	UA
Serebryanka	45.6394	33.4963	833	Crimea	UA
Ocoliş	46.4833	23.4667	832	Alba County	RO
Tokarevo	45.2837	35.1524	831	Crimea	UA
Krasnogorka	45.2451	35.8074	827	Crimea	UA
Văleni	47.0310	26.6885	825	Neamț County	RO
Otelec	45.6148	20.8495	823	Timiș County	RO
Peschanoye	44.8434	33.6092	820	Crimea	UA
Mílos	36.7454	24.4265	819	South Aegean	GR
Estelnic	46.1044	26.2126	814	Covasna County	RO
Gjerbës	40.6292	20.2511	813	Berat County	AL
Secuieni	46.8500	26.8333	813	Neamț County	RO
Cireşu	44.8233	22.5381	813	Mehedinți County	RO
Vama Buzăului	45.5967	25.9936	812	Brașov County	RO
Igneşti	46.4000	22.1667	809	Arad County	RO
Kirovo	45.2211	35.8423	807	Crimea	UA
Kondratyevo	45.6313	34.4739	803	Crimea	UA
Purani	44.3612	25.4253	801	Teleorman County	RO
Huruiești	46.2667	27.2500	801	Bacău County	RO
Chernozemnoye	45.4081	34.8199	801	Crimea	UA
Susanino	45.4990	33.6985	800	Crimea	UA
Yeşildere	37.1567	33.5145	798	Karaman	TR
Obârșia de Câmp	44.1722	22.9800	797	Mehedinți County	RO
Gorjani	45.3989	18.3722	794	County of Osijek-Baranja	HR
Ilovăț	44.8120	22.7633	793	Mehedinți County	RO
Oinoússes	38.5146	26.2224	792	North Aegean	GR
Olari	44.7848	26.2173	792	Prahova	RO
Uileacu de Beiuș	46.6853	22.2215	789	Bihor County	RO
Sasca Montană	44.8855	21.7092	787	Caraș-Severin County	RO
Cârjiţi	45.8500	22.8333	787	Hunedoara County	RO
Ludoş	45.9167	23.9000	786	Sibiu County	RO
Acıpınar	38.5267	33.8522	785	Aksaray	TR
Chelyadinovo	45.2073	36.3762	785	Crimea	UA
Podgorač	45.4586	18.2228	783	County of Osijek-Baranja	HR
Drăcșenei	44.2268	24.9854	783	Teleorman County	RO
Kovyl’noye	45.6903	33.5277	783	Crimea	UA
Bruiu	45.8667	24.7000	782	Sibiu County	RO
Dalekoye	45.6601	33.0806	782	Crimea	UA
Nevestino	42.2546	22.8490	779	Kyustendil	BG
Drofino	45.2863	34.6159	779	Crimea	UA
Abrikosovo	45.6924	34.1016	778	Crimea	UA
Crăiești	46.7577	24.4250	774	Mureș County	RO
Chiliile	45.4500	26.5833	774	Buzău County	RO
Pănătău	45.3211	26.3944	772	Buzău County	RO
Hvardiiske	45.5869	33.9768	772	Crimea	UA
Rozdol	47.2828	35.3923	770	Zaporizhzhia	UA
Slavonski Šamac	45.0667	18.4889	768	Brod-Posavina	HR
Viștea de Jos	45.7958	24.7238	768	Brașov County	RO
Godeanu	44.8011	22.6086	766	Mehedinți County	RO
Krasnoarmeyskoye	45.9910	34.0304	765	Crimea	UA
Vuka	45.4339	18.5050	764	County of Osijek-Baranja	HR
Gârbău	46.8331	23.3524	763	Cluj County	RO
Dumitrești	45.5524	26.9273	758	Vrancea	RO
Săcălășeni	47.5818	23.5643	755	Maramureş	RO
Muromskoye	45.0905	34.8490	755	Crimea	UA
Güney	38.1544	29.0678	753	Denizli	TR
Ciudanoviţa	45.1447	21.7978	752	Caraș-Severin County	RO
Sânmihaiu de Câmpie	46.8926	24.3359	748	Bistrița-Năsăud County	RO
Balta Albă	45.3042	27.2856	746	Buzău County	RO
Mel’nichnoye	45.1989	34.4201	746	Crimea	UA
Ciocani	46.2604	27.5599	745	Vaslui County	RO
Ceatalchioi	45.2833	28.7833	744	Tulcea County	RO
Vulturu	44.6500	28.2667	741	Constanța County	RO
Vrýses	35.3758	24.2011	740	Crete	GR
Heleșteni	47.2030	26.8775	740	Iași County	RO
Dimitsána	37.5952	22.0403	739	Peloponnese	GR
Popovac	45.8092	18.6583	738	County of Osijek-Baranja	HR
Cevizli	37.1969	31.7633	735	Antalya	TR
Tătărăni	46.6942	27.9644	734	Vaslui County	RO
Markušica	45.3739	18.7058	733	Vukovar-Srijem	HR
Garčin	45.1828	18.1831	733	Brod-Posavina	HR
Saligny	44.2811	28.0909	730	Constanța County	RO
Jugureni	45.1000	26.4500	730	Prahova	RO
Lovas	45.2264	19.1711	728	Vukovar-Srijem	HR
Michurinskoye	45.0743	34.7067	723	Crimea	UA
Yasnopolyanskoye	45.9410	34.3526	723	Crimea	UA
Ibănești	46.3948	27.6255	720	Vaslui County	RO
Samothráki	40.4733	25.5222	719	East Macedonia and Thrace	GR
Oprisavci	45.1464	18.2158	715	Brod-Posavina	HR
Vachi	42.0738	47.2147	714	Dagestan	RU
Titești	45.4197	24.3932	713	Vâlcea County	RO
Marfovka	45.1985	36.0914	713	Crimea	UA
Pantelimon	44.5459	28.3309	712	Constanța County	RO
Ponor	46.3333	23.4167	702	Alba County	RO
Pardina	45.3000	28.9667	702	Tulcea County	RO
Drăgănești	47.3089	26.4055	701	Neamț County	RO
Kirkovo	41.3272	25.3638	700	Kardzhali	BG
Seaca de Pădure	44.3661	23.3059	699	Dolj	RO
Hurdugi	46.5078	28.0547	699	Vaslui County	RO
Kol’tsovo	45.3281	33.4499	697	Crimea	UA
Bölükyazı	38.3275	42.1745	696	Bitlis	TR
Stânceni	46.9833	25.2333	692	Mureș County	RO
Dumitrița	47.0714	24.6258	684	Bistrița-Năsăud County	RO
Roșcani	47.4558	27.4002	683	Iași County	RO
Mandráki	36.6114	27.1333	682	South Aegean	GR
Zall-Reç	41.8761	20.3200	681	Dibër County	AL
Marjanci	45.6669	18.2922	680	County of Osijek-Baranja	HR
Eğerci	41.0992	31.8174	673	Zonguldak Province	TR
Folégandros	36.6279	24.9202	667	South Aegean	GR
Săcuieu	46.8233	22.8882	666	Cluj County	RO
Makresh	43.7679	22.6641	660	Vidin	BG
Küplü	40.0984	30.0001	660	Bilecik	TR
Zemlyanichnoye	44.9744	34.8355	660	Crimea	UA
Războienii de Jos	47.0689	26.5637	659	Neamț County	RO
Murgași	44.4997	23.8670	659	Dolj	RO
Cerbăl	45.7833	22.7167	655	Hunedoara County	RO
Diculești	44.5935	23.9897	651	Vâlcea County	RO
Gölova	36.7992	30.0389	649	Antalya	TR
Hrechani Pody	47.7851	33.4624	643	Dnipropetrovsk	UA
Bujoreni	44.1167	25.6333	638	Teleorman County	RO
Prostornoye	45.6560	34.6984	635	Crimea	UA
Šavnik	42.9569	19.0961	633	Opština Šavnik	ME
Cozma	46.8167	24.5333	632	Mureș County	RO
Râu Sadului	45.6167	24.0667	627	Sibiu County	RO
Bogdana	46.5267	27.6328	627	Vaslui County	RO
Krasnoyarskoye	45.5066	33.2664	626	Crimea	UA
Kalpáki	39.8878	20.6239	625	Epirus	GR
Güzeloluk	36.7944	34.0827	618	Mersin	TR
Bogdanovci	45.3408	18.9308	614	Vukovar-Srijem	HR
Cocorăștii Colț	44.8342	25.8994	611	Prahova	RO
Bolvașnița	45.3456	22.3101	610	Caraș-Severin County	RO
Dumbrăveni	43.9333	27.9833	605	Constanța County	RO
Tordinci	45.3703	18.7950	594	Vukovar-Srijem	HR
Fărcaș	44.6000	23.7500	593	Dolj	RO
Maryevka	45.1133	36.2399	591	Crimea	UA
Voulgaréli	39.3719	21.1833	590	Epirus	GR
Ngraçan	40.6444	19.7925	588	Fier County	AL
Căianu	46.7846	23.9185	588	Cluj County	RO
Bobâlna	47.1439	23.6446	588	Cluj County	RO
Căpățânenii Pământeni	45.3167	24.6500	586	Arges	RO
Craiva	46.5833	21.9667	585	Arad County	RO
Negomir	44.8333	23.1667	580	Gorj County	RO
Licurici	44.9167	23.6167	579	Gorj County	RO
Câlnic	44.9500	23.0833	578	Gorj County	RO
Pardoşi	45.4567	26.8780	572	Buzău County	RO
Yarpuzlu	38.0541	38.5213	571	Adıyaman Province	TR
Narlıdere	38.2268	41.8901	571	Bitlis	TR
Iordăcheanu	45.0439	26.2392	570	Prahova	RO
Bunești	47.5250	26.2883	570	Suceava	RO
Reşadiye	38.4888	42.5350	570	Bitlis	TR
Shuakhevi	41.6257	42.1861	566	Adjara	GE
Megalochóri	37.7105	23.3466	566	Attica	GR
Punitovci	45.4331	18.4164	566	County of Osijek-Baranja	HR
Ceparii Pământeni	45.2167	24.5667	564	Arges	RO
Erdut	45.5264	19.0603	561	County of Osijek-Baranja	HR
Crețești	46.6333	27.9500	561	Vaslui County	RO
Çakırbeyli	37.7350	27.8239	560	Aydın	TR
Roskoshnoye	45.6519	34.1155	559	Crimea	UA
Davulga	38.9792	31.3714	557	Afyonkarahisar Province	TR
Crușeț	44.6333	23.6667	555	Gorj County	RO
Listvennoye	45.4809	34.8109	549	Crimea	UA
Valea Sării	45.8769	26.7987	545	Vrancea	RO
Pátmos	37.3090	26.5472	541	South Aegean	GR
Sâmbotin	45.1333	23.3333	538	Gorj County	RO
Ususău	46.0706	21.8137	533	Arad County	RO
Petlovac	45.7583	18.5281	532	County of Osijek-Baranja	HR
Didești	44.2167	24.8833	531	Teleorman County	RO
Poienari	45.0703	24.5306	530	Arges	RO
Almăj	44.4500	23.7167	529	Dolj	RO
Trnava	45.2614	18.2531	524	County of Osijek-Baranja	HR
Olanu	44.8667	24.3000	524	Vâlcea County	RO
Okunevka	45.3685	32.7636	522	Crimea	UA
Süleymanlı	37.8761	36.8328	518	Kahramanmaraş	TR
Kuzucubelen	36.8400	34.4376	517	Mersin	TR
Filatovka	46.0819	33.7851	516	Crimea	UA
Cicănești	45.2460	24.6053	506	Arges	RO
Murat	39.6781	43.2469	506	Ağrı	TR
Lelese	45.7333	22.7000	505	Hunedoara County	RO
Botești	47.0520	26.7486	501	Neamț County	RO
Spulber	45.7519	26.7608	500	Vrancea	RO
Damlacık	37.9142	38.6539	500	Adıyaman Province	TR
Leshnjë	40.5369	20.3133	496	Berat County	AL
Ibănești-Pădure	46.7589	24.9868	492	Mureș County	RO
Măzănăești	47.5279	26.0840	491	Suceava	RO
Stângăceaua	44.6090	23.3127	490	Mehedinți County	RO
Paleu	47.1153	21.9593	489	Bihor County	RO
Gáïos	39.1972	20.1856	487	Ionian Islands	GR
Morfovoúni	39.3525	21.7500	485	Thessaly	GR
Kavacık	39.6755	28.4945	480	Balıkesir	TR
Pazarköy	40.9256	32.1807	480	Bolu	TR
Voloiac	44.6167	23.1000	472	Mehedinți County	RO
Sopot	44.4167	23.5000	472	Dolj	RO
Crișan	45.1746	29.3860	469	Tulcea County	RO
Sâmbăta	46.8017	22.2036	467	Bihor County	RO
Bogda	45.9783	21.5725	465	Timiș County	RO
Koçali	37.9231	38.2579	463	Adıyaman Province	TR
Drenje	45.3811	18.2819	462	County of Osijek-Baranja	HR
Odobești	46.6761	27.1498	459	Bacău County	RO
Valea Salciei	45.4962	26.8236	458	Buzău County	RO
Bunila	45.7000	22.6667	455	Hunedoara County	RO
Psará	38.5410	25.5629	454	North Aegean	GR
Hășmaș	46.5000	22.0833	444	Arad County	RO
Bâcleș	44.4833	23.1333	442	Mehedinți County	RO
Drânceni	46.8015	28.1326	438	Vaslui County	RO
Karaşar	40.3257	31.9868	429	Ankara	TR
Mysovoe	45.4479	35.8353	429	Crimea	UA
Mezraa	41.1976	35.1168	428	Samsun	TR
Java	42.3899	43.9242	426	Shida Kartli	GE
Ohaba Lungă	45.9074	21.9854	418	Timiș County	RO
Tătărăști	46.2167	27.2000	417	Bacău County	RO
Alıcık	40.8028	35.3226	410	Amasya	TR
Alunișu	44.7167	24.5500	409	Olt	RO
Hopârta	46.3213	23.8724	407	Alba County	RO
Alagyaz	40.6808	44.2880	406	Aragatsotn	AM
Karakasım	41.5172	26.6438	405	Edirne	TR
Ivanovka	45.3743	34.7201	400	Crimea	UA
Ferik	40.1874	44.2095	397	Armavir	AM
Amorgós	36.8317	25.8982	397	South Aegean	GR
Cosmina de Jos	45.1500	25.8833	397	Prahova	RO
Gurasada	45.9548	22.5949	395	Hunedoara County	RO
Mogești	45.1167	23.9167	391	Vâlcea County	RO
Srebreno	42.6233	18.1961	382	Dubrovnik-Neretva	HR
Cozmești	46.7338	27.5016	382	Vaslui County	RO
Meydancık	41.4096	42.2364	382	Artvin	TR
Coroieni	47.3667	23.7667	376	Maramureş	RO
Podcrkavlje	45.2239	18.0100	375	Brod-Posavina	HR
Cătunele	44.8644	22.9071	375	Gorj County	RO
Şiştarovăţ	46.0167	21.7333	374	Arad County	RO
Bara	45.8947	21.8719	374	Timiș County	RO
Tepebaşı	36.6663	32.7221	374	Karaman	TR
Bărăștii de Vede	44.7160	24.6592	370	Olt	RO
Yalnızçam	41.0644	42.5008	369	Ardahan	TR
Belinskoye	45.3747	36.0821	368	Crimea	UA
Ceru-Băcăinţi	45.9833	23.2500	367	Alba County	RO
Sérifos	37.1540	24.5061	364	South Aegean	GR
Voiteștii din Vale	45.0875	23.4215	359	Gorj County	RO
Kırobası	36.7224	33.8671	359	Mersin	TR
Fry	35.4162	26.9233	357	South Aegean	GR
Criştioru de Jos	46.4194	22.5346	357	Bihor County	RO
Draž	45.8422	18.7886	355	County of Osijek-Baranja	HR
Valea Lungă-Cricov	45.0653	25.5879	348	Dâmbovița County	RO
Gündoğdu	40.2641	27.0929	344	Canakkale	TR
Cumaçay	39.9152	43.1865	341	Ağrı	TR
Sarıbuğday	40.7481	35.4597	340	Amasya	TR
Ploscoș	46.6430	23.8466	337	Cluj County	RO
Sinekçi	40.2707	27.4067	336	Canakkale	TR
Santa Cesarea Terme	40.0361	18.4554	328	Apulia	IT
Yamaç	38.7762	40.4389	315	Bingöl	TR
Brestovăț	45.8734	21.6820	310	Timiș County	RO
Arıt	41.6871	32.6240	310	Bartın	TR
Tălpaș	44.6823	23.7455	308	Dolj	RO
Logrești Moșteni	44.9066	23.7048	308	Gorj County	RO
Secaş	45.8850	21.8192	301	Timiș County	RO
Bretea Română	45.6609	23.0174	301	Hunedoara County	RO
Kardamýli	36.8878	22.2332	300	Peloponnese	GR
Sânmărtin	47.0095	24.0781	296	Cluj County	RO
Horea	46.5025	22.9503	293	Alba County	RO
Çeltikçi	40.3219	32.4557	291	Ankara	TR
Izvoru	45.1925	26.5915	282	Buzău County	RO
Kýthira	36.1495	22.9898	281	Attica	GR
Zelene	44.5958	34.0092	280	Crimea	UA
Demirkent	40.8860	41.7383	277	Artvin	TR
Berleşti	44.9167	23.6667	276	Gorj County	RO
Uruş	40.2490	32.1379	276	Ankara	TR
Kerasochóri	39.0056	21.6378	274	Central Greece	GR
Çaltılıbük	39.9559	28.5991	274	Bursa Province	TR
Anthiró	39.3472	21.4583	270	Thessaly	GR
Leliceni	46.3471	25.8478	270	Harghita County	RO
Šodolovci	45.4000	18.6203	267	County of Osijek-Baranja	HR
Koloni	34.7486	32.4656	264	Pafos	CY
Darıkent	38.9625	39.8079	254	Tunceli	TR
Lăcusteni	44.6954	23.8998	246	Vâlcea County	RO
Chóra Sfakíon	35.2018	24.1371	243	Crete	GR
Klakar	45.0986	18.1322	243	Brod-Posavina	HR
Glanica	42.5493	21.0634	243	Pristina	XK
General Berthelot	45.6167	22.8833	239	Hunedoara County	RO
Maliuc	45.1768	29.1133	238	Tulcea County	RO
Karyes	40.2572	24.2450	237	Mount Athos	GR
Dilektepe	38.0752	41.8272	235	Siirt	TR
Pazar	40.3303	32.7482	235	Ankara	TR
Pazarköy	39.8532	27.4030	232	Canakkale	TR
Pochidia	46.0432	27.5875	229	Vaslui County	RO
Veliköy	41.3153	42.4325	229	Artvin	TR
Tompojevci	45.2333	19.0919	227	Vukovar-Srijem	HR
Nove	46.7831	35.2774	227	Zaporizhzhia	UA
Arevut	40.3639	43.8103	226	Aragatsotn	AM
Altınyaka	36.5586	30.3483	225	Antalya	TR
Poseștii-Pământeni	45.2667	26.1500	220	Prahova	RO
Bakacak	40.2050	27.0832	220	Canakkale	TR
Yenimehmetli	39.4200	32.1689	218	Ankara	TR
Levanjska Varoš	45.3156	18.1836	216	County of Osijek-Baranja	HR
Kurtkale	41.2655	43.1258	213	Ardahan	TR
Bereni	46.5573	24.8682	205	Mureș County	RO
İshaklı	38.1997	30.0133	189	Denizli	TR
Güvem	40.5907	32.6611	186	Ankara	TR
Laimós	40.8363	21.1406	185	West Macedonia	GR
Ion Neculce	47.2034	27.0527	184	Iași County	RO
Camili	41.4784	41.8982	181	Artvin	TR
Haberli	37.3051	41.6176	174	Mardin	TR
Metsadzor	40.3804	44.0459	172	Aragatsotn	AM
Áno Kalentíni	39.2500	21.1853	172	Epirus	GR
Bătrâna	45.7833	22.5833	172	Hunedoara County	RO
Megálo Chorió	37.4582	26.9727	168	South Aegean	GR
Asprángeloi	39.8233	20.7286	165	Epirus	GR
Poyraz	38.6860	39.0230	165	Elazığ	TR
Stănești	44.8167	24.0500	161	Vâlcea County	RO
Zeytinlik	41.1181	41.8558	159	Artvin	TR
Mogoș	46.2755	23.2804	158	Alba County	RO
Kuşsarayı	38.4512	38.6791	154	Elazığ	TR
Bucakkışla	36.9544	33.0220	145	Karaman	TR
Eminbey	41.5476	42.7820	134	Ardahan	TR
Kirazlı	40.0418	26.7009	122	Canakkale	TR
Büyükarmutlu	39.5755	38.4272	121	Erzincan	TR
Bucium	46.2640	23.1791	119	Alba County	RO
Vendresha e Vogël	40.5072	20.1347	118	Berat County	AL
Güzelsu	36.8962	31.8550	106	Antalya	TR
Köprübaşı	41.0475	35.5169	106	Samsun	TR
Yiğitler	39.8675	26.6111	99	Canakkale	TR
Magadenovac	45.6623	18.1870	96	County of Osijek-Baranja	HR
Dombay	38.1542	30.2088	93	Afyonkarahisar Province	TR
Öğdem	40.9173	41.6361	93	Artvin	TR
Ortacalar	41.2790	41.3789	92	Artvin	TR
Brebu Nou	45.2333	22.1333	86	Caraș-Severin County	RO
Agía Kyriakí	39.5226	20.8836	83	Epirus	GR
Yenice	39.9308	27.2581	81	Canakkale	TR
Yarhisar	40.2167	29.8709	79	Bilecik	TR
Bağpınar	37.5914	38.3191	73	Adıyaman Province	TR
Kireç	39.5552	28.3651	72	Balıkesir	TR
Umraniye	39.1750	31.2344	67	Afyonkarahisar Province	TR
Vidra	46.3676	22.8881	65	Alba County	RO
Liberpolis	45.7747	18.8801	63	County of Osijek-Baranja	HR
Oğuzköy	39.5226	38.8360	63	Erzincan	TR
Bulzeștii de Sus	46.3007	22.7612	47	Hunedoara County	RO
Kastrí	34.8346	24.0857	37	Crete	GR
Meládeia	34.9882	32.5067	20	Pafos	CY
Pelagićevo	44.9010	18.5919	4	Srpska	BA
Domaljevac	45.0611	18.5861	4	Federation of B&H	BA
Čelić	44.7252	18.8147	4	Federation of B&H	BA
Tutin	42.9903	20.3314	4	Central Serbia	RS
Ćićevac	43.7188	21.4409	4	Central Serbia	RS
Raška	43.2872	20.6153	4	Central Serbia	RS
Mali Zvornik	44.3734	19.1065	4	Central Serbia	RS
Junik	42.4758	20.2772	4	Gjakova	XK
Prijepolje	43.3900	19.6487	3	Central Serbia	RS
Priboj	43.5831	19.5252	3	Central Serbia	RS
Livadhja	39.7892	20.1219	0	Vlorë County	AL
Kakavijë	39.9078	20.3583	0	Gjirokastër County	AL
Dhivër	39.8361	20.1686	0	Vlorë County	AL
Aliko	39.8586	20.0792	0	Vlorë County	AL
Buçimas	40.8914	20.6814	0	Korçë County	AL
Zavalinë	40.9808	20.2808	0	Elbasan County	AL
Zapod	42.0506	20.5525	0	Kukës County	AL
Xibër-Murrizë	41.4547	20.0256	0	Dibër County	AL
Vreshtas	40.7969	20.7769	0	Korçë County	AL
Voskopojë	40.6331	20.5889	0	Korçë County	AL
Voskop	40.6119	20.6903	0	Korçë County	AL
Vithkuq	40.5250	20.5825	0	Korçë County	AL
Vithkuq	40.2047	20.2594	0	Gjirokastër County	AL
Vergo	40.0067	20.0089	0	Vlorë County	AL
Velçan	40.9547	20.4622	0	Korçë County	AL
Udënisht	40.9633	20.6392	0	Korçë County	AL
Tunjë	40.8342	20.1119	0	Elbasan County	AL
Tregan	41.0247	20.0783	0	Elbasan County	AL
Trebisht-Muçinë	41.4111	20.5356	0	Dibër County	AL
Trebinjë	40.9133	20.5531	0	Korçë County	AL
Topojan	40.3772	20.2133	0	Gjirokastër County	AL
Tomin	41.6908	20.4217	0	Dibër County	AL
Surroj	41.9922	20.3442	0	Kukës County	AL
Sult	40.8847	20.0994	0	Elbasan County	AL
Sukë	40.3753	20.1547	0	Gjirokastër County	AL
Suç	41.5769	20.0514	0	Dibër County	AL
Steblevë	41.3372	20.4700	0	Elbasan County	AL
Sllovë	41.8011	20.4083	0	Dibër County	AL
Skore	40.1072	20.3664	0	Gjirokastër County	AL
Skënderbegas	40.7761	20.2406	0	Elbasan County	AL
Shtiqën	42.0406	20.4342	0	Kukës County	AL
Shishtavec	41.9800	20.6058	0	Kukës County	AL
Shirgjan	41.0519	20.0533	0	Elbasan County	AL
Shëngjin	41.9261	20.1883	0	Lezhë County	AL
Shënmëri	42.1042	20.2383	0	Kukës County	AL
Selishtë	41.6275	20.2792	0	Dibër County	AL
Saraqinishtë	40.1053	20.2294	0	Gjirokastër County	AL
Rukaj	41.6836	20.0192	0	Dibër County	AL
Qukës-Skënderbe	41.0839	20.4381	0	Elbasan County	AL
Qestorat	40.1175	20.1997	0	Gjirokastër County	AL
Proptisht	40.9861	20.5025	0	Korçë County	AL
Progër	40.6942	20.9403	0	Korçë County	AL
Poroçan	40.9419	20.2986	0	Elbasan County	AL
Polis-Gostimë	41.1333	20.2583	0	Elbasan County	AL
Pojan	40.7258	20.8375	0	Korçë County	AL
Pirg	40.7850	20.7061	0	Korçë County	AL
Petran	40.2094	20.4183	0	Gjirokastër County	AL
Ostreni i Math	41.4308	20.4556	0	Dibër County	AL
Orosh	41.8333	20.0833	0	Lezhë County	AL
Orenjë	41.2847	20.2119	0	Elbasan County	AL
Odrie	40.1333	20.1667	0	Gjirokastër County	AL
Novoselë	40.7614	20.6983	0	Korçë County	AL
Picar	40.1667	20.0483	0	Gjirokastër County	AL
Mollas	40.9269	20.0036	0	Elbasan County	AL
Mollas	40.4256	20.6744	0	Korçë County	AL
Mollaj	40.5603	20.7403	0	Korçë County	AL
Miras	40.5092	20.9283	0	Korçë County	AL
Melan	41.6542	20.4653	0	Dibër County	AL
Martanesh	41.4000	20.2000	0	Dibër County	AL
Maqellarë	41.5889	20.4831	0	Dibër County	AL
Macukull	41.6886	20.1103	0	Dibër County	AL
Lunik	41.2892	20.3236	0	Elbasan County	AL
Llugaj	42.3414	20.1086	0	Kukës County	AL
Lis	41.6275	20.0853	0	Dibër County	AL
Liqenas	40.7867	20.9022	0	Korçë County	AL
Libonik	40.7044	20.7086	0	Korçë County	AL
Lenias	40.7667	20.3914	0	Elbasan County	AL
Lekas	40.6022	20.5125	0	Korçë County	AL
Lazarat	40.0467	20.1475	0	Gjirokastër County	AL
Labinot-Mal	41.2008	20.1522	0	Elbasan County	AL
Labinot-Fushë	41.1406	20.1461	0	Elbasan County	AL
Kushovë	40.7889	20.1889	0	Elbasan County	AL
Kukur	40.8678	20.3636	0	Elbasan County	AL
Kthella e Epërme	41.8119	20.0589	0	Lezhë County	AL
Kolsh	42.0781	20.3419	0	Kukës County	AL
Kodovjat	40.8056	20.2511	0	Elbasan County	AL
Kastriot	41.7294	20.3772	0	Dibër County	AL
Kardhiq	40.1217	20.0275	0	Gjirokastër County	AL
Kalis	41.8389	20.3667	0	Kukës County	AL
Gostimë	41.1456	20.2400	0	Elbasan County	AL
Golaj	42.2475	20.3803	0	Kukës County	AL
Gjorica e Sipërme	41.5344	20.4500	0	Dibër County	AL
Gjinar	41.0225	20.1889	0	Elbasan County	AL
Gjinaj	42.1181	20.4358	0	Kukës County	AL
Gjergjan	41.0431	20.0297	0	Elbasan County	AL
Gjegjan	41.9378	20.0111	0	Shkodër County	AL
Fushë-Muhurr	41.6797	20.3314	0	Dibër County	AL
Fushë-Lurë	41.8061	20.2319	0	Dibër County	AL
Fushë-Çidhnë	41.7606	20.3411	0	Dibër County	AL
Fushë-Bulqizë	41.5219	20.2822	0	Dibër County	AL
Frashër	40.3689	20.4244	0	Gjirokastër County	AL
Fierzë	42.2606	20.0169	0	Shkodër County	AL
Fajzë	42.1669	20.3508	0	Kukës County	AL
Drenovë	40.5833	20.7922	0	Korçë County	AL
Dishnicë	40.6514	20.8136	0	Korçë County	AL
Derjan	41.6736	20.0583	0	Dibër County	AL
Çlirim	40.4175	20.5503	0	Korçë County	AL
Cerava	40.8514	20.7250	0	Korçë County	AL
Çepan	40.4206	20.2606	0	Berat County	AL
Çarshovë	40.1181	20.5408	0	Gjirokastër County	AL
Kokaj	41.8783	20.5047	0	Kukës County	AL
Buz	40.4450	20.0047	0	Gjirokastër County	AL
Bushtricë	41.8786	20.4219	0	Kukës County	AL
Bradashesh	41.1050	20.0225	0	Elbasan County	AL
Blinisht	41.8614	20.0000	0	Lezhë County	AL
Blerim	42.1606	20.1919	0	Shkodër County	AL
Bicaj	41.9947	20.4125	0	Kukës County	AL
Dardhas	40.8458	20.6572	0	Korçë County	AL
Barmash	40.2778	20.6183	0	Korçë County	AL
Ballaban	40.4167	20.1344	0	Gjirokastër County	AL
Arrën	41.9131	20.2883	0	Kukës County	AL
Bytyç	42.3100	20.2028	0	Kukës County	AL
Funarë	41.1964	20.0597	0	Elbasan County	AL
Moglicë	40.7181	20.4381	0	Korçë County	AL
Piskovë	40.2792	20.2725	0	Gjirokastër County	AL
Lukovë	39.9922	19.9139	0	Vlorë County	AL
Zejmen	41.7078	19.6892	0	Lezhë County	AL
Vranisht	40.2097	19.6908	0	Vlorë County	AL
Velipojë	41.8783	19.4056	0	Shkodër County	AL
Vaqarr	41.2992	19.7442	0	Tirana	AL
Ungrej	41.8753	19.7947	0	Lezhë County	AL
Topojë	40.7631	19.4328	0	Fier County	AL
Tërbuf	41.0400	19.6142	0	Fier County	AL
Synej	41.1800	19.5425	0	Tirana	AL
Strum	40.7511	19.7375	0	Fier County	AL
Sinaballaj	41.0689	19.6994	0	Tirana	AL
Shezë	41.0242	19.8161	0	Elbasan County	AL
Shënkoll	41.6908	19.6533	0	Lezhë County	AL
Shëngjergj	41.1833	19.5333	0	Tirana	AL
Shalës	40.9986	19.9478	0	Elbasan County	AL
Nicaj-Shalë	42.2994	19.8050	0	Shkodër County	AL
Sevaster	40.3964	19.7297	0	Vlorë County	AL
Selitë	41.6353	19.7550	0	Lezhë County	AL
Valbonë	42.4514	19.8917	0	Kukës County	AL
Ruzhdie	40.6708	19.6983	0	Fier County	AL
Rrasa e Sipërme	40.9678	19.8211	0	Elbasan County	AL
Rrapë	42.0444	19.9706	0	Shkodër County	AL
Remas	40.8864	19.5114	0	Fier County	AL
Qerret	42.0531	19.8372	0	Shkodër County	AL
Qelëz	42.0897	19.8950	0	Shkodër County	AL
Progonat	40.2133	19.9447	0	Gjirokastër County	AL
Prezë	41.4272	19.6728	0	Tirana	AL
Portëz	40.6992	19.5744	0	Fier County	AL
Peza e Madhe	41.2175	19.6961	0	Tirana	AL
Përparim	41.0500	19.7992	0	Elbasan County	AL
Paskuqan	41.3539	19.8067	0	Tirana	AL
Pajovë	41.0547	19.8375	0	Elbasan County	AL
Nicaj-Shosh	42.2444	19.7581	0	Shkodër County	AL
Mbrostar-Urë	40.7536	19.5794	0	Fier County	AL
Maminas	41.3792	19.6075	0	Durrës County	AL
Luzi i Vogël	41.1275	19.5739	0	Tirana	AL
Luftinjë	40.4428	19.9544	0	Gjirokastër County	AL
Libofshë	40.8344	19.5522	0	Fier County	AL
Levan	40.6761	19.4897	0	Fier County	AL
Lekbibaj	42.2947	19.9317	0	Kukës County	AL
Lekaj	41.1144	19.6097	0	Tirana	AL
Kutë	40.4733	19.7664	0	Fier County	AL
Kurjan	40.7175	19.7456	0	Fier County	AL
Kuman	40.7267	19.6867	0	Fier County	AL
Kuç	42.0397	19.5253	0	Shkodër County	AL
Kryevidh	41.1006	19.5275	0	Tirana	AL
Krutja e Poshtme	40.8719	19.6808	0	Fier County	AL
Krahës	40.4386	19.8444	0	Gjirokastër County	AL
Kotë	40.3894	19.6022	0	Vlorë County	AL
Kombësi	41.5817	19.9856	0	Dibër County	AL
Kolonjë	40.8242	19.6039	0	Fier County	AL
Kolç	41.7867	19.6761	0	Lezhë County	AL
Katundi i Ri	41.4031	19.5181	0	Durrës County	AL
Kastrat	42.3525	19.4892	0	Shkodër County	AL
Kashar	41.3497	19.7103	0	Tirana	AL
Karinë	41.0631	19.7161	0	Elbasan County	AL
Karbunara e Vogël	40.9219	19.7178	0	Fier County	AL
Kallmeti i Madh	41.8489	19.6869	0	Lezhë County	AL
Kallmet	41.4181	19.8214	0	Tirana	AL
Kalenjë	40.5900	19.7783	0	Fier County	AL
Kajan	40.9142	19.8894	0	Elbasan County	AL
Kaçinar	41.8933	19.8986	0	Lezhë County	AL
Hysgjokaj	40.9717	19.7897	0	Fier County	AL
Helmas	41.1803	19.6069	0	Tirana	AL
Hekal	40.5619	19.7358	0	Fier County	AL
Hasan	41.4828	19.6997	0	Durrës County	AL
Hajmel	41.9531	19.6378	0	Shkodër County	AL
Gurra e Vogël	41.5361	19.9908	0	Dibër County	AL
Guri i Zi	42.0450	19.5747	0	Shkodër County	AL
Gruemirë	42.1592	19.5189	0	Shkodër County	AL
Greshicë	40.5519	19.7783	0	Fier County	AL
Grekan	40.9294	19.9475	0	Elbasan County	AL
Gradishtë	40.8881	19.5858	0	Fier County	AL
Gracen	41.1519	19.9636	0	Elbasan County	AL
Grabjan	40.9531	19.5808	0	Fier County	AL
Gosë e Madhe	41.0906	19.6247	0	Tirana	AL
Gjoçaj	41.0256	19.7239	0	Elbasan County	AL
Gjepalaj	41.3331	19.5781	0	Durrës County	AL
Fushëkuqe	41.6503	19.6200	0	Lezhë County	AL
Fratar	40.5000	19.8167	0	Fier County	AL
Frakulla e Madhe	40.6558	19.5025	0	Fier County	AL
Fier-Shegan	40.8672	19.7853	0	Fier County	AL
Farka e Madhe	41.3119	19.8707	0	Tirana	AL
Drenovë	40.6006	19.7008	0	Fier County	AL
Dërmënas	40.7456	19.4939	0	Fier County	AL
Vau i Dejës	42.0100	19.6247	0	Shkodër County	AL
Dajt	41.3936	19.9158	0	Tirana	AL
Dajç	41.9917	19.4106	0	Shkodër County	AL
Dajç	41.9156	19.6044	0	Lezhë County	AL
Cudhi Zall	41.5094	19.8458	0	Durrës County	AL
Cakran	40.6033	19.6261	0	Fier County	AL
Bushat	42.1194	19.8997	0	Shkodër County	AL
Bubullimë	40.8181	19.6408	0	Fier County	AL
Bërzhitë	41.2453	19.9011	0	Tirana	AL
Bërxull	41.3800	19.6875	0	Tirana	AL
Bërdica e Madhe	42.0153	19.4817	0	Shkodër County	AL
Belsh	40.9750	19.8819	0	Elbasan County	AL
Baz	41.6319	19.9292	0	Dibër County	AL
Ballagat	40.9953	19.7653	0	Fier County	AL
Baldushk	41.2139	19.7969	0	Tirana	AL
Armen	40.5364	19.5961	0	Vlorë County	AL
Aranitas	40.5944	19.8067	0	Fier County	AL
Allkaj	40.8575	19.7553	0	Fier County	AL
Golem	41.2458	19.5347	0	Tirana	AL
Balldreni i Ri	41.8192	19.6403	0	Lezhë County	AL
Grudë-Fushë	42.1622	19.4967	0	Shkodër County	AL
Fierzë	40.9206	19.8469	0	Elbasan County	AL
Dushk	40.7267	19.7572	0	Fier County	AL
Selitë	40.5475	19.8481	0	Fier County	AL
Vllahinë	40.4569	19.6436	0	Vlorë County	AL
Trnovo	43.6658	18.4459	0	Srpska	BA
Sapna	44.5038	18.9982	0	Federation of B&H	BA
Prača	43.7637	18.7651	0	Federation of B&H	BA
Osmaci	44.4016	18.9164	0	Srpska	BA
Matuzići	44.6878	18.0489	0	Federation of B&H	BA
Lukavica	43.8269	18.3832	0	Srpska	BA
Teočak	44.6032	18.9797	0	Federation of B&H	BA
Kreševo	43.8656	18.0433	0	Federation of B&H	BA
Kopači	43.6783	19.0284	0	Srpska	BA
Klokotnica	44.7329	18.1888	0	Federation of B&H	BA
Hreša	43.8780	18.4970	0	Srpska	BA
Breza	44.0186	18.2606	0	Federation of B&H	BA
Petrovo	44.6280	18.3532	0	Srpska	BA
Berkovići	43.0947	18.1703	0	Srpska	BA
Zelenikovo	42.4000	25.0833	0	Plovdiv	BG
Tochilari	43.8500	26.4667	0	Razgrad	BG
Spasovo	43.7017	28.3040	0	Dobrich	BG
Medovene	43.7667	26.5167	0	Razgrad	BG
Lakatnik	43.0500	23.4000	0	Sofia	BG
Iskar	43.6708	24.4523	0	Pleven	BG
Gorichevo	43.8500	26.4500	0	Razgrad	BG
Gabrovo	41.8000	25.2667	0	Kardzhali	BG
Elkhovo	42.5757	25.7480	0	Stara Zagora	BG
Bov	43.0326	23.3775	0	Sofia	BG
Geroskípou (quarter)	34.7558	32.4492	0	Pafos	CY
Tróodos	34.9234	32.8805	0	Limassol	CY
Tsada - Tremithousa - Tala (Borders)	34.8343	32.4536	0	Pafos	CY
Khelvachauri	41.5845	41.6731	0	Adjara	GE
Geráni	35.5172	23.8782	0	Crete	GR
Sofádes	39.3333	22.1000	0	Thessaly	GR
Síkinos	36.7000	25.1167	0	South Aegean	GR
Megísti	36.1489	29.5936	0	South Aegean	GR
Megálo Chorió	36.4550	27.3456	0	South Aegean	GR
Leipsoí	37.2833	26.7667	0	South Aegean	GR
Kýthnos	37.4124	24.4307	0	South Aegean	GR
Chálki	36.2224	27.6119	0	South Aegean	GR
Kéa	37.6333	24.3500	0	South Aegean	GR
Farkadóna	39.6000	22.0667	0	Thessaly	GR
Dístomo	38.4289	22.6673	0	Central Greece	GR
Ágios Efstrátios	39.5389	24.9917	0	North Aegean	GR
Ágioi Déka	35.0667	24.9667	0	Crete	GR
Antíparos	37.0394	25.0826	0	South Aegean	GR
Anáfi	36.3500	25.7667	0	South Aegean	GR
Smínthi	41.2306	24.8800	0	East Macedonia and Thrace	GR
Paranésti	41.2667	24.5000	0	East Macedonia and Thrace	GR
Káto Nevrokópi	41.3500	23.8667	0	East Macedonia and Thrace	GR
Évlalo	40.9833	24.8000	0	East Macedonia and Thrace	GR
Agía Foteiní	35.2546	24.6349	0	Crete	GR
Ampelókipoi	40.6530	22.9262	0	Central Macedonia	GR
Foúrnoi	37.5785	26.4807	0	North Aegean	GR
Nea Lava	40.1905	22.0132	0	West Macedonia	GR
Mosynopolis, Maximianopolis, Μαξιμιανούπολις	41.1286	25.3255	0	East Macedonia and Thrace	GR
Xinos	37.0572	22.0055	0	Peloponnese	GR
Fīq	32.7794	35.7003	0	Northern District	IL
Al Buţayḩah	32.9087	35.6320	0	Northern District	IL
Al Khushnīyah	32.9994	35.8108	0	Northern District	IL
Zāwītah	36.9055	43.1448	0	Duhok	IQ
Dāqūq	35.1392	44.4491	0	Kirkuk	IQ
Tall ‘Afar	36.3791	42.4481	0	Nineveh	IQ
‘Ayn Tamr	32.5669	43.4881	0	Karbala	IQ
Seyid Sadiq	35.3528	45.8668	0	Sulaymaniyah	IQ
Qeredagh	35.3071	45.3906	0	Sulaymaniyah	IQ
Mêrgasur	36.8407	44.3023	0	Erbil	IQ
Mexmur	35.7762	43.5797	0	Erbil	IQ
Kānī Māsī	37.2278	43.4373	0	Duhok	IQ
Al ‘Abbāsī	35.2752	43.5959	0	Kirkuk	IQ
Hīrān	36.2763	44.4943	0	Erbil	IQ
Al Ḩaqlānīyah	34.0860	42.3617	0	Anbar	IQ
Dukan	35.9292	44.9628	0	Sulaymaniyah	IQ
Dibis	35.6748	44.0707	0	Kirkuk	IQ
Derkar	37.1999	42.8236	0	Duhok	IQ
Chwarta	35.7206	45.5714	0	Sulaymaniyah	IQ
Bāmarnī	37.1216	43.2709	0	Duhok	IQ
Baladrūz	33.6963	45.0778	0	Diyala	IQ
Badrah	33.1151	45.9334	0	Wasit	IQ
Ash Shaykhān	36.6960	43.3520	0	Nineveh	IQ
‘Aynkāwah	36.2306	43.9944	0	Erbil	IQ
Aţ Ţārmīyah	33.6744	44.3958	0	Baghdad	IQ
Ar Riyāḑ	35.2696	43.9107	0	Kirkuk	IQ
Al Qayyārah	35.7993	43.2945	0	Nineveh	IQ
Al Khāliş	33.8512	44.5205	0	Diyala	IQ
Al Hāshimīyah	32.3635	44.6601	0	Babil	IQ
Al Ḩaḑar	35.5729	42.7340	0	Nineveh	IQ
Al Ba‘āj	36.0426	41.7163	0	Nineveh	IQ
Al ‘Awjah	34.5333	43.7333	0	Salah ad Din	IQ
Al ‘Amādīyah	37.0921	43.4877	0	Duhok	IQ
Ad Dawr	34.4560	43.7934	0	Salah ad Din	IQ
Al Ḩawījah	35.3259	43.7727	0	Kirkuk	IQ
Qushtepe	36.0089	44.0320	0	Erbil	IQ
Dare Tû	36.1263	44.0461	0	Erbil	IQ
Choman	36.6367	44.8882	0	Erbil	IQ
Halshaw	36.2068	45.2727	0	Sulaymaniyah	IQ
Ibrāhīm al Khalīl	37.1396	42.5699	0	Duhok	IQ
Nāḩiyat Hīrān	36.2790	44.4881	0	Erbil	IQ
Nāḩiyat Alī ash Sharqī	32.1229	46.7493	0	Maysan	IQ
Hayraw	36.1268	45.2828	0	Sulaymaniyah	IQ
Qarah Āghāj	37.2187	47.2167	0	East Azerbaijan	IR
Kerend-e Gharb	34.2842	46.2423	0	Kermanshah Province	IR
Kaleybar	38.8651	47.0391	0	East Azerbaijan	IR
Gīlān-e Gharb	34.1421	45.9203	0	Kermanshah Province	IR
Dehgolān	35.2780	47.4184	0	Kurdistan Province	IR
Chaqābol	33.2818	47.5098	0	Lorestan Province	IR
Badreh	33.3057	47.0371	0	Ilam Province	IR
Tāzehābād	34.7387	46.1496	0	Kermanshah Province	IR
Umm al Jimāl	32.3286	36.3679	0	Mafraq	JO
Sammā ar Rawsān	32.6379	35.8266	0	Irbid	JO
Samā as Sirḩān	32.4686	36.2436	0	Mafraq	JO
Kufrinjah	32.2976	35.7021	0	Ajloun	JO
Bīrayn	32.0994	35.9578	0	Zarqa	JO
‘Irjān	32.3945	35.7334	0	Ajloun	JO
Ḩawshā	32.4514	36.0990	0	Mafraq	JO
Dayr ‘Allā	32.1957	35.6216	0	Balqa	JO
Dayr Abū Sa‘īd	32.4982	35.6867	0	Irbid	JO
Bal‘amā	32.2365	36.0881	0	Mafraq	JO
‘Ayn al Bāshā	32.0573	35.8311	0	Balqa	JO
Aş Şubayḩī	32.1484	35.7054	0	Balqa	JO
Ash Shūnah ash Shamālīyah	32.6202	35.6145	0	Irbid	JO
Ar Ruwayshid	32.5015	38.2041	0	Mafraq	JO
Ar Ruşayfah	32.0173	36.0327	0	Zarqa	JO
Al Mazār ash Shamālī	32.4704	35.7969	0	Irbid	JO
Al Maşţabah	32.1843	35.8559	0	Jerash	JO
Manshīyat Banī Ḩasan	32.3707	36.0793	0	Mafraq	JO
‘Allān	32.1181	35.7435	0	Balqa	JO
Al Ḩişn	32.4845	35.8841	0	Irbid	JO
Al Hāshimīyah	32.1290	36.1213	0	Zarqa	JO
Al Khālidīyah	32.1790	36.3033	0	Mafraq	JO
Muthallath Şabḩā	32.2601	36.4678	0	Mafraq	JO
Muthallath Jāmi‘at Āl al Bayt	32.3459	36.2335	0	Mafraq	JO
Dayr al Kahf	32.2754	36.8395	0	Mafraq	JO
Zghartā	34.3974	35.8949	0	North Lebanon	LB
Sîr ed Danniyé	34.3853	36.0311	0	North Lebanon	LB
Marjayoun	33.3603	35.5911	0	Nabatieh	LB
Joubb Jannîne	33.6269	35.7842	0	Bekaa	LB
Jezzine	33.5417	35.5844	0	South Governorate	LB
Hasbaya	33.3978	35.6850	0	Nabatieh	LB
Bent Jbaïl	33.1186	35.4334	0	Nabatieh	LB
Beït ed Dîne	33.6942	35.5808	0	Mount Lebanon	LB
Amioûn	34.3000	35.8089	0	North Lebanon	LB
Jdaidet el Matn	33.8906	35.5664	0	Mount Lebanon	LB
Râchaïya el Ouadi	33.5009	35.8437	0	Bekaa	LB
Petnjica	42.9097	19.9636	0	Petnjica Municipality	ME
Karney Shomron	32.1714	35.0977	0	West Bank	PS
Vârvoru de Jos	44.2441	23.6079	0	Dolj	RO
Vârteşcoiu	45.7333	27.0833	0	Vrancea	RO
Vârşolţ	47.2000	22.9333	0	Sălaj County	RO
Vâlcăneşti	45.1167	25.9333	0	Prahova	RO
Ştefan Cel Mare	46.2053	26.8549	0	Bacău County	RO
Toboliu	47.0418	21.7195	0	Bihor County	RO
Târşolţ	47.9500	23.3500	0	Satu Mare County	RO
Târlişua	47.3833	24.1833	0	Bistrița-Năsăud County	RO
Târgu Lăpuş	47.4526	23.8654	0	Maramureş	RO
Tâmboeşti	45.5167	27.0500	0	Vrancea	RO
Şotânga	44.9833	25.3667	0	Dâmbovița County	RO
Şopârliţa	44.2833	24.2833	0	Olt	RO
Şişeşti	44.7775	22.8394	0	Mehedinți County	RO
Sârbii-Măgura	44.5500	24.7167	0	Olt	RO
Sântana de Mureş	46.5667	24.5500	0	Mureș County	RO
Sâmbureşti	44.8000	24.4167	0	Olt	RO
Şandra	45.9250	20.8903	0	Timiș County	RO
Româneşti	47.2833	27.3167	0	Iași County	RO
Românaşi	47.1000	23.1833	0	Sălaj County	RO
Râşca	47.3667	26.2333	0	Suceava	RO
Reghin	46.7742	24.7022	0	Mureș County	RO
Racşa	47.8207	23.3325	0	Satu Mare County	RO
Popeşti	44.4418	25.1001	0	Arges	RO
Pârşcoveni	44.3000	24.2333	0	Olt	RO
Pârâu	45.8500	25.1833	0	Brașov County	RO
Pângăraţi	46.9333	26.1500	0	Neamț County	RO
Pânceşti	46.9030	27.1531	0	Neamț County	RO
Păuşeşti	45.0736	24.1347	0	Vâlcea County	RO
Obârşia-Cloşani	45.0167	22.6833	0	Mehedinți County	RO
Obârşia	43.8833	24.3333	0	Olt	RO
Mârţeşti	44.7167	24.7500	0	Arges	RO
Mârşani	44.0167	24.0167	0	Dolj	RO
Mânzăleşti	45.5000	26.6500	0	Buzău County	RO
Mânăstirea Caşin	46.1500	26.6833	0	Bacău County	RO
Miheşu de Câmpie	46.6833	24.1500	0	Mureș County	RO
Jupâneşti	44.9000	23.5333	0	Gorj County	RO
Iteşti	46.6531	26.8726	0	Bacău County	RO
Gura Văii	46.2723	26.8260	0	Bacău County	RO
Gâdinţi	46.9333	27.0167	0	Neamț County	RO
Ghidici	43.8910	23.1945	0	Dolj	RO
Onesti	46.2500	26.7500	0	Bacău County	RO
Galiciuica	44.1032	23.3907	0	Dolj	RO
Flămânzi	47.5500	26.8667	0	Botoșani County	RO
Fârţăneşti	45.8167	27.9833	0	Galați County	RO
Fierbinţi-Târg	44.6820	26.4010	0	Ialomița County	RO
Eforie	44.0397	28.6469	0	Constanța County	RO
Dagâţa	46.9333	27.1833	0	Iași County	RO
Cosâmbeşti	44.5593	27.4344	0	Ialomița County	RO
Corunca	46.5207	24.6179	0	Mureș County	RO
Câţcău	47.2000	23.7833	0	Cluj County	RO
Cârcea	44.2692	23.9001	0	Dolj	RO
Cândeşti Vale	45.0833	25.2167	0	Dâmbovița County	RO
Cândeşti	47.9333	26.2000	0	Botoșani County	RO
Cândeşti	46.7167	26.5833	0	Neamț County	RO
Câmpulung	45.2667	25.0500	0	Arges	RO
Cehu Silvaniei	47.4118	23.1749	0	Sălaj County	RO
Catane	43.9267	23.4118	0	Dolj	RO
Budeasa	45.0167	24.8500	0	Arges	RO
Bucerdea-Grânoasă	46.2000	23.8333	0	Alba County	RO
Brâncoveneşti	46.8563	24.7594	0	Mureș County	RO
Blândeşti	47.7000	26.8667	0	Botoșani County	RO
Bistriţa Bârgăului	47.2167	24.7667	0	Bistrița-Năsăud County	RO
Bârseşti	45.9167	26.7333	0	Vrancea	RO
Bârsăneşti	46.3333	26.7000	0	Bacău County	RO
Bârghiş	45.9833	24.5333	0	Sibiu County	RO
Avram Iancu	46.6694	21.5242	0	Bihor County	RO
Teslui	44.2056	24.1548	0	Dolj	RO
Acâş	47.5333	22.7833	0	Satu Mare County	RO
Albeştii de Argeş	45.2167	24.6667	0	Arges	RO
Haneș Mină	46.1240	23.0905	0	Alba County	RO
Žitorađa	43.1900	21.7131	0	Central Serbia	RS
Žagubica	44.1968	21.7884	0	Central Serbia	RS
Žabari	44.3561	21.2150	0	Central Serbia	RS
Vranjska Banja	42.5550	21.9922	0	Central Serbia	RS
Vračar	44.7926	20.4749	0	Central Serbia	RS
Vlasotince	42.9670	22.1340	0	Central Serbia	RS
Vladičin Han	42.7078	22.0633	0	Central Serbia	RS
Veliko Gradište	44.7633	21.5165	0	Central Serbia	RS
Velika Plana	44.3339	21.0768	0	Central Serbia	RS
Varvarin	43.7240	21.3624	0	Central Serbia	RS
Ub	44.4561	20.0739	0	Central Serbia	RS
Trgovište	42.3642	22.0825	0	Central Serbia	RS
Topola	44.2542	20.6825	0	Central Serbia	RS
Svrljig	43.4133	22.1211	0	Central Serbia	RS
Svilajnac	44.2337	21.1967	0	Central Serbia	RS
Surdulica	42.6906	22.1708	0	Central Serbia	RS
Sopot	44.5197	20.5736	0	Central Serbia	RS
Soko Banja	43.6433	21.8711	0	Central Serbia	RS
Rekovac	43.8630	21.0935	0	Central Serbia	RS
Ražanj	43.6722	21.5494	0	Central Serbia	RS
Rakovica	44.7419	20.4414	0	Central Serbia	RS
Rača	44.2271	20.9775	0	Central Serbia	RS
Preševo	42.3092	21.6492	0	Central Serbia	RS
Požega	43.8489	20.0363	0	Central Serbia	RS
Petrovac	44.3769	21.4192	0	Central Serbia	RS
Novi Bečej	45.5986	20.1356	0	Vojvodina	RS
Mladenovac	44.4386	20.6992	0	Central Serbia	RS
Mionica	44.2519	20.0817	0	Central Serbia	RS
Merošina	43.2836	21.7204	0	Central Serbia	RS
Medveđa	42.8431	21.5833	0	Central Serbia	RS
Malo Crniće	44.5561	21.2856	0	Central Serbia	RS
Lučani	43.8608	20.1381	0	Central Serbia	RS
Lebane	42.9239	21.7375	0	Central Serbia	RS
Lajkovac	44.3694	20.1653	0	Central Serbia	RS
Kuršumlija	43.1383	21.2734	0	Central Serbia	RS
Kučevo	44.4775	21.6700	0	Central Serbia	RS
Kladovo	44.6115	22.6095	0	Central Serbia	RS
Ivanjica	43.5803	20.2311	0	Central Serbia	RS
Grocka	44.6715	20.7165	0	Central Serbia	RS
Gadžin Han	43.2228	22.0319	0	Central Serbia	RS
Doljevac	43.1982	21.8326	0	Central Serbia	RS
Dimitrovgrad	43.0142	22.7756	0	Central Serbia	RS
Despotovac	44.0925	21.4469	0	Central Serbia	RS
Čukarica	44.7825	20.4203	0	Central Serbia	RS
Crna Trava	42.8099	22.2988	0	Central Serbia	RS
Bujanovac	42.4592	21.7667	0	Central Serbia	RS
Bosilegrad	42.5011	22.4724	0	Central Serbia	RS
Boljevac	43.8303	21.9531	0	Central Serbia	RS
Bojnik	43.0122	21.7210	0	Central Serbia	RS
Blace	43.2953	21.2858	0	Central Serbia	RS
Bela Palanka	43.2183	22.3111	0	Central Serbia	RS
Batočina	44.1536	21.0817	0	Central Serbia	RS
Barajevo	44.5789	20.4158	0	Central Serbia	RS
Aleksandrovac	43.4586	21.0525	0	Central Serbia	RS
Ada	45.8025	20.1258	0	Vojvodina	RS
Niška Banja	43.2951	22.0057	0	Central Serbia	RS
Voždovac	44.7783	20.4758	0	Central Serbia	RS
Zvezdara	44.7747	20.5321	0	Central Serbia	RS
Knić	43.9269	20.7189	0	Central Serbia	RS
Savski Venac	44.7792	20.4539	0	Central Serbia	RS
Palilula	44.8117	20.5161	0	Central Serbia	RS
Stari Grad	44.8179	20.4619	0	Central Serbia	RS
Temerin	45.4086	19.8892	0	Vojvodina	RS
Srbobran	45.5539	19.8028	0	Vojvodina	RS
Sjenica	43.2731	19.9994	0	Central Serbia	RS
Šid	45.1283	19.2264	0	Vojvodina	RS
Odžaci	45.5067	19.2611	0	Vojvodina	RS
Nova Varoš	43.4606	19.8114	0	Central Serbia	RS
Mali Iđoš	45.7083	19.6653	0	Vojvodina	RS
Kula	45.6089	19.5264	0	Vojvodina	RS
Kosjerić	43.9961	19.9069	0	Central Serbia	RS
Koceljeva	44.4736	19.8117	0	Central Serbia	RS
Irig	45.1011	19.8583	0	Vojvodina	RS
Beočin	45.2083	19.7206	0	Vojvodina	RS
Bač	45.3919	19.2367	0	Vojvodina	RS
Pirot Centralni Trg	43.1564	22.5851	0	Central Serbia	RS
Tyrnyauz	43.4058	42.9274	0	Kabardino-Balkariya Republic	RU
Tul’skiy	44.5166	40.1773	0	Adygeya Republic	RU
Anzorey	43.3558	43.9414	0	Kabardino-Balkariya Republic	RU
Oktyabr’skiy	47.9697	43.6466	0	Volgograd Oblast	RU
Mekhel’ta	42.7909	46.4942	0	Dagestan	RU
Mayskiy	43.6414	44.0385	0	Kabardino-Balkariya Republic	RU
Khima	42.6548	45.8527	0	Chechnya	RU
Inzhich-Chukun	44.0616	41.7864	0	Karachayevo-Cherkesiya Republic	RU
Erken-Shakhar	44.3778	41.9584	0	Karachayevo-Cherkesiya Republic	RU
Elkhotovo	43.3395	44.2049	0	North Ossetia–Alania	RU
Botlikh	42.6653	46.2203	0	Dagestan	RU
Bol’shoy Tsaryn	47.8498	45.4272	0	Kalmykiya Republic	RU
Bol’shaya Martynovka	47.2737	41.6672	0	Rostov	RU
Tsunta	42.2009	45.9374	0	Dagestan	RU
Ayn Halaqim	34.9400	36.3221	0	Hama	SY
Al Karāmah	35.8687	39.2780	0	Raqqa	SY
‘Arīqah	32.8899	36.4834	0	Suwayda	SY
Aş Şūrah aş Şaghīrah	33.0325	36.5742	0	Suwayda	SY
Mūḩ Ḩasan	35.2335	40.3166	0	Deir ez-Zor	SY
Wādī al ‘Uyūn	35.0012	36.1868	0	Hama	SY
‘Uqayribāt	35.0431	37.4644	0	Hama	SY
Tasīl	32.8340	35.9697	0	Daraa	SY
Tall Tamr	36.6556	40.3708	0	Al-Hasakah	SY
Tall Salḩab	35.2588	36.3846	0	Hama	SY
Tall Ḩamīs	36.7568	41.3994	0	Al-Hasakah	SY
Talldaww	34.8763	36.5240	0	Homs	SY
Tall aḑ Ḑamān	35.8078	37.2538	0	Aleppo	SY
Tall Abyaḑ	36.6965	38.9538	0	Raqqa	SY
Tālīn	35.1485	36.0329	0	Tartus	SY
Taftanāz	35.9983	36.7858	0	Idlib	SY
Şūrān	36.5658	37.2127	0	Aleppo	SY
As Suqaylibīyah	35.3667	36.3936	0	Hama	SY
Şlinfah	35.5982	36.1877	0	Latakia	SY
Şirrīn ash Shamālīyah	36.5884	38.2979	0	Aleppo	SY
Sirghāyā	33.8104	36.1579	0	Rif-dimashq	SY
Sinjār	35.5901	37.0047	0	Idlib	SY
Shuyūkh Taḩtānī	36.7506	38.0768	0	Aleppo	SY
Shīn	34.7786	36.4237	0	Homs	SY
Shaykh al Ḩadīd	36.5007	36.5994	0	Aleppo	SY
Sharān	36.6234	36.9366	0	Aleppo	SY
Şaydnāyā	33.6947	36.3715	0	Rif-dimashq	SY
Sa‘sa‘	33.2820	36.0195	0	Rif-dimashq	SY
Sarmīn	35.9040	36.7250	0	Idlib	SY
Sulūk	36.5960	39.1299	0	Raqqa	SY
Şadad	34.3125	36.9256	0	Homs	SY
Şabbūrah	35.1559	37.2091	0	Hama	SY
As Sab‘ Biyār	33.7797	37.6836	0	Rif-dimashq	SY
Ar Riqāmā	34.5388	36.9191	0	Homs	SY
Rasm al Ḩarmal	36.2449	37.7161	0	Aleppo	SY
Ra’s al ‘Ayn	36.8503	40.0705	0	Al-Hasakah	SY
Rankūs	33.7562	36.3883	0	Rif-dimashq	SY
Rājū	36.6760	36.6641	0	Aleppo	SY
Al Quţaylibīyah	35.2920	36.0159	0	Latakia	SY
Qūrqīnā	36.1385	36.6125	0	Idlib	SY
Al Qaḩţānīyah	37.0290	41.5460	0	Al-Hasakah	SY
Qasţal Ma‘āf	35.8244	35.9519	0	Latakia	SY
Al Qamşīyah	35.0336	36.0145	0	Tartus	SY
Qal‘at al Maḑīq	35.4147	36.3909	0	Hama	SY
Qadsayyā	33.5483	36.2156	0	Rif-dimashq	SY
Al Muzayrīb	32.7108	36.0275	0	Daraa	SY
Al Muzayri‘ah	35.5318	36.0700	0	Latakia	SY
Al Jalā’	34.6335	40.8405	0	Deir ez-Zor	SY
Muḩambal	35.7874	36.4721	0	Idlib	SY
Mazra‘at Bayt Jinn	33.3284	35.9214	0	Rif-dimashq	SY
Maskanah	35.9658	38.0416	0	Aleppo	SY
Mashtá al Ḩulw	34.8746	36.2510	0	Tartus	SY
Mas‘adah	33.2320	35.7557	0	Quneitra	SY
Markadah	35.7461	40.7530	0	Al-Hasakah	SY
Māri‘	36.4826	37.1971	0	Aleppo	SY
Malaḩ	32.5068	36.8538	0	Suwayda	SY
Mahīn	34.2417	37.0584	0	Homs	SY
Ma‘dān	35.7552	39.5984	0	Raqqa	SY
Maḑāyā	33.6903	36.1035	0	Rif-dimashq	SY
Al Ma‘baţlī	36.5625	36.7429	0	Aleppo	SY
Ma‘arrat an Nu‘mān	35.6483	36.6769	0	Idlib	SY
Kuwayris Sharqī	36.1668	37.5382	0	Aleppo	SY
Kurnāz	35.3897	36.4877	0	Hama	SY
Kinnsibbā	35.7441	36.1640	0	Latakia	SY
Rabī‘ah	35.7866	36.0382	0	Latakia	SY
Khushām	35.3009	40.2892	0	Deir ez-Zor	SY
Khirbat Tīn Nūr	34.7012	36.5566	0	Homs	SY
Al Qabw	34.8432	36.4549	0	Homs	SY
Khirbat al Ma‘azzah	34.8045	36.0008	0	Tartus	SY
Khirbat Ghazālah	32.7338	36.2045	0	Daraa	SY
Khanāşir	35.7816	37.4992	0	Aleppo	SY
Khān Arnabah	33.1838	35.8916	0	Quneitra	SY
Al Khafsah	36.2311	38.0217	0	Aleppo	SY
Al Ghandūrah	36.6694	37.7325	0	Aleppo	SY
Kassab	35.9264	35.9897	0	Latakia	SY
Ra’s al Khashūfah	34.8265	36.0517	0	Tartus	SY
Al Karīmah	34.6694	36.0755	0	Tartus	SY
Kafr Baţnā	33.5117	36.3727	0	Rif-dimashq	SY
Junaynat Raslān	34.9279	36.1240	0	Tartus	SY
Jubb Ramlah	35.2092	36.4310	0	Hama	SY
Jubb al Jarrāḩ	34.8344	37.3240	0	Homs	SY
Al Jīzah	32.5703	36.3154	0	Daraa	SY
Jawbat Burghāl	35.4900	36.1747	0	Latakia	SY
Ar Rā‘ī	36.6118	37.4478	0	Aleppo	SY
Al Jarnīyah	36.1605	38.2334	0	Raqqa	SY
Ḩisyā’	34.4120	36.7587	0	Homs	SY
Ḩīsh	35.5479	36.6436	0	Idlib	SY
Ḩimmīn	34.9004	36.0401	0	Tartus	SY
Ḩarrān al ‘Awāmīd	33.4489	36.5600	0	Rif-dimashq	SY
Ḩuraytān	36.2886	37.0853	0	Aleppo	SY
Ḩārim	36.2118	36.5208	0	Idlib	SY
Ḩarf al Musaytirah	35.3881	36.1344	0	Latakia	SY
Ḩarbinafsah	34.9374	36.6224	0	Hama	SY
Ḩammām Wāşil	35.0744	36.0868	0	Tartus	SY
Ḩadīdah	34.6734	36.3973	0	Homs	SY
Al Ḩāḑir	35.9902	37.0509	0	Aleppo	SY
Ghabāghib	33.1823	36.2253	0	Daraa	SY
Al Furqlus	34.6064	37.0874	0	Homs	SY
Al Fākhūrah	35.4985	36.0095	0	Latakia	SY
Duwayr Raslān	34.9491	36.1818	0	Tartus	SY
Aḑ Ḑumayr	33.6439	36.6938	0	Rif-dimashq	SY
Dhībbīn	32.4369	36.5633	0	Suwayda	SY
Dhībān	35.0150	40.5103	0	Deir ez-Zor	SY
Dayr ‘Aţīyah	34.0954	36.7679	0	Rif-dimashq	SY
Dārat ‘Izzah	36.2825	36.8522	0	Aleppo	SY
Darkūsh	35.9918	36.3936	0	Idlib	SY
Bulbul	36.7695	36.8197	0	Aleppo	SY
Brummānat al Mashāyikh	35.0188	36.1708	0	Tartus	SY
Bi’r al Ḩulw al Wardīyah	36.6969	41.0353	0	Al-Hasakah	SY
Bdāmā	35.8115	36.1965	0	Idlib	SY
Ar Rawḑah	35.0720	35.9138	0	Tartus	SY
Barrī ash Sharqī	34.9810	37.2010	0	Hama	SY
Banān	35.9736	37.3023	0	Aleppo	SY
Az Ziyārah	35.6848	36.3387	0	Hama	SY
Az Zarbah	36.0677	36.9801	0	Aleppo	SY
‘Ayn ‘Īsá	36.3855	38.8623	0	Raqqa	SY
‘Ayn at Tīnah	35.5645	36.1010	0	Latakia	SY
Sabbah	34.9029	36.2371	0	Tartus	SY
‘Ayn Shiqāq	35.3944	36.0301	0	Latakia	SY
‘Ayn ash Sharqīyah	35.3317	36.0997	0	Latakia	SY
‘Ayn al Fījah	33.6153	36.1829	0	Rif-dimashq	SY
‘Ayn al Bayḑā	35.6560	35.8887	0	Latakia	SY
‘Awaj	34.9070	36.4044	0	Hama	SY
At Tibnī	35.6117	39.8181	0	Deir ez-Zor	SY
Aţ Ţawāḩīn	35.1275	36.2144	0	Tartus	SY
At Tamāni‘ah	35.4585	36.7482	0	Idlib	SY
As Sukhnah	34.8853	38.8711	0	Homs	SY
As Sīsnīyah	34.7811	36.1430	0	Tartus	SY
Al Mazra‘ah	32.7815	36.4784	0	Suwayda	SY
As Sawdā	34.9815	35.9441	0	Tartus	SY
‘Assāl al Ward	33.8645	36.4139	0	Rif-dimashq	SY
Aş Şafşāfah	34.7348	36.0532	0	Tartus	SY
As Sabkhah	35.8118	39.2627	0	Raqqa	SY
As Si‘in	35.2638	37.3740	0	Hama	SY
Ash Shaykh Badr	34.9917	36.0835	0	Tartus	SY
Ash Shajarah	32.7741	35.8820	0	Daraa	SY
Ash Shaddādah	36.0576	40.7348	0	Al-Hasakah	SY
Arwād	34.8560	35.8585	0	Tartus	SY
Ar Ruḩaybah	33.7442	36.7039	0	Rif-dimashq	SY
Armanāz	36.0836	36.5031	0	Idlib	SY
Arīḩā	35.8137	36.6096	0	Idlib	SY
An Nashābīyah	33.5105	36.4857	0	Rif-dimashq	SY
Al Qardāḩah	35.4564	36.0591	0	Latakia	SY
Al Qadmūs	35.0986	36.1598	0	Tartus	SY
Al Mushannaf	32.7438	36.7759	0	Suwayda	SY
Al Mulayḩah	33.4852	36.3756	0	Rif-dimashq	SY
Mismīyah	33.1290	36.3940	0	Daraa	SY
An Nāşirah	34.7877	36.2856	0	Homs	SY
Al Jawādīyah	36.9866	41.8201	0	Al-Hasakah	SY
Al Jānūdīyah	35.8847	36.2911	0	Idlib	SY
Al Hinādī	35.5132	35.8744	0	Latakia	SY
Al Ḩawl	36.3904	41.1498	0	Al-Hasakah	SY
Al Ḩawāsh	34.7600	36.3213	0	Homs	SY
Al Ḩamrā’	35.3150	37.0863	0	Hama	SY
Al Ḩamīdīyah	34.7146	35.9516	0	Tartus	SY
Al Ḩājib	35.8641	37.3968	0	Aleppo	SY
Al Ḩaffah	35.5982	36.0301	0	Latakia	SY
Al Ghizlānīyah	33.3967	36.4549	0	Rif-dimashq	SY
Al Ghāriyah	32.3933	36.6507	0	Suwayda	SY
Al Buşayrah	35.1562	40.4272	0	Deir ez-Zor	SY
Al Bāriqīyah	34.8292	36.2286	0	Tartus	SY
Al Bahlūlīyah	35.6368	35.9602	0	Latakia	SY
Al Atārib	36.1391	36.8250	0	Aleppo	SY
Al ‘Ashārah	34.9213	40.5601	0	Deir ez-Zor	SY
Al ‘Arīmah	36.4730	37.7211	0	Aleppo	SY
Al ‘Annāzah	35.1950	36.0657	0	Tartus	SY
Akhtarīn	36.5107	37.3357	0	Aleppo	SY
Iḩsim	35.7208	36.5563	0	Idlib	SY
Ad Dīmās	33.5874	36.0926	0	Rif-dimashq	SY
Ad Dālīyah	35.2360	36.1437	0	Latakia	SY
Abū Qalqal	36.4381	38.1198	0	Aleppo	SY
Abū az̧ Z̧uhūr	35.7406	37.0448	0	Idlib	SY
Al Ya‘rubīyah	36.8114	42.0621	0	Al-Hasakah	SY
‘Arīshah	36.2315	40.7721	0	Al-Hasakah	SY
‘Ayn an Nasr	34.8411	36.9284	0	Homs	SY
Nāḩiyat as Sab‘ Biyār	33.5323	38.0082	0	Rif-dimashq	SY
Al Kasrah	35.5674	39.9202	0	Deir ez-Zor	SY
Al Ḩajar al Aswad	33.4576	36.3042	0	Rif-dimashq	SY
Al Manşūrah	35.8392	38.7429	0	Raqqa	SY
Bayt Yāshūţ	35.3103	36.1152	0	Latakia	SY
Qenterê	36.5635	36.7284	0	Aleppo	SY
Kozak	39.2512	27.0902	0	İzmir Province	TR
Yücebağ	38.3937	41.2671	0	Batman	TR
Yoncalı	39.0091	38.2532	0	Malatya	TR
Yolboyu	37.8976	40.0009	0	Diyarbakır Province	TR
Yiğityolu	35.9956	36.2600	0	Hatay	TR
Yeşilyurt	38.3397	28.6644	0	Manisa	TR
Yeşilyurt	37.1932	28.2754	0	Muğla	TR
Yeşilyazı	39.3347	39.0812	0	Tunceli	TR
Yeşilova	38.4095	33.8380	0	Aksaray	TR
Gölcük	38.2312	34.7767	0	Niğde Province	TR
Yerkesik	37.1362	28.2840	0	Muğla	TR
Yenipazar	39.4636	35.0831	0	Yozgat	TR
Yeniköy	39.7787	28.0030	0	Balıkesir	TR
Yenicekale	37.5987	36.6326	0	Kahramanmaraş	TR
Yeniceoba	38.8697	32.7883	0	Konya	TR
Yenice	37.8284	28.5711	0	Aydın	TR
Yenice	36.9774	35.0520	0	Mersin	TR
Yenibaşak	38.8041	40.9922	0	Bingöl	TR
Yeditepe	35.9675	36.0145	0	Hatay	TR
Yazyurdu	38.7993	36.9319	0	Sivas	TR
Yaylak	37.3827	38.3389	0	Şanlıurfa	TR
Yayla	38.6309	40.5279	0	Bingöl	TR
Yaygın	38.8975	41.3061	0	Muş	TR
Yavu	39.7920	36.2060	0	Sivas	TR
Yarpuz	37.0482	36.4307	0	Osmaniye	TR
Yardımcı	37.0209	39.0053	0	Şanlıurfa	TR
Yarbasan	38.9889	28.8081	0	Manisa	TR
Yanarsu	38.0364	41.5523	0	Siirt	TR
Yalınca	37.8566	43.5223	0	Van	TR
Yalangöz	36.5768	36.5077	0	Hatay	TR
Payas	36.7560	36.2143	0	Hatay	TR
Yahşihan	39.8503	33.4529	0	Kırıkkale	TR
Yağcılar	39.4171	28.3811	0	Balıkesir	TR
Uzunkuyu	38.2786	26.5432	0	İzmir Province	TR
Üzümlü	37.5406	31.6038	0	Konya	TR
Yeşilüzümlü	36.7336	29.2333	0	Muğla	TR
Ulukışla	37.5478	34.4853	0	Niğde Province	TR
Üçpınar	37.1341	32.2615	0	Konya	TR
Üçdam	39.5631	40.1757	0	Tunceli	TR
Tuzlagözü	38.1802	41.5687	0	Batman	TR
Tutak	39.5385	42.7659	0	Ağrı	TR
Türkoğlu	37.3865	36.8426	0	Kahramanmaraş	TR
Turgut	38.6269	31.8108	0	Konya	TR
Sütlüce	39.1623	39.5440	0	Tunceli	TR
Topaklı	39.0055	34.8264	0	Nevşehir Province	TR
Toklar	38.4181	36.0150	0	Kayseri	TR
Tepehan	38.1179	38.7262	0	Malatya	TR
Tepe	37.7894	40.7716	0	Diyarbakır Province	TR
Temelli	39.7275	32.3553	0	Ankara	TR
Tecirli	37.1618	36.1098	0	Osmaniye	TR
Taşpınar	38.1796	34.0250	0	Aksaray	TR
Taşdelen	38.8381	38.5046	0	Malatya	TR
Bakırdağı	38.2160	35.7902	0	Kayseri	TR
Taraksu	38.1542	39.1484	0	Adıyaman Province	TR
Taraksu	38.0167	39.0833	0	Adıyaman Province	TR
Tanyeri	39.6114	39.8315	0	Erzincan	TR
Tanır	38.4194	36.9122	0	Kahramanmaraş	TR
Tahir	39.8559	42.4283	0	Ağrı	TR
Sürgü	38.0055	37.9635	0	Malatya	TR
Sülüklü	38.8811	32.3425	0	Konya	TR
Suluçem	39.6939	43.8147	0	Ağrı	TR
Sultanhanı	38.2471	33.5496	0	Aksaray	TR
Söğütlü	38.8002	40.6697	0	Bingöl	TR
Söğüt	40.0143	30.1849	0	Bilecik	TR
Yenice	39.2753	32.6803	0	Ankara	TR
Sincan	39.4717	37.8708	0	Sivas	TR
Sille	37.9273	32.4200	0	Konya	TR
Seyhan	36.9875	35.3059	0	Adana	TR
Servi	38.5704	40.3200	0	Bingöl	TR
Selimiye	37.4004	27.6554	0	Muğla	TR
Seki	36.8038	29.6516	0	Muğla	TR
Şekerli	37.5705	39.3872	0	Şanlıurfa	TR
Şehit Nusretbey	36.8467	38.7358	0	Şanlıurfa	TR
Savcılı	39.2289	33.6814	0	Kırşehir	TR
Kayacık	38.3414	40.6134	0	Diyarbakır Province	TR
Sarısu	39.0189	42.9209	0	Ağrı	TR
Sarıkonak	38.2431	41.9593	0	Bitlis	TR
Sarıkaya	39.4936	35.3769	0	Yozgat	TR
Sarıbeyler	39.3983	27.5772	0	Balıkesir	TR
Saray	38.6469	44.1612	0	Van	TR
Sancak	39.0922	40.3875	0	Bingöl	TR
Şamlı	39.8118	27.8456	0	Balıkesir	TR
Sağkaya	37.1785	35.6884	0	Adana	TR
Sağınlı	38.0573	42.5838	0	Bitlis	TR
Sabuncu	39.5613	30.1881	0	Kütahya	TR
Reis	38.2714	31.5714	0	Konya	TR
Pütürge	38.1992	38.8630	0	Malatya	TR
Pınarlar	38.8742	39.4726	0	Tunceli	TR
Akpazar	38.8462	39.6683	0	Tunceli	TR
Pazarören	38.6739	36.1594	0	Kayseri	TR
Özpınar	38.0048	42.2439	0	Siirt	TR
Özonak	38.8121	34.8410	0	Nevşehir Province	TR
Ovakışla	38.8173	42.3164	0	Bitlis	TR
Ovakent	38.1072	28.0211	0	İzmir Province	TR
Ovacık	37.5134	38.7793	0	Şanlıurfa	TR
Ovabağ	37.7085	39.9870	0	Diyarbakır Province	TR
Osmanpaşa	39.6247	34.9647	0	Yozgat	TR
Osmancalı	38.7625	27.2531	0	Manisa	TR
Ortaköy	39.4215	36.2340	0	Sivas	TR
Ortaklar	37.8879	27.5023	0	Aydın	TR
Ortyakent Yahşi	37.0494	27.3483	0	Muğla	TR
Örenşehir	38.9984	36.6493	0	Kayseri	TR
Örencik	39.2625	29.5439	0	Kütahya	TR
Ören	37.0361	27.9672	0	Muğla	TR
Ömerköy	39.8306	28.0668	0	Balıkesir	TR
Oğuz	37.8149	41.3743	0	Batman	TR
Obruk	38.1844	33.1810	0	Konya	TR
Nurettin	39.2810	42.5075	0	Muş	TR
Nurettin	39.2288	42.4183	0	Muş	TR
Demirci	37.4127	39.7684	0	Şanlıurfa	TR
Narlı	37.8845	42.9760	0	Siirt	TR
Narince	37.8825	38.7592	0	Adıyaman Province	TR
Musabeyli	39.8331	34.6231	0	Yozgat	TR
Mürşitpınar	36.9030	38.3475	0	Şanlıurfa	TR
Mursal	39.1678	37.9569	0	Sivas	TR
Muradiye	38.9857	43.7531	0	Van	TR
Muradiye	38.6602	27.3384	0	Manisa	TR
Güneşli	38.9025	35.6274	0	Kayseri	TR
Karaova	37.1070	27.6658	0	Muğla	TR
Elmalıdere	39.6372	42.3200	0	Erzurum	TR
Mollakendi	38.5774	39.3329	0	Elazığ	TR
Mihalıçcık	39.8659	31.4957	0	Eskişehir	TR
Kırmızıköprü	39.3859	39.8244	0	Tunceli	TR
Mezitli	36.7454	34.5226	0	Mersin	TR
Meydan	38.3558	41.7694	0	Bitlis	TR
Söylemez	39.7604	41.8015	0	Erzurum	TR
Mermer	38.1183	40.4487	0	Diyarbakır Province	TR
Mercimekkale	38.9295	41.5033	0	Muş	TR
Meram	37.8299	32.4678	0	Konya	TR
Mansurlu	37.8485	35.6544	0	Adana	TR
Mamak	39.9404	32.9101	0	Ankara	TR
Mahmudiye	39.4978	30.9872	0	Eskişehir	TR
Maden	38.3867	39.6641	0	Elazığ	TR
Levent	38.4370	37.8543	0	Malatya	TR
Kuyucak	37.8631	38.3436	0	Adıyaman Province	TR
Kuşkayası	39.0608	37.0793	0	Sivas	TR
Kuruçay	39.6402	38.4742	0	Erzincan	TR
Kurthasanlı	38.3261	32.1753	0	Konya	TR
Kurşunlu	38.6533	37.8508	0	Malatya	TR
Sarıkavak	36.5813	33.6430	0	Mersin	TR
Kumluca	36.3703	30.2869	0	Antalya	TR
Kumlu	36.3635	36.4550	0	Hatay	TR
Kumdanlı	38.3239	30.9764	0	Isparta	TR
Küçüksu	38.4390	42.3190	0	Bitlis	TR
Küçükkuyu	39.5489	26.6053	0	Canakkale	TR
Küçükbahçe	38.5573	26.3930	0	İzmir Province	TR
Kozaklı	39.2214	34.8506	0	Nevşehir Province	TR
Kösreli	37.1625	35.9783	0	Adana	TR
Kösefakılı	39.5939	34.1362	0	Kırşehir	TR
Korucu	39.4703	27.3653	0	Balıkesir	TR
Köprüören	39.5083	29.7623	0	Kütahya	TR
Köprülü	36.7316	32.1846	0	Antalya	TR
Köprüköy	39.9660	41.8684	0	Erzurum	TR
Konyaaltı	36.8664	30.6303	0	Antalya	TR
Konakpınar	39.4339	27.8362	0	Balıkesir	TR
Konakpınar	38.9058	37.2969	0	Sivas	TR
Kocatepe	37.2292	40.1610	0	Mardin	TR
Kocapınar	39.0955	43.1962	0	Van	TR
Kocakoç	39.1166	39.6593	0	Tunceli	TR
Kızılyaka	36.9830	29.5285	0	Burdur	TR
Kızılören	37.8685	32.1162	0	Konya	TR
Kızılcadağ	37.0172	29.9631	0	Antalya	TR
Kızılağaç	38.7802	41.3139	0	Muş	TR
Kırkgeçit	38.1356	43.4939	0	Van	TR
Kiğı	39.3136	40.3503	0	Bingöl	TR
Kemerhisar	37.8239	34.5714	0	Niğde Province	TR
Kemer	36.6481	29.3591	0	Muğla	TR
Kelekçi	37.2407	29.3042	0	Denizli	TR
Kazanlı	36.8156	34.7576	0	Mersin	TR
Kazancı	36.5019	32.8613	0	Karaman	TR
Kaypak	37.1149	36.4651	0	Osmaniye	TR
Kaynar	38.8992	36.4542	0	Kayseri	TR
Kaymaz	39.5167	31.1797	0	Eskişehir	TR
Kayapınar	37.9373	40.1776	0	Diyarbakır Province	TR
Kayapa	39.4927	27.4455	0	Balıkesir	TR
Salmanlı	39.9022	34.2547	0	Yozgat	TR
Kayadibi	39.4799	36.7124	0	Sivas	TR
Kavakbaşı	38.4834	41.8197	0	Bitlis	TR
Kavak	39.2921	37.4813	0	Sivas	TR
Hazar	38.3878	39.4237	0	Elazığ	TR
Kasımlar	37.5288	31.1927	0	Isparta	TR
Karayün	39.6819	37.3053	0	Sivas	TR
Karatoprak	37.0138	27.2589	0	Muğla	TR
Karaoğlanlı	38.5292	27.5667	0	Manisa	TR
Karaoğlan	39.2264	39.2085	0	Tunceli	TR
Karaköy	39.0910	41.6830	0	Muş	TR
Karaköprü	39.3151	41.9646	0	Erzurum	TR
Karaköprü	37.2036	38.7994	0	Şanlıurfa	TR
Karakeçi	37.4523	39.4428	0	Şanlıurfa	TR
Karahasanlı	39.2969	34.7216	0	Nevşehir Province	TR
Karadirek	38.5683	30.1842	0	Afyonkarahisar Province	TR
Karaçay	36.1355	36.0774	0	Hatay	TR
Karacaören	39.7306	38.1153	0	Sivas	TR
Karacadağ	37.7289	39.6355	0	Şanlıurfa	TR
Karaağıl	39.1361	42.0846	0	Muş	TR
Kanlıavşar	37.2165	38.3094	0	Şanlıurfa	TR
Kandilli	39.9059	40.8366	0	Erzurum	TR
Kabahaydar	37.3134	39.0100	0	Şanlıurfa	TR
Kabahaydar	37.4000	39.0833	0	Şanlıurfa	TR
Yuntdağ	38.9317	27.2136	0	İzmir Province	TR
İslahiye	37.0250	36.6306	0	Gaziantep	TR
İnönü	39.8153	30.1455	0	Eskişehir	TR
İncesu	38.6224	35.1826	0	Kayseri	TR
Ilıca	39.8758	27.7764	0	Balıkesir	TR
Ilıcalar	38.9803	40.6739	0	Bingöl	TR
İkizce	39.5952	32.6610	0	Ankara	TR
İçme	38.6126	39.5513	0	Elazığ	TR
Hotamış	37.6400	33.3186	0	Konya	TR
Selçuklu	37.8842	32.4922	0	Konya	TR
Hisarcık	39.2506	29.2312	0	Kütahya	TR
Himmetdede	38.9103	35.0961	0	Kayseri	TR
Hıdırbaba	38.7671	38.9770	0	Elazığ	TR
Hekimdağ	39.9090	30.5646	0	Eskişehir	TR
Haydarlı	38.2597	30.3858	0	Afyonkarahisar Province	TR
Hatunsaray	37.5875	32.3480	0	Konya	TR
Hatip	37.7545	32.4222	0	Konya	TR
Alacakaya	38.4620	39.8623	0	Elazığ	TR
Hasköy	38.6823	41.6785	0	Muş	TR
Hasbek	39.5495	35.5477	0	Yozgat	TR
Hasançelebi	38.9509	37.8806	0	Malatya	TR
Düziçi	37.2422	36.4548	0	Osmaniye	TR
Harput	38.7037	39.2415	0	Elazığ	TR
Harmanlı	37.8381	37.7443	0	Adıyaman Province	TR
Harmancık	39.6761	29.1553	0	Bursa Province	TR
Harbiye	36.1369	36.1329	0	Hatay	TR
Han	39.1592	30.8614	0	Eskişehir	TR
Hankendi	38.5688	39.0574	0	Elazığ	TR
Hamzalı	38.3416	41.1625	0	Diyarbakır Province	TR
Halitpaşa	38.6854	27.6784	0	Manisa	TR
Halilçavuş	39.2472	41.7926	0	Erzurum	TR
Aydınlar	38.6220	38.5405	0	Elazığ	TR
Güzelsu	38.3103	43.7991	0	Van	TR
Güzelbağ	36.7341	31.8979	0	Antalya	TR
Gürpınar	38.3237	43.4099	0	Van	TR
Güre	38.6511	29.1669	0	Uşak	TR
Günyüzü	39.3835	31.8100	0	Eskişehir	TR
Gümüşsu	38.2393	29.9865	0	Denizli	TR
Gümüşkent	38.8256	34.5321	0	Nevşehir Province	TR
Gümüşakar	39.7938	38.6730	0	Erzincan	TR
Güllük	37.2397	27.6003	0	Muğla	TR
Yenisu	38.7520	40.8757	0	Bingöl	TR
Başköy	39.8723	39.8419	0	Erzincan	TR
Gücük	38.1936	37.4812	0	Kahramanmaraş	TR
Gözne	36.9953	34.5731	0	Mersin	TR
Gözeli	38.4246	39.0573	0	Elazığ	TR
Göynük	39.1395	40.8744	0	Bingöl	TR
Payamlı	37.0365	38.6134	0	Şanlıurfa	TR
Gölören	37.8495	33.8597	0	Konya	TR
Göllü	39.4499	34.3001	0	Kırşehir	TR
Göldüzü	38.8133	43.0190	0	Bitlis	TR
Gölcük	39.3131	27.9832	0	Balıkesir	TR
Gölcük	37.4813	39.0474	0	Şanlıurfa	TR
Göktepe	37.4191	28.5589	0	Muğla	TR
Göktepe	36.6275	32.6254	0	Karaman	TR
Göksu	39.4891	42.1513	0	Erzurum	TR
Gökoğlan	39.5465	41.3040	0	Erzurum	TR
Gökdere	38.7428	40.2082	0	Elazığ	TR
Gökçeyazı	39.6271	27.6314	0	Balıkesir	TR
Gökçeören	38.5753	28.4889	0	Manisa	TR
Gökçedağ	39.5583	28.9191	0	Balıkesir	TR
Girmeli	37.1111	41.4196	0	Mardin	TR
Geyikpınar	38.3176	41.8207	0	Bitlis	TR
Gesi	38.7918	35.6592	0	Kayseri	TR
Geriş	36.9621	31.7341	0	Antalya	TR
Gencek	37.4498	31.5459	0	Konya	TR
Gelembe	39.1787	27.8485	0	Manisa	TR
Gedikler	39.0823	38.8035	0	Tunceli	TR
Timar	38.8287	43.4333	0	Van	TR
Gedikbaşı	39.4894	38.2474	0	Sivas	TR
Geçitli	37.5867	43.5616	0	Hakkâri	TR
Gebiz	37.1042	30.9378	0	Antalya	TR
Gaziemir	38.3239	27.1292	0	İzmir Province	TR
Fındık	37.5132	41.9642	0	Şırnak	TR
Etimesgut	39.9533	32.6328	0	Ankara	TR
Etili	39.9856	26.8967	0	Canakkale	TR
Eskil	38.4017	33.4131	0	Aksaray	TR
Esendere	37.7114	44.6010	0	Hakkâri	TR
Eşen	36.4548	29.2815	0	Muğla	TR
Ertuğrul	39.5758	27.7067	0	Balıkesir	TR
Erkilet	38.8204	35.4401	0	Kayseri	TR
Erentepe	39.0089	42.0436	0	Muş	TR
Erçek	38.6511	43.6440	0	Van	TR
Bulucan	39.7025	37.7597	0	Sivas	TR
Emiralem	38.6220	27.1480	0	İzmir Province	TR
Güneysınır	37.2694	32.7290	0	Konya	TR
Elbaşı	38.6735	35.9675	0	Kayseri	TR
Kocasinan	38.7715	35.5725	0	Kayseri	TR
Dutluca	39.1359	38.6066	0	Erzincan	TR
Durak	39.7066	28.2718	0	Balıkesir	TR
Sumbas	37.4513	36.0235	0	Osmaniye	TR
Döşemealtı	37.0233	30.6025	0	Antalya	TR
Dorutay	38.7994	44.0673	0	Van	TR
Doğansu	39.1325	42.7325	0	Ağrı	TR
Doğanbeyli	39.6952	39.0350	0	Erzincan	TR
Doğanbey	37.8005	31.8911	0	Konya	TR
Direkli	39.7117	36.6517	0	Sivas	TR
Dinek	37.3248	32.6160	0	Konya	TR
Devecikonağı	39.9149	28.5618	0	Bursa Province	TR
Derik	37.3634	40.2647	0	Mardin	TR
Turanlı	39.2768	27.3246	0	İzmir Province	TR
Dere	38.9830	39.3002	0	Tunceli	TR
Adala	38.5776	28.2685	0	Manisa	TR
Deliktaş	39.3416	37.2038	0	Sivas	TR
Deliçay	39.0816	43.4855	0	Van	TR
Değirmendere	38.1136	27.1414	0	İzmir Province	TR
Dedeli	39.1743	43.0552	0	Ağrı	TR
Danişment	39.8692	27.6331	0	Balıkesir	TR
Dallıbahçe	39.1332	39.8793	0	Tunceli	TR
Dağyolu	39.5384	39.9076	0	Tunceli	TR
Dağlıca	37.3666	44.0853	0	Hakkâri	TR
Dağkızılca	38.3110	27.3908	0	İzmir Province	TR
Dağ	37.1931	30.5042	0	Antalya	TR
Dağbaşı	37.8982	39.3337	0	Şanlıurfa	TR
Dağardı	39.4308	28.9956	0	Kütahya	TR
Dadaşköy	39.9449	41.2546	0	Erzurum	TR
Akziyaret	37.3533	38.7961	0	Şanlıurfa	TR
Özvatan	39.1069	35.6999	0	Kayseri	TR
Düvertepe	39.2373	28.4400	0	Balıkesir	TR
Çolaklı	38.3335	38.5195	0	Malatya	TR
Çokak	37.7361	36.3287	0	Kahramanmaraş	TR
Çobanlar	38.7014	30.7828	0	Afyonkarahisar Province	TR
Çırpı	38.1644	27.4975	0	İzmir Province	TR
Çınar	37.7223	40.4070	0	Diyarbakır Province	TR
Evren	39.0240	33.8063	0	Ankara	TR
Çiğil	37.4792	33.3180	0	Konya	TR
Çiftlik	39.7828	40.6348	0	Erzurum	TR
Melikgazi	38.7500	35.4500	0	Kayseri	TR
Çiftlik	38.1758	34.4853	0	Niğde Province	TR
Çiftehan	37.5123	34.7695	0	Niğde Province	TR
Çiçekli	39.0547	39.4160	0	Tunceli	TR
Çiçekdağı	39.6069	34.4086	0	Kırşehir	TR
Cevizlik	38.1755	42.2260	0	Siirt	TR
Çatalan	37.2486	35.2911	0	Adana	TR
Çetinkaya	39.2618	37.6260	0	Sivas	TR
Cengerli	39.7943	38.8481	0	Erzincan	TR
Çemişgezek	39.0554	38.9075	0	Tunceli	TR
Çeltikçi	37.5295	30.4803	0	Burdur	TR
Çelebi	39.4642	33.5241	0	Kırıkkale	TR
Celâlli	39.6925	37.4239	0	Sivas	TR
Çaylarbaşı	37.7001	39.0097	0	Şanlıurfa	TR
Çaylar	39.2673	41.2834	0	Muş	TR
Çayırlı	39.8077	40.0280	0	Erzincan	TR
Çaybağı	38.6940	39.6202	0	Elazığ	TR
Çavuş	37.6096	31.9313	0	Konya	TR
Çavdır	37.1550	29.6939	0	Burdur	TR
Çavdarhisar	39.1934	29.6192	0	Kütahya	TR
Çatalçam	39.9744	38.8478	0	Erzincan	TR
Çatalarmut	39.8029	39.3154	0	Erzincan	TR
Çatakköprü	38.1516	41.2026	0	Diyarbakır Province	TR
Çatak	38.0029	43.0524	0	Van	TR
Çardak	38.0917	36.8236	0	Kahramanmaraş	TR
Çardak	37.8269	29.6683	0	Denizli	TR
Çandır	39.2445	35.5140	0	Yozgat	TR
Çan	39.1483	40.2035	0	Elazığ	TR
Çamlıyayla	37.1665	34.5930	0	Mersin	TR
Çamlıdere	37.1544	39.0670	0	Şanlıurfa	TR
Çameli	37.0761	29.3447	0	Denizli	TR
Çamardı	37.8322	34.9814	0	Niğde Province	TR
Çaldıran	39.1432	43.9107	0	Van	TR
Çal	38.0836	29.3989	0	Denizli	TR
Çakırlar	36.8715	30.5621	0	Antalya	TR
Çakırhüyük	37.5607	37.8558	0	Adıyaman Province	TR
Menteşe	37.1167	28.2667	0	Muğla	TR
Çağlayan	39.5850	39.6870	0	Erzincan	TR
Çağlarca	39.0373	39.1386	0	Tunceli	TR
Çağış	39.5188	28.0122	0	Balıkesir	TR
Büyükyurt	39.2504	39.8692	0	Tunceli	TR
Boğaziçi	38.0347	27.5594	0	İzmir Province	TR
Burç	37.0136	37.1791	0	Gaziantep	TR
Buca	38.3983	27.1666	0	İzmir Province	TR
Boztepe	39.2697	34.2611	0	Kırşehir	TR
Bozoğlak	39.6229	38.8019	0	Erzincan	TR
Bozburun	36.6949	28.0434	0	Muğla	TR
Bornova	38.4792	27.2399	0	İzmir Province	TR
Borlu	38.7529	28.4674	0	Manisa	TR
Böğürtlen	37.1663	38.0811	0	Şanlıurfa	TR
Boğazlıyan	39.1888	35.2454	0	Yozgat	TR
Beypınarı	39.5064	37.7069	0	Sivas	TR
Beyçayırı	38.0141	41.3237	0	Batman	TR
Beyağaç	37.2353	28.8961	0	Denizli	TR
Kızılin	37.5469	38.0759	0	Adıyaman Province	TR
Beşkonak	37.1444	31.1992	0	Antalya	TR
Belören	37.6372	37.5803	0	Adıyaman Province	TR
Belören	37.2148	32.5536	0	Konya	TR
Bekirhan	38.1409	41.2935	0	Batman	TR
Bucak	37.8693	39.0620	0	Şanlıurfa	TR
Bedirli	39.5828	36.6205	0	Sivas	TR
Bayramiç	39.8086	26.6098	0	Canakkale	TR
Bayraklı	38.4672	27.1638	0	İzmir Province	TR
Başyurt	38.8351	39.9793	0	Elazığ	TR
Başpınar	39.1902	38.6874	0	Erzincan	TR
Yoğun	38.0991	39.5132	0	Diyarbakır Province	TR
Barla	38.0178	30.7828	0	Isparta	TR
Balpayam	39.4201	40.0571	0	Tunceli	TR
Balcı	38.7253	34.1012	0	Aksaray	TR
Balaban	38.4611	37.5788	0	Malatya	TR
Bala	39.5542	33.1234	0	Ankara	TR
Bahşılı	39.8002	33.4370	0	Kırıkkale	TR
Bağlıca	37.8698	41.7510	0	Siirt	TR
Bağkonak	38.2175	31.2722	0	Isparta	TR
Bağışlı	37.7177	44.0356	0	Hakkâri	TR
Bağdere	38.1144	40.7338	0	Diyarbakır Province	TR
Babatorun	36.0774	36.2905	0	Hatay	TR
Ayrancı	37.3613	33.6883	0	Karaman	TR
Aşağıpınarbaşı	38.0383	32.6008	0	Konya	TR
Kale	38.4154	38.7709	0	Malatya	TR
Aşağıçiğil	38.0515	31.8638	0	Konya	TR
Arslanköy	37.0188	34.2874	0	Mersin	TR
Danişment	39.1715	38.1985	0	Sivas	TR
Argıthanı	38.2926	31.7145	0	Konya	TR
Aras	39.9882	42.3063	0	Erzurum	TR
Yüreğir	36.9744	35.3592	0	Adana	TR
Yeşilyurt	40.0064	36.2207	0	Tokat Province	TR
Altıntaş	39.0597	30.1092	0	Kütahya	TR
Altınova	39.2173	26.7901	0	Balıkesir	TR
Alpköy	39.6139	39.1864	0	Erzincan	TR
Albayrak	38.1425	44.2012	0	Van	TR
Alacahan	39.1071	37.5971	0	Sivas	TR
Aktuzla	39.3301	42.2853	0	Muş	TR
Aktepe	36.7016	36.4853	0	Hatay	TR
Aksu	36.9411	30.8240	0	Antalya	TR
Akşar	38.1000	42.5333	0	Bitlis	TR
Akpınar	39.4500	33.9648	0	Kırşehir	TR
Akpınar	37.5739	38.2208	0	Adıyaman Province	TR
Akören	37.4534	32.3707	0	Konya	TR
Akıncılar	37.7644	38.8231	0	Adıyaman Province	TR
Akıncı	37.1664	40.8471	0	Mardin	TR
Akçakent	39.6228	34.0958	0	Kırşehir	TR
Akarsu	39.9288	38.6138	0	Erzincan	TR
Ahmetli	38.1782	39.8563	0	Diyarbakır Province	TR
Ahırlı	37.2387	32.1188	0	Konya	TR
Akcakışla	39.5382	36.3363	0	Sivas	TR
Ağaçlı	38.5173	40.9040	0	Diyarbakır Province	TR
Gülağaç	38.3958	34.3458	0	Aksaray	TR
Ağabeyli	37.7336	37.1163	0	Kahramanmaraş	TR
Adaklı	39.2262	40.4828	0	Bingöl	TR
Güvenç	36.6854	36.4231	0	Hatay	TR
Zeytinbağı	40.3908	28.7964	0	Bursa Province	TR
Yürük	40.9355	27.0663	0	Tekirdağ	TR
Yoğuntaş	41.8308	27.0697	0	Kırklareli	TR
Boztepe	40.1878	35.8875	0	Tokat Province	TR
Yığılca	40.9598	31.4435	0	Düzce	TR
Yeşilvadi	41.1230	29.4770	0	Istanbul	TR
Yeşilce	40.5358	37.7957	0	Ordu	TR
Yenice	41.1996	32.3313	0	Karabük Province	TR
Yavuzkemal	40.6933	38.3372	0	Giresun	TR
Yağmurdere	40.5749	39.8624	0	Gümüşhane Province	TR
Yağlıdere	40.8567	38.6204	0	Giresun	TR
Uzunisa	40.9240	37.8610	0	Ordu	TR
Uzungöl	40.6159	40.2885	0	Trabzon	TR
Şenyurt	40.4265	41.4283	0	Erzurum	TR
Umurbey	40.2337	26.6063	0	Canakkale	TR
Ovacık	40.2005	40.9973	0	Erzurum	TR
Tuzluca	40.0387	43.6521	0	Iğdır	TR
Tütüncü	40.0669	27.7197	0	Balıkesir	TR
Gülyalı	40.9615	38.0494	0	Ordu	TR
Topçam	40.6166	37.7706	0	Ordu	TR
Tekkiraz	40.9859	37.1603	0	Ordu	TR
Tekke	40.7156	36.1925	0	Amasya	TR
Teke	41.0605	29.6538	0	Istanbul	TR
Sarıgöl	40.9475	41.4948	0	Artvin	TR
Taflan	41.4094	36.1289	0	Samsun	TR
Susuzmüsellim	41.0989	27.0675	0	Tekirdağ	TR
Süloğlu	41.7690	26.9100	0	Edirne	TR
Söğütpınar	40.3379	28.6495	0	Bursa Province	TR
Söğütalan	40.0609	28.5723	0	Bursa Province	TR
Sırpsındığı	41.7812	26.4789	0	Edirne	TR
Sinekli	41.2280	28.1904	0	Istanbul	TR
Şeyhli	40.9219	36.0633	0	Samsun	TR
Seydim	40.5430	34.7381	0	Çorum	TR
Şevketiye	40.0935	27.8467	0	Balıkesir	TR
Sergen	41.7053	27.7083	0	Kırklareli	TR
Şerefiye	40.1120	37.7562	0	Sivas	TR
Serdivan	40.7738	30.3801	0	Sakarya	TR
Şenpazar	41.8089	33.2313	0	Kastamonu	TR
Şarköy	40.6140	27.1156	0	Tekirdağ	TR
Sarıköy	40.2075	27.5961	0	Balıkesir	TR
Saraydüzü	41.3287	34.8469	0	Sinop	TR
Saraycık	40.9502	35.1116	0	Amasya	TR
Saray	41.4425	27.9206	0	Tekirdağ	TR
Samandıra	40.9990	29.2257	0	Istanbul	TR
Şahin	41.0217	26.8425	0	Tekirdağ	TR
Reşadiye	40.3919	37.3375	0	Tokat Province	TR
Pursaklar	40.0320	32.8953	0	Ankara	TR
Piraziz	40.9518	38.1240	0	Giresun	TR
Pendik	40.8775	29.2725	0	Istanbul	TR
Peçenek	40.4186	32.3083	0	Ankara	TR
Pazar	41.1802	40.8866	0	Rize Province	TR
Ovacuma	41.4485	32.7536	0	Karabük Province	TR
Ovacık	41.0766	32.9199	0	Karabük Province	TR
Yenikonak	41.8732	34.6031	0	Sinop	TR
Ortaköy	41.2510	41.9836	0	Artvin	TR
Hemşin	41.0478	40.8984	0	Rize Province	TR
Ortakent	40.3937	38.0103	0	Sivas	TR
Ortaköy	40.2735	35.2518	0	Çorum	TR
Ormanlı	41.1647	31.6142	0	Zonguldak Province	TR
Muratlı	41.4740	41.7065	0	Artvin	TR
Muratlı	41.1722	27.4992	0	Tekirdağ	TR
Mengen	40.9388	32.0764	0	Bolu	TR
Mecidiye	40.6389	26.5392	0	Edirne	TR
Mahmutbey	41.0536	28.8256	0	Istanbul	TR
Kuzyaka	41.2320	33.7227	0	Kastamonu	TR
Küçükdere	40.8075	40.0551	0	Trabzon	TR
Kozlu	41.4319	31.7458	0	Zonguldak Province	TR
Kozlu	40.6088	36.4786	0	Tokat Province	TR
Kozcağız	41.4833	32.3333	0	Bartın	TR
Kovanlık	40.7548	38.1116	0	Giresun	TR
Kötek	40.2185	43.0022	0	Kars Province	TR
Konuralp	40.9054	31.1457	0	Düzce	TR
Kolay	41.4182	35.8014	0	Samsun	TR
Saltukova	41.5202	32.0962	0	Zonguldak Province	TR
Kıyıköy	41.6337	28.0948	0	Kırklareli	TR
Kışlaköy	40.3235	42.0223	0	Erzurum	TR
Kırcasalih	41.3902	26.7950	0	Edirne	TR
Dikmen	41.6500	35.2667	0	Sinop	TR
Kırbaşı	40.0138	31.8320	0	Ankara	TR
Kilimli	41.4911	31.8386	0	Zonguldak Province	TR
Kılıçkaya	40.7047	41.4738	0	Artvin	TR
Kemerburgaz	41.1590	28.9157	0	Istanbul	TR
Kaymas	40.9231	30.2660	0	Kocaeli	TR
Beycuma	41.3281	31.9681	0	Zonguldak Province	TR
Kargı	41.1337	34.4874	0	Çorum	TR
Karayaka	40.7440	36.5902	0	Tokat Province	TR
Karaurgan	40.2396	42.2728	0	Kars Province	TR
Oğuzlar	40.7535	34.7028	0	Çorum	TR
Karakurt	40.1659	42.6045	0	Kars Province	TR
Karadere	40.7317	30.8399	0	Sakarya	TR
Karacaköy	41.1513	29.7693	0	Istanbul	TR
Karabulduk	40.8204	38.5494	0	Giresun	TR
Karabiga	40.4036	27.3039	0	Canakkale	TR
Kaptanpaşa	40.9607	40.7824	0	Rize Province	TR
Kapaklı	41.3291	27.9806	0	Tekirdağ	TR
Kâmil	41.1036	34.7630	0	Çorum	TR
Kale	40.3869	39.6833	0	Gümüşhane Province	TR
Evreşe	40.6659	26.8836	0	Canakkale	TR
Kabalı	41.8521	35.0625	0	Sinop	TR
İntepe	40.0133	26.3329	0	Canakkale	TR
Boyalı	41.0271	33.3041	0	Kastamonu	TR
İnecik	40.9352	27.2812	0	Tekirdağ	TR
İnece	41.6745	27.0680	0	Kırklareli	TR
İkizören	40.6883	33.8833	0	Çankırı	TR
İkizdere	40.7748	40.5523	0	Rize Province	TR
İğneada	41.8744	27.9839	0	Kırklareli	TR
İğdir	41.2262	33.1370	0	Kastamonu	TR
İğdir	40.2663	35.6264	0	Tokat Province	TR
İbriktepe	41.0104	26.5034	0	Edirne	TR
Filyos	41.5538	32.0239	0	Zonguldak Province	TR
Hereke	40.7861	29.6147	0	Kocaeli	TR
Güzelkent	41.9484	34.3945	0	Sinop	TR
Hasköy	41.6413	26.8588	0	Edirne	TR
Hasköy	40.9929	42.8842	0	Ardahan	TR
Hasayaz	40.2407	33.3280	0	Ankara	TR
Hamidiye	41.1513	26.6641	0	Edirne	TR
Hamamözü	40.7848	35.0258	0	Amasya	TR
Perşembe	41.4187	32.1598	0	Zonguldak Province	TR
Hacıhamza	41.0743	34.4490	0	Çorum	TR
Dokurcun	40.5732	30.8678	0	Sakarya	TR
Çayırova	40.8344	29.4000	0	Kocaeli	TR
Kırık	40.3279	40.9186	0	Erzurum	TR
Güneyce	40.8210	40.4704	0	Rize Province	TR
Gündoğdu	41.0532	40.6066	0	Rize Province	TR
Gümüşova	40.8469	30.9411	0	Düzce	TR
Gümüşçay	40.2823	27.2821	0	Canakkale	TR
Gümüş	40.8402	35.1720	0	Amasya	TR
Akkaya	41.2191	33.4849	0	Kastamonu	TR
Gölyaka	40.7769	30.9959	0	Düzce	TR
Kömürlü	40.7354	42.2882	0	Erzurum	TR
Gölköy	40.6869	37.6154	0	Ordu	TR
Gökdere	40.4729	36.7525	0	Tokat Province	TR
Gökçeli	40.5833	36.7333	0	Tokat Province	TR
Gökçesu	40.8939	31.9596	0	Bolu	TR
Gökçekent	40.2864	38.1177	0	Sivas	TR
Göbel	40.0197	28.1456	0	Balıkesir	TR
Çiftlik	40.0723	42.2562	0	Erzurum	TR
Gediksaray	40.4453	35.6263	0	Amasya	TR
Gaziler	40.4215	42.3480	0	Erzurum	TR
Gaziler	40.0812	43.4519	0	Iğdır	TR
Fındıklı	41.2690	41.1400	0	Rize Province	TR
Eymir	40.0193	35.2079	0	Yozgat	TR
Eskipazar	40.9430	32.5309	0	Karabük Province	TR
Esiroğlu	40.8733	39.6883	0	Trabzon	TR
Esençay	40.6681	36.3803	0	Amasya	TR
Erenler	40.7550	30.3934	0	Sakarya	TR
Edincik	40.3423	27.8613	0	Balıkesir	TR
Dumlu	40.0586	41.3565	0	Erzurum	TR
Dökmetepe	40.3122	36.2918	0	Tokat Province	TR
Doğruyol	40.9799	43.4710	0	Kars Province	TR
Doğanyurt	40.6881	36.7164	0	Tokat Province	TR
Doğançay	40.6265	30.3356	0	Sakarya	TR
Dodurga	40.8549	34.8070	0	Çorum	TR
Digor	40.3690	43.4100	0	Kars Province	TR
Destek	40.8467	36.1831	0	Amasya	TR
Derepazarı	41.0240	40.4233	0	Rize Province	TR
Dereköy	41.9301	27.3705	0	Kırklareli	TR
Derecik	40.9459	39.5940	0	Trabzon	TR
Büyükderbent	40.7075	30.1143	0	Kocaeli	TR
Değirmendere	40.7200	29.7808	0	Kocaeli	TR
Darıca	40.7797	29.3945	0	Kocaeli	TR
Darıca	40.0206	27.8637	0	Balıkesir	TR
Dambaslar	41.2242	27.2481	0	Tekirdağ	TR
Dağbaşı	40.7276	39.9118	0	Trabzon	TR
Çöpköy	41.2197	26.8228	0	Edirne	TR
Çırçır	40.0550	36.7750	0	Sivas	TR
Çilimli	40.8936	31.0492	0	Düzce	TR
Çıldır	41.1253	43.1365	0	Ardahan	TR
Çerçiler	41.3945	35.2366	0	Sinop	TR
Cemilbey	40.3453	35.0514	0	Çorum	TR
Çekmeköy	41.0412	29.1784	0	Istanbul	TR
Çaybaşı	41.0171	37.0980	0	Ordu	TR
Çarşıbaşı	41.0828	39.3828	0	Trabzon	TR
Çandır	40.2572	33.4687	0	Ankara	TR
Çanakçı	40.9114	38.9881	0	Giresun	TR
Çamoluk	40.1273	38.7301	0	Giresun	TR
Çamlıkaya	40.6391	41.1522	0	Erzurum	TR
Çamlıhemşin	41.0476	41.0000	0	Rize Province	TR
Çamlıbel	40.0864	36.4772	0	Tokat Province	TR
Çağlayan	40.9002	39.7123	0	Trabzon	TR
Çalı	40.1686	28.9208	0	Bursa Province	TR
Çakıralan	41.1682	35.7602	0	Samsun	TR
Büyükköy	41.0149	40.6730	0	Rize Province	TR
Büyükkarıştıran	41.3003	27.5430	0	Kırklareli	TR
Sarıcakaya	40.0369	30.6268	0	Eskişehir	TR
Buğdaylı	40.2189	27.7706	0	Balıkesir	TR
Bolaman	41.0344	37.5941	0	Ordu	TR
Boğazkale	40.0219	34.6095	0	Çorum	TR
Boğazkaya	41.4500	35.8667	0	Samsun	TR
Beyçayırı	40.2552	26.9244	0	Canakkale	TR
Beyazköy	41.3483	27.7039	0	Tekirdağ	TR
Bereketli	40.5127	37.2886	0	Tokat Province	TR
Belören	40.8616	33.4956	0	Çankırı	TR
Başgedikler	40.6407	43.5218	0	Kars Province	TR
Banarlı	41.0670	27.3358	0	Tekirdağ	TR
Ondokuzmayıs	41.5011	36.0689	0	Samsun	TR
Ballı	40.8303	27.0555	0	Tekirdağ	TR
Balıklıçeşme	40.3103	27.0817	0	Canakkale	TR
Aydınca	40.5697	36.1392	0	Amasya	TR
Aybastı	40.6867	37.3992	0	Ordu	TR
Aşağı Irmaklar	41.1803	42.1815	0	Artvin	TR
Armutlu	40.5194	28.8281	0	Yalova	TR
Arifiye	40.7004	30.3508	0	Sakarya	TR
Çamiçi	40.6181	37.0017	0	Tokat Province	TR
Alaçam	41.6056	35.5981	0	Samsun	TR
Akyaka	40.7409	43.6143	0	Kars Province	TR
Akşar	40.6465	42.3391	0	Erzurum	TR
Aksakal	40.1472	28.1068	0	Balıkesir	TR
Mollafeneri	40.8861	29.4944	0	Kocaeli	TR
Akmeşe	40.8493	30.1982	0	Kocaeli	TR
Akdağ	40.7124	35.9761	0	Amasya	TR
Ağlı	41.6860	33.5538	0	Kastamonu	TR
Karatay	37.8673	32.5286	0	Konya	TR
Battalgazi	38.4229	38.3585	0	Malatya	TR
Güce	40.8932	38.7982	0	Giresun	TR
Çatalpınar	40.8790	37.4535	0	Ordu	TR
Şehitkamil	37.0796	37.3800	0	Gaziantep	TR
Şahinbey	37.0484	37.3437	0	Gaziantep	TR
Kamışlı	37.5552	34.9472	0	Adana	TR
Çayırkent	41.1713	36.3288	0	Samsun	TR
Salıpazarı	41.0840	36.8304	0	Samsun	TR
Ortaköy	40.9731	30.6769	0	Sakarya	TR
Polateli	36.8414	37.1441	0	Kilis	TR
Ovacık	36.1703	33.5567	0	Mersin	TR
Kazımpaşa	40.7916	30.2950	0	Sakarya	TR
Akçaova	41.0380	29.9510	0	Kocaeli	TR
Termal	40.6074	29.1731	0	Yalova	TR
Yıldırım	40.1885	29.1097	0	Bursa Province	TR
Osmangazi	40.1967	29.0593	0	Bursa Province	TR
Büyükorhan	39.7710	28.8861	0	Bursa Province	TR
Akçasır	38.4472	41.2651	0	Diyarbakır Province	TR
Taşburun	39.9861	44.2236	0	Iğdır	TR
Bağlar	37.9138	40.2058	0	Diyarbakır Province	TR
Sur	37.9135	40.2286	0	Diyarbakır Province	TR
Yenişehir	37.9415	40.1380	0	Diyarbakır Province	TR
Palandöken	39.8890	41.2805	0	Erzurum	TR
Kazımkarabekir	39.9160	41.2814	0	Erzurum	TR
Yakutiye	39.8982	41.2692	0	Erzurum	TR
Tepebaşı	39.8109	30.5255	0	Eskişehir	TR
Odunpazarı	39.7682	30.5354	0	Eskişehir	TR
Pamukkale	37.7912	29.1014	0	Denizli	TR
Çaybağı	38.8285	39.6106	0	Tunceli	TR
Merkez	40.1295	26.4208	0	Canakkale	TR
İlkadım	41.2873	36.2905	0	Samsun	TR
Kepez	36.9158	30.7078	0	Antalya	TR
Ümraniye	41.0329	29.1014	0	Istanbul	TR
Altınordu	40.9840	37.8735	0	Ordu	TR
Kürecik	38.3368	37.7414	0	Kahramanmaraş	TR
Doğruyol	41.0617	43.3341	0	Ardahan	TR
Kartepe	40.7522	30.0235	0	Kocaeli	TR
Tanyeri	39.6016	39.8968	0	Erzincan	TR
Karaköy	39.1157	41.6370	0	Muş	TR
Velykomikhailivka	47.9670	36.4709	0	Dnipropetrovsk	UA
Tiahynka	46.7809	33.0559	0	Kherson	UA
Stepne	47.7974	35.3064	0	Zaporizhzhia	UA
Staromlynivka	47.6969	36.8270	0	Donetsk	UA
Vakulove	47.8983	33.9333	0	Dnipropetrovsk	UA
Smyrnove	47.2203	36.5411	0	Zaporizhzhia	UA
Shyroke	47.9117	34.9032	0	Zaporizhzhia	UA
Matviivka	47.9053	35.3022	0	Zaporizhzhia	UA
Pavlivske	47.9447	35.4597	0	Zaporizhzhia	UA
Novoraisk	47.0101	33.4821	0	Kherson	UA
Novooleksandrivka	47.7519	35.3674	0	Zaporizhzhia	UA
Novooleksandrivka	47.2646	33.8762	0	Kherson	UA
Mykhailivka	47.9537	35.2570	0	Zaporizhzhia	UA
Mykhailo-Lukasheve	47.9549	35.5909	0	Zaporizhzhia	UA
Kochubeivka	47.4960	33.2110	0	Kherson	UA
Ketrysanivka	47.9087	32.1731	0	Kirovohrad	UA
Dolynske	47.7872	34.9426	0	Zaporizhzhia	UA
Darivka	46.7499	32.7895	0	Kherson	UA
Zelenyi Pid	46.6781	33.7829	0	Kherson	UA
Borozenske	47.1771	33.4204	0	Kherson	UA
Berestove	47.1415	36.8036	0	Zaporizhzhia	UA
Novolativka	47.7596	33.2401	0	Dnipropetrovsk	UA
Mozolevske	47.7555	34.3843	0	Dnipropetrovsk	UA
Novopillia	47.9556	33.5277	0	Dnipropetrovsk	UA
